{
  "type": "FeatureCollection",
  "features": [
    {
      "type": "Feature",
      "geometry": {
        "type": "Point",
        "coordinates": [
          -95.9895105,
          36.1588501
        ]
      },
      "properties": {
        "house_number": "301",
        "street_name": "ARCHER—EAST",
        "occupant_name": "Louis Newman",
        "occupant_description": "grocer",
        "race_designation": "",
        "is_rear": "False",
        "canvas_fragment": "https://digitalcollections.tulsalibrary.org/iiif/2/p15020coll12:2857/manifest.json/canvas/299#xywh=176,1066,156,21",
        "norm_addr": "301 Archer, Tulsa, OK"
      }
    },
    {
      "type": "Feature",
      "geometry": {
        "type": "Point",
        "coordinates": [
          -95.9893989,
          36.1589357
        ]
      },
      "properties": {
        "house_number": "303",
        "street_name": "ARCHER—EAST",
        "occupant_name": "J J Bird",
        "occupant_description": "",
        "race_designation": "(c)",
        "is_rear": "False",
        "canvas_fragment": "https://digitalcollections.tulsalibrary.org/iiif/2/p15020coll12:2857/manifest.json/canvas/299#xywh=176,1087,156,22",
        "norm_addr": "303 Archer, Tulsa, OK"
      }
    },
    {
      "type": "Feature",
      "geometry": {
        "type": "Point",
        "coordinates": [
          -95.9893989,
          36.1589357
        ]
      },
      "properties": {
        "house_number": "303",
        "street_name": "ARCHER—EAST",
        "occupant_name": "H A Guess",
        "occupant_description": "lawyer",
        "race_designation": "(c)",
        "is_rear": "False",
        "canvas_fragment": "https://digitalcollections.tulsalibrary.org/iiif/2/p15020coll12:2857/manifest.json/canvas/299#xywh=176,1109,156,21",
        "norm_addr": "303 Archer, Tulsa, OK"
      }
    },
    {
      "type": "Feature",
      "geometry": {
        "type": "Point",
        "coordinates": [
          -95.989301,
          36.159016
        ]
      },
      "properties": {
        "house_number": "305",
        "street_name": "ARCHER—EAST",
        "occupant_name": "Charles Allan",
        "occupant_description": "tailor",
        "race_designation": "(c)",
        "is_rear": "False",
        "canvas_fragment": "https://digitalcollections.tulsalibrary.org/iiif/2/p15020coll12:2857/manifest.json/canvas/299#xywh=176,1121,157,23",
        "norm_addr": "305 Archer, Tulsa, OK"
      }
    },
    {
      "type": "Feature",
      "geometry": {
        "type": "Point",
        "coordinates": [
          -95.989022,
          36.1587698
        ]
      },
      "properties": {
        "house_number": "307",
        "street_name": "ARCHER—EAST",
        "occupant_name": "Wm Welch",
        "occupant_description": "",
        "race_designation": "(c)",
        "is_rear": "False",
        "canvas_fragment": "https://digitalcollections.tulsalibrary.org/iiif/2/p15020coll12:2857/manifest.json/canvas/299#xywh=176,1138,178,21",
        "norm_addr": "307 Archer, Tulsa, OK"
      }
    },
    {
      "type": "Feature",
      "geometry": {
        "type": "Point",
        "coordinates": [
          -95.9887648,
          36.1588594
        ]
      },
      "properties": {
        "house_number": "311",
        "street_name": "ARCHER—EAST",
        "occupant_name": "George Williams",
        "occupant_description": "",
        "race_designation": "(c)",
        "is_rear": "False",
        "canvas_fragment": "https://digitalcollections.tulsalibrary.org/iiif/2/p15020coll12:2857/manifest.json/canvas/299#xywh=176,1159,178,20",
        "norm_addr": "311 Archer, Tulsa, OK"
      }
    },
    {
      "type": "Feature",
      "geometry": {
        "type": "Point",
        "coordinates": [
          -95.989022,
          36.1587698
        ]
      },
      "properties": {
        "house_number": "312",
        "street_name": "ARCHER—EAST",
        "occupant_name": "G W Hutchins",
        "occupant_description": "lawyer",
        "race_designation": "(c)",
        "is_rear": "False",
        "canvas_fragment": "https://digitalcollections.tulsalibrary.org/iiif/2/p15020coll12:2857/manifest.json/canvas/299#xywh=176,1179,178,21",
        "norm_addr": "312 Archer, Tulsa, OK"
      }
    },
    {
      "type": "Feature",
      "geometry": {
        "type": "Point",
        "coordinates": [
          -95.989022,
          36.1587698
        ]
      },
      "properties": {
        "house_number": "312 1/2",
        "street_name": "ARCHER—EAST",
        "occupant_name": "Leonard Harris",
        "occupant_description": "restaurant",
        "race_designation": "(c)",
        "is_rear": "False",
        "canvas_fragment": "https://digitalcollections.tulsalibrary.org/iiif/2/p15020coll12:2857/manifest.json/canvas/299#xywh=173,1185,206,22",
        "norm_addr": "312 1/2 Archer, Tulsa, OK"
      }
    },
    {
      "type": "Feature",
      "geometry": {
        "type": "Point",
        "coordinates": [
          -95.9887648,
          36.1588594
        ]
      },
      "properties": {
        "house_number": "314 1/2",
        "street_name": "ARCHER—EAST",
        "occupant_name": "E W Clark",
        "occupant_description": "tailor",
        "race_designation": "(c)",
        "is_rear": "False",
        "canvas_fragment": "https://digitalcollections.tulsalibrary.org/iiif/2/p15020coll12:2857/manifest.json/canvas/299#xywh=173,1207,206,22",
        "norm_addr": "314 1/2 Archer, Tulsa, OK"
      }
    },
    {
      "type": "Feature",
      "geometry": {
        "type": "Point",
        "coordinates": [
          -95.9889033,
          36.1591911
        ]
      },
      "properties": {
        "house_number": "315",
        "street_name": "ARCHER—EAST",
        "occupant_name": "Harvey Young Oil Co",
        "occupant_description": "",
        "race_designation": "",
        "is_rear": "False",
        "canvas_fragment": "https://digitalcollections.tulsalibrary.org/iiif/2/p15020coll12:2857/manifest.json/canvas/299#xywh=173,1229,206,24",
        "norm_addr": "315 Archer, Tulsa, OK"
      }
    },
    {
      "type": "Feature",
      "geometry": {
        "type": "Point",
        "coordinates": [
          -95.9884181,
          36.1589802
        ]
      },
      "properties": {
        "house_number": "401",
        "street_name": "ARCHER—EAST",
        "occupant_name": "B F Smith",
        "occupant_description": "phys",
        "race_designation": "(c)",
        "is_rear": "False",
        "canvas_fragment": "https://digitalcollections.tulsalibrary.org/iiif/2/p15020coll12:2857/manifest.json/canvas/299#xywh=141,1375,20,18",
        "norm_addr": "401 Archer, Tulsa, OK"
      }
    },
    {
      "type": "Feature",
      "geometry": {
        "type": "Point",
        "coordinates": [
          -95.9881561,
          36.1593152
        ]
      },
      "properties": {
        "house_number": "419",
        "street_name": "ARCHER—EAST",
        "occupant_name": "John Martimes",
        "occupant_description": "restaurant",
        "race_designation": "(c)",
        "is_rear": "False",
        "canvas_fragment": "https://digitalcollections.tulsalibrary.org/iiif/2/p15020coll12:2857/manifest.json/canvas/299#xywh=180,1480,189,19",
        "norm_addr": "419 Archer, Tulsa, OK"
      }
    },
    {
      "type": "Feature",
      "geometry": {
        "type": "Point",
        "coordinates": [
          -95.9881148,
          36.1593299
        ]
      },
      "properties": {
        "house_number": "421",
        "street_name": "ARCHER—EAST",
        "occupant_name": "Grace Johnson",
        "occupant_description": "restaurant",
        "race_designation": "(c)",
        "is_rear": "False",
        "canvas_fragment": "https://digitalcollections.tulsalibrary.org/iiif/2/p15020coll12:2857/manifest.json/canvas/299#xywh=180,1515,122,20",
        "norm_addr": "421 Archer, Tulsa, OK"
      }
    },
    {
      "type": "Feature",
      "geometry": {
        "type": "Point",
        "coordinates": [
          -95.9879493,
          36.1593885
        ]
      },
      "properties": {
        "house_number": "429",
        "street_name": "ARCHER—EAST",
        "occupant_name": "Public Library",
        "occupant_description": "",
        "race_designation": "(c)",
        "is_rear": "False",
        "canvas_fragment": "https://digitalcollections.tulsalibrary.org/iiif/2/p15020coll12:2857/manifest.json/canvas/299#xywh=141,1517,21,18",
        "norm_addr": "429 Archer, Tulsa, OK"
      }
    },
    {
      "type": "Feature",
      "geometry": {
        "type": "Point",
        "coordinates": [
          -95.986981,
          36.1597682
        ]
      },
      "properties": {
        "house_number": "503",
        "street_name": "ARCHER—EAST",
        "occupant_name": "Edward Durham",
        "occupant_description": "furn rms",
        "race_designation": "(c)",
        "is_rear": "False",
        "canvas_fragment": "https://digitalcollections.tulsalibrary.org/iiif/2/p15020coll12:2857/manifest.json/canvas/299#xywh=181,1604,190,20",
        "norm_addr": "503 Archer, Tulsa, OK"
      }
    },
    {
      "type": "Feature",
      "geometry": {
        "type": "Point",
        "coordinates": [
          -95.9866591,
          36.1595999
        ]
      },
      "properties": {
        "house_number": "514",
        "street_name": "ARCHER—EAST",
        "occupant_name": "Oklahoma Laundry Co",
        "occupant_description": "",
        "race_designation": "",
        "is_rear": "False",
        "canvas_fragment": "https://digitalcollections.tulsalibrary.org/iiif/2/p15020coll12:2857/manifest.json/canvas/299#xywh=142,1606,21,19",
        "norm_addr": "514 Archer, Tulsa, OK"
      }
    },
    {
      "type": "Feature",
      "geometry": {
        "type": "Point",
        "coordinates": [
          -95.986644,
          36.1596051
        ]
      },
      "properties": {
        "house_number": "518",
        "street_name": "ARCHER—EAST",
        "occupant_name": "J L Grier",
        "occupant_description": "shoemkr",
        "race_designation": "(c)",
        "is_rear": "False",
        "canvas_fragment": "https://digitalcollections.tulsalibrary.org/iiif/2/p15020coll12:2857/manifest.json/canvas/299",
        "norm_addr": "518 Archer, Tulsa, OK"
      }
    },
    {
      "type": "Feature",
      "geometry": {
        "type": "Point",
        "coordinates": [
          -95.9856885,
          36.1599431
        ]
      },
      "properties": {
        "house_number": "607",
        "street_name": "ARCHER—EAST",
        "occupant_name": "G W Lewis",
        "occupant_description": "",
        "race_designation": "(c)",
        "is_rear": "False",
        "canvas_fragment": "https://digitalcollections.tulsalibrary.org/iiif/2/p15020coll12:2857/manifest.json/canvas/299",
        "norm_addr": "607 Archer, Tulsa, OK"
      }
    },
    {
      "type": "Feature",
      "geometry": {
        "type": "Point",
        "coordinates": [
          -95.9855054,
          36.1600018
        ]
      },
      "properties": {
        "house_number": "611",
        "street_name": "ARCHER—EAST",
        "occupant_name": "F C Smith",
        "occupant_description": "",
        "race_designation": "(c)",
        "is_rear": "False",
        "canvas_fragment": "https://digitalcollections.tulsalibrary.org/iiif/2/p15020coll12:2857/manifest.json/canvas/299",
        "norm_addr": "611 Archer, Tulsa, OK"
      }
    },
    {
      "type": "Feature",
      "geometry": {
        "type": "Point",
        "coordinates": [
          -95.9855054,
          36.1600018
        ]
      },
      "properties": {
        "house_number": "613",
        "street_name": "ARCHER—EAST",
        "occupant_name": "Mrs Dora Wells",
        "occupant_description": "dressmkr",
        "race_designation": "(c)",
        "is_rear": "False",
        "canvas_fragment": "https://digitalcollections.tulsalibrary.org/iiif/2/p15020coll12:2857/manifest.json/canvas/299",
        "norm_addr": "613 Archer, Tulsa, OK"
      }
    },
    {
      "type": "Feature",
      "geometry": {
        "type": "Point",
        "coordinates": [
          -95.9851742,
          36.1601113
        ]
      },
      "properties": {
        "house_number": "614",
        "street_name": "ARCHER—EAST",
        "occupant_name": "L T Brown",
        "occupant_description": "",
        "race_designation": "(c)",
        "is_rear": "False",
        "canvas_fragment": "https://digitalcollections.tulsalibrary.org/iiif/2/p15020coll12:2857/manifest.json/canvas/299",
        "norm_addr": "614 Archer, Tulsa, OK"
      }
    },
    {
      "type": "Feature",
      "geometry": {
        "type": "Point",
        "coordinates": [
          -95.9851742,
          36.1601113
        ]
      },
      "properties": {
        "house_number": "614",
        "street_name": "ARCHER—EAST",
        "occupant_name": "East End Garage",
        "occupant_description": "",
        "race_designation": "(c)",
        "is_rear": "False",
        "canvas_fragment": "https://digitalcollections.tulsalibrary.org/iiif/2/p15020coll12:2857/manifest.json/canvas/299",
        "norm_addr": "614 Archer, Tulsa, OK"
      }
    },
    {
      "type": "Feature",
      "geometry": {
        "type": "Point",
        "coordinates": [
          -95.9851742,
          36.1601113
        ]
      },
      "properties": {
        "house_number": "614",
        "street_name": "ARCHER—EAST",
        "occupant_name": "J W Williams",
        "occupant_description": "garage",
        "race_designation": "(c)",
        "is_rear": "False",
        "canvas_fragment": "https://digitalcollections.tulsalibrary.org/iiif/2/p15020coll12:2857/manifest.json/canvas/299",
        "norm_addr": "614 Archer, Tulsa, OK"
      }
    },
    {
      "type": "Feature",
      "geometry": {
        "type": "Point",
        "coordinates": [
          -95.9853189,
          36.1600619
        ]
      },
      "properties": {
        "house_number": "615",
        "street_name": "ARCHER—EAST",
        "occupant_name": "Mrs Ada Thomas",
        "occupant_description": "",
        "race_designation": "(c)",
        "is_rear": "False",
        "canvas_fragment": "https://digitalcollections.tulsalibrary.org/iiif/2/p15020coll12:2857/manifest.json/canvas/299",
        "norm_addr": "615 Archer, Tulsa, OK"
      }
    },
    {
      "type": "Feature",
      "geometry": {
        "type": "Point",
        "coordinates": [
          -95.9851742,
          36.1601113
        ]
      },
      "properties": {
        "house_number": "616",
        "street_name": "ARCHER—EAST",
        "occupant_name": "A F Smith",
        "occupant_description": "furn rms",
        "race_designation": "(c)",
        "is_rear": "False",
        "canvas_fragment": "https://digitalcollections.tulsalibrary.org/iiif/2/p15020coll12:2857/manifest.json/canvas/299",
        "norm_addr": "616 Archer, Tulsa, OK"
      }
    },
    {
      "type": "Feature",
      "geometry": {
        "type": "Point",
        "coordinates": [
          -95.9851742,
          36.1601113
        ]
      },
      "properties": {
        "house_number": "616",
        "street_name": "ARCHER—EAST",
        "occupant_name": "Lcretta Williams",
        "occupant_description": "furn rms",
        "race_designation": "(c)",
        "is_rear": "False",
        "canvas_fragment": "https://digitalcollections.tulsalibrary.org/iiif/2/p15020coll12:2857/manifest.json/canvas/299",
        "norm_addr": "616 Archer, Tulsa, OK"
      }
    },
    {
      "type": "Feature",
      "geometry": {
        "type": "Point",
        "coordinates": [
          -95.9852598,
          36.1601747
        ]
      },
      "properties": {
        "house_number": "617",
        "street_name": "ARCHER—EAST",
        "occupant_name": "F F Jones",
        "occupant_description": "",
        "race_designation": "(c)",
        "is_rear": "False",
        "canvas_fragment": "https://digitalcollections.tulsalibrary.org/iiif/2/p15020coll12:2857/manifest.json/canvas/299",
        "norm_addr": "617 Archer, Tulsa, OK"
      }
    },
    {
      "type": "Feature",
      "geometry": {
        "type": "Point",
        "coordinates": [
          -95.9852598,
          36.1601747
        ]
      },
      "properties": {
        "house_number": "617",
        "street_name": "ARCHER—EAST",
        "occupant_name": "R R Robinson",
        "occupant_description": "phys",
        "race_designation": "(c)",
        "is_rear": "False",
        "canvas_fragment": "https://digitalcollections.tulsalibrary.org/iiif/2/p15020coll12:2857/manifest.json/canvas/299",
        "norm_addr": "617 Archer, Tulsa, OK"
      }
    },
    {
      "type": "Feature",
      "geometry": {
        "type": "Point",
        "coordinates": [
          -95.985258,
          36.1601752
        ]
      },
      "properties": {
        "house_number": "619",
        "street_name": "ARCHER—EAST",
        "occupant_name": "Bud Cavitt",
        "occupant_description": "",
        "race_designation": "(c)",
        "is_rear": "False",
        "canvas_fragment": "https://digitalcollections.tulsalibrary.org/iiif/2/p15020coll12:2857/manifest.json/canvas/299",
        "norm_addr": "619 Archer, Tulsa, OK"
      }
    },
    {
      "type": "Feature",
      "geometry": {
        "type": "Point",
        "coordinates": [
          -95.9869632,
          36.1597743
        ]
      },
      "properties": {
        "house_number": "505",
        "street_name": "ARCHER—WEST",
        "occupant_name": "D R Roland",
        "occupant_description": "furn rms",
        "race_designation": "(c)",
        "is_rear": "False",
        "canvas_fragment": "https://digitalcollections.tulsalibrary.org/iiif/2/p15020coll12:2857/manifest.json/canvas/299",
        "norm_addr": "505 Archer, Tulsa, OK"
      }
    },
    {
      "type": "Feature",
      "geometry": {
        "type": "Point",
        "coordinates": [
          -95.9868413,
          36.1598187
        ]
      },
      "properties": {
        "house_number": "513",
        "street_name": "ARCHER—WEST",
        "occupant_name": "Edward Kerne",
        "occupant_description": "shoe shiner",
        "race_designation": "(c)",
        "is_rear": "False",
        "canvas_fragment": "https://digitalcollections.tulsalibrary.org/iiif/2/p15020coll12:2857/manifest.json/canvas/299",
        "norm_addr": "513 Archer, Tulsa, OK"
      }
    },
    {
      "type": "Feature",
      "geometry": {
        "type": "Point",
        "coordinates": [
          -95.9904931,
          36.1584825
        ]
      },
      "properties": {
        "house_number": "209",
        "street_name": "ARCHER—EAST",
        "occupant_name": "W R Doyle",
        "occupant_description": "blksmith",
        "race_designation": "",
        "is_rear": "False",
        "canvas_fragment": "https://digitalcollections.tulsalibrary.org/iiif/2/p15020coll12:2857/manifest.json/canvas/299#xywh=734,268,135,31",
        "norm_addr": "209 Archer, Tulsa, OK"
      }
    },
    {
      "type": "Feature",
      "geometry": {
        "type": "Point",
        "coordinates": [
          -95.9902825,
          36.1587239
        ]
      },
      "properties": {
        "house_number": "213",
        "street_name": "ARCHER—EAST",
        "occupant_name": "Eastern Torpedo Co",
        "occupant_description": "",
        "race_designation": "",
        "is_rear": "False",
        "canvas_fragment": "https://digitalcollections.tulsalibrary.org/iiif/2/p15020coll12:2857/manifest.json/canvas/299#xywh=731,302,179,23",
        "norm_addr": "213 Archer, Tulsa, OK"
      }
    },
    {
      "type": "Feature",
      "geometry": {
        "type": "Point",
        "coordinates": [
          -95.9900875,
          36.1585395
        ]
      },
      "properties": {
        "house_number": "217",
        "street_name": "ARCHER—EAST",
        "occupant_name": "Dean & Stevens",
        "occupant_description": "tinners",
        "race_designation": "",
        "is_rear": "False",
        "canvas_fragment": "https://digitalcollections.tulsalibrary.org/iiif/2/p15020coll12:2857/manifest.json/canvas/299#xywh=731,325,179,24",
        "norm_addr": "217 Archer, Tulsa, OK"
      }
    },
    {
      "type": "Feature",
      "geometry": {
        "type": "Point",
        "coordinates": [
          -95.9899281,
          36.1587105
        ]
      },
      "properties": {
        "house_number": "223",
        "street_name": "ARCHER—EAST",
        "occupant_name": "E L Lorrance",
        "occupant_description": "",
        "race_designation": "",
        "is_rear": "False",
        "canvas_fragment": "https://digitalcollections.tulsalibrary.org/iiif/2/p15020coll12:2857/manifest.json/canvas/299#xywh=732,359,91,24",
        "norm_addr": "223 Archer, Tulsa, OK"
      }
    },
    {
      "type": "Feature",
      "geometry": {
        "type": "Point",
        "coordinates": [
          -95.9899281,
          36.1587105
        ]
      },
      "properties": {
        "house_number": "223",
        "street_name": "ARCHER—EAST",
        "occupant_name": "Bettie Milham",
        "occupant_description": "",
        "race_designation": "",
        "is_rear": "False",
        "canvas_fragment": "https://digitalcollections.tulsalibrary.org/iiif/2/p15020coll12:2857/manifest.json/canvas/299#xywh=732,379,92,19",
        "norm_addr": "223 Archer, Tulsa, OK"
      }
    },
    {
      "type": "Feature",
      "geometry": {
        "type": "Point",
        "coordinates": [
          -95.9899228,
          36.1587124
        ]
      },
      "properties": {
        "house_number": "225",
        "street_name": "ARCHER—EAST",
        "occupant_name": "Abraham Ice",
        "occupant_description": "fruits",
        "race_designation": "",
        "is_rear": "False",
        "canvas_fragment": "https://digitalcollections.tulsalibrary.org/iiif/2/p15020coll12:2857/manifest.json/canvas/299#xywh=731,411,129,28",
        "norm_addr": "225 Archer, Tulsa, OK"
      }
    },
    {
      "type": "Feature",
      "geometry": {
        "type": "Point",
        "coordinates": [
          -95.9889033,
          36.1591911
        ]
      },
      "properties": {
        "house_number": "315",
        "street_name": "ARCHER—EAST",
        "occupant_name": "Rounds & Porter Co",
        "occupant_description": "",
        "race_designation": "",
        "is_rear": "False",
        "canvas_fragment": "https://digitalcollections.tulsalibrary.org/iiif/2/p15020coll12:2857/manifest.json/canvas/299#xywh=730,429,132,22",
        "norm_addr": "315 Archer, Tulsa, OK"
      }
    },
    {
      "type": "Feature",
      "geometry": {
        "type": "Point",
        "coordinates": [
          -95.9881975,
          36.1593006
        ]
      },
      "properties": {
        "house_number": "417",
        "street_name": "ARCHER—EAST",
        "occupant_name": "T E Jacobs",
        "occupant_description": "",
        "race_designation": "",
        "is_rear": "False",
        "canvas_fragment": "https://digitalcollections.tulsalibrary.org/iiif/2/p15020coll12:2857/manifest.json/canvas/299#xywh=730,523,95,19",
        "norm_addr": "417 Archer, Tulsa, OK"
      }
    },
    {
      "type": "Feature",
      "geometry": {
        "type": "Point",
        "coordinates": [
          -95.9881561,
          36.1593152
        ]
      },
      "properties": {
        "house_number": "419",
        "street_name": "ARCHER—EAST",
        "occupant_name": "W M Bassett",
        "occupant_description": "",
        "race_designation": "",
        "is_rear": "False",
        "canvas_fragment": "https://digitalcollections.tulsalibrary.org/iiif/2/p15020coll12:2857/manifest.json/canvas/299#xywh=731,554,86,21",
        "norm_addr": "419 Archer, Tulsa, OK"
      }
    },
    {
      "type": "Feature",
      "geometry": {
        "type": "Point",
        "coordinates": [
          -95.9880734,
          36.1593445
        ]
      },
      "properties": {
        "house_number": "423",
        "street_name": "ARCHER—EAST",
        "occupant_name": "I O Ramey",
        "occupant_description": "",
        "race_designation": "",
        "is_rear": "False",
        "canvas_fragment": "https://digitalcollections.tulsalibrary.org/iiif/2/p15020coll12:2857/manifest.json/canvas/299#xywh=690,609,180,24",
        "norm_addr": "423 Archer, Tulsa, OK"
      }
    },
    {
      "type": "Feature",
      "geometry": {
        "type": "Point",
        "coordinates": [
          -95.986801,
          36.1595471
        ]
      },
      "properties": {
        "house_number": "510",
        "street_name": "ARCHER—EAST",
        "occupant_name": "W H Brewer",
        "occupant_description": "",
        "race_designation": "",
        "is_rear": "False",
        "canvas_fragment": "https://digitalcollections.tulsalibrary.org/iiif/2/p15020coll12:2857/manifest.json/canvas/299#xywh=730,625,84,22",
        "norm_addr": "510 Archer, Tulsa, OK"
      }
    },
    {
      "type": "Feature",
      "geometry": {
        "type": "Point",
        "coordinates": [
          -95.986801,
          36.1595471
        ]
      },
      "properties": {
        "house_number": "510",
        "street_name": "ARCHER—EAST",
        "occupant_name": "Charles Mottinger",
        "occupant_description": "",
        "race_designation": "",
        "is_rear": "False",
        "canvas_fragment": "https://digitalcollections.tulsalibrary.org/iiif/2/p15020coll12:2857/manifest.json/canvas/299#xywh=728,639,119,23",
        "norm_addr": "510 Archer, Tulsa, OK"
      }
    },
    {
      "type": "Feature",
      "geometry": {
        "type": "Point",
        "coordinates": [
          -95.986801,
          36.1595471
        ]
      },
      "properties": {
        "house_number": "510",
        "street_name": "ARCHER—EAST",
        "occupant_name": "C E Wilkins",
        "occupant_description": "",
        "race_designation": "",
        "is_rear": "False",
        "canvas_fragment": "https://digitalcollections.tulsalibrary.org/iiif/2/p15020coll12:2857/manifest.json/canvas/299#xywh=728,662,119,24",
        "norm_addr": "510 Archer, Tulsa, OK"
      }
    },
    {
      "type": "Feature",
      "geometry": {
        "type": "Point",
        "coordinates": [
          -95.9866591,
          36.1595999
        ]
      },
      "properties": {
        "house_number": "512",
        "street_name": "ARCHER—EAST",
        "occupant_name": "Ezora Forman",
        "occupant_description": "grocer",
        "race_designation": "",
        "is_rear": "False",
        "canvas_fragment": "https://digitalcollections.tulsalibrary.org/iiif/2/p15020coll12:2857/manifest.json/canvas/299#xywh=690,673,225,26",
        "norm_addr": "512 Archer, Tulsa, OK"
      }
    },
    {
      "type": "Feature",
      "geometry": {
        "type": "Point",
        "coordinates": [
          -95.9866591,
          36.1595999
        ]
      },
      "properties": {
        "house_number": "514",
        "street_name": "ARCHER—EAST",
        "occupant_name": "Mrs Talithi Gay",
        "occupant_description": "",
        "race_designation": "",
        "is_rear": "False",
        "canvas_fragment": "https://digitalcollections.tulsalibrary.org/iiif/2/p15020coll12:2857/manifest.json/canvas/299#xywh=727,732,106,26",
        "norm_addr": "514 Archer, Tulsa, OK"
      }
    },
    {
      "type": "Feature",
      "geometry": {
        "type": "Point",
        "coordinates": [
          -95.9866515,
          36.1596025
        ]
      },
      "properties": {
        "house_number": "516",
        "street_name": "ARCHER—EAST",
        "occupant_name": "Mrs Effie Olive",
        "occupant_description": "grocer",
        "race_designation": "",
        "is_rear": "False",
        "canvas_fragment": "https://digitalcollections.tulsalibrary.org/iiif/2/p15020coll12:2857/manifest.json/canvas/299#xywh=726,746,150,32",
        "norm_addr": "516 Archer, Tulsa, OK"
      }
    },
    {
      "type": "Feature",
      "geometry": {
        "type": "Point",
        "coordinates": [
          -95.9866511,
          36.1596027
        ]
      },
      "properties": {
        "house_number": "517",
        "street_name": "ARCHER—EAST",
        "occupant_name": "Mrs Jennie Gibson",
        "occupant_description": "",
        "race_designation": "",
        "is_rear": "False",
        "canvas_fragment": "https://digitalcollections.tulsalibrary.org/iiif/2/p15020coll12:2857/manifest.json/canvas/299#xywh=688,765,118,23",
        "norm_addr": "517 Archer, Tulsa, OK"
      }
    },
    {
      "type": "Feature",
      "geometry": {
        "type": "Point",
        "coordinates": [
          -95.986644,
          36.1596051
        ]
      },
      "properties": {
        "house_number": "518",
        "street_name": "ARCHER—EAST",
        "occupant_name": "Mrs Nettie Cumberland",
        "occupant_description": "furn rms",
        "race_designation": "",
        "is_rear": "False",
        "canvas_fragment": "https://digitalcollections.tulsalibrary.org/iiif/2/p15020coll12:2857/manifest.json/canvas/299#xywh=726,801,188,31",
        "norm_addr": "518 Archer, Tulsa, OK"
      }
    },
    {
      "type": "Feature",
      "geometry": {
        "type": "Point",
        "coordinates": [
          -95.986644,
          36.1596051
        ]
      },
      "properties": {
        "house_number": "518",
        "street_name": "ARCHER—EAST",
        "occupant_name": "Campbell James",
        "occupant_description": "",
        "race_designation": "",
        "is_rear": "False",
        "canvas_fragment": "https://digitalcollections.tulsalibrary.org/iiif/2/p15020coll12:2857/manifest.json/canvas/299#xywh=725,847,109,22",
        "norm_addr": "518 Archer, Tulsa, OK"
      }
    },
    {
      "type": "Feature",
      "geometry": {
        "type": "Point",
        "coordinates": [
          -95.986674,
          36.1599024
        ]
      },
      "properties": {
        "house_number": "529",
        "street_name": "ARCHER—EAST",
        "occupant_name": "J H Sherrick",
        "occupant_description": "",
        "race_designation": "",
        "is_rear": "False",
        "canvas_fragment": "https://digitalcollections.tulsalibrary.org/iiif/2/p15020coll12:2857/manifest.json/canvas/299#xywh=725,864,90,22",
        "norm_addr": "529 Archer, Tulsa, OK"
      }
    },
    {
      "type": "Feature",
      "geometry": {
        "type": "Point",
        "coordinates": [
          -95.9855054,
          36.1600018
        ]
      },
      "properties": {
        "house_number": "602",
        "street_name": "ARCHER—EAST",
        "occupant_name": "A L Baker",
        "occupant_description": "",
        "race_designation": "",
        "is_rear": "False",
        "canvas_fragment": "https://digitalcollections.tulsalibrary.org/iiif/2/p15020coll12:2857/manifest.json/canvas/299#xywh=724,902,80,19",
        "norm_addr": "602 Archer, Tulsa, OK"
      }
    },
    {
      "type": "Feature",
      "geometry": {
        "type": "Point",
        "coordinates": [
          -95.9855054,
          36.1600018
        ]
      },
      "properties": {
        "house_number": "602",
        "street_name": "ARCHER—EAST",
        "occupant_name": "Mrs Elizabeth Johnson",
        "occupant_description": "",
        "race_designation": "",
        "is_rear": "False",
        "canvas_fragment": "https://digitalcollections.tulsalibrary.org/iiif/2/p15020coll12:2857/manifest.json/canvas/299#xywh=725,916,151,28",
        "norm_addr": "602 Archer, Tulsa, OK"
      }
    },
    {
      "type": "Feature",
      "geometry": {
        "type": "Point",
        "coordinates": [
          -95.9860648,
          36.1600785
        ]
      },
      "properties": {
        "house_number": "603",
        "street_name": "ARCHER—EAST",
        "occupant_name": "J W Underwood",
        "occupant_description": "",
        "race_designation": "",
        "is_rear": "False",
        "canvas_fragment": "https://digitalcollections.tulsalibrary.org/iiif/2/p15020coll12:2857/manifest.json/canvas/299#xywh=723,930,118,29",
        "norm_addr": "603 Archer, Tulsa, OK"
      }
    },
    {
      "type": "Feature",
      "geometry": {
        "type": "Point",
        "coordinates": [
          -95.9860648,
          36.1600785
        ]
      },
      "properties": {
        "house_number": "603",
        "street_name": "ARCHER—EAST",
        "occupant_name": "Mrs Ruth Underwood",
        "occupant_description": "",
        "race_designation": "",
        "is_rear": "False",
        "canvas_fragment": "https://digitalcollections.tulsalibrary.org/iiif/2/p15020coll12:2857/manifest.json/canvas/299#xywh=724,948,141,32",
        "norm_addr": "603 Archer, Tulsa, OK"
      }
    },
    {
      "type": "Feature",
      "geometry": {
        "type": "Point",
        "coordinates": [
          -95.9855909,
          36.1599767
        ]
      },
      "properties": {
        "house_number": "609",
        "street_name": "ARCHER—EAST",
        "occupant_name": "Segur Stillman",
        "occupant_description": "",
        "race_designation": "",
        "is_rear": "False",
        "canvas_fragment": "https://digitalcollections.tulsalibrary.org/iiif/2/p15020coll12:2857/manifest.json/canvas/299#xywh=725,973,102,18",
        "norm_addr": "609 Archer, Tulsa, OK"
      }
    },
    {
      "type": "Feature",
      "geometry": {
        "type": "Point",
        "coordinates": [
          -95.9851742,
          36.1601113
        ]
      },
      "properties": {
        "house_number": "614",
        "street_name": "ARCHER—EAST",
        "occupant_name": "J D Bumcrots",
        "occupant_description": "",
        "race_designation": "",
        "is_rear": "False",
        "canvas_fragment": "https://digitalcollections.tulsalibrary.org/iiif/2/p15020coll12:2857/manifest.json/canvas/299#xywh=707,1086,137,21",
        "norm_addr": "614 Archer, Tulsa, OK"
      }
    },
    {
      "type": "Feature",
      "geometry": {
        "type": "Point",
        "coordinates": [
          -95.9853189,
          36.1600619
        ]
      },
      "properties": {
        "house_number": "615",
        "street_name": "ARCHER—EAST",
        "occupant_name": "Oscar McCoy",
        "occupant_description": "",
        "race_designation": "",
        "is_rear": "False",
        "canvas_fragment": "https://digitalcollections.tulsalibrary.org/iiif/2/p15020coll12:2857/manifest.json/canvas/299#xywh=721,1089,129,24",
        "norm_addr": "615 Archer, Tulsa, OK"
      }
    },
    {
      "type": "Feature",
      "geometry": {
        "type": "Point",
        "coordinates": [
          -95.9865044,
          36.1704114
        ]
      },
      "properties": {
        "house_number": "607",
        "street_name": "BOOKER",
        "occupant_name": "Victor McClure",
        "occupant_description": "",
        "race_designation": "(c)",
        "is_rear": "False",
        "canvas_fragment": "https://digitalcollections.tulsalibrary.org/iiif/2/p15020coll12:2857/manifest.json/canvas/300#xywh=714,1431,121,19",
        "norm_addr": "607 Latimer Pl, Tulsa, OK"
      }
    },
    {
      "type": "Feature",
      "geometry": {
        "type": "Point",
        "coordinates": [
          -95.9864289,
          36.1701821
        ]
      },
      "properties": {
        "house_number": "616",
        "street_name": "BOOKER",
        "occupant_name": "James Williams",
        "occupant_description": "",
        "race_designation": "(c)",
        "is_rear": "False",
        "canvas_fragment": "https://digitalcollections.tulsalibrary.org/iiif/2/p15020coll12:2857/manifest.json/canvas/300#xywh=713,1446,129,20",
        "norm_addr": "616 Latimer Pl, Tulsa, OK"
      }
    },
    {
      "type": "Feature",
      "geometry": {
        "type": "Point",
        "coordinates": [
          -95.9854419,
          36.1703999
        ]
      },
      "properties": {
        "house_number": "627",
        "street_name": "BOOKER",
        "occupant_name": "J C Cotton",
        "occupant_description": "",
        "race_designation": "(c)",
        "is_rear": "False",
        "canvas_fragment": "https://digitalcollections.tulsalibrary.org/iiif/2/p15020coll12:2857/manifest.json/canvas/300#xywh=675,1465,19,17",
        "norm_addr": "627 Latimer Pl, Tulsa, OK"
      }
    },
    {
      "type": "Feature",
      "geometry": {
        "type": "Point",
        "coordinates": [
          -95.9861674,
          36.1701814
        ]
      },
      "properties": {
        "house_number": "628",
        "street_name": "BOOKER",
        "occupant_name": "A Z Totts",
        "occupant_description": "",
        "race_designation": "(c)",
        "is_rear": "False",
        "canvas_fragment": "https://digitalcollections.tulsalibrary.org/iiif/2/p15020coll12:2857/manifest.json/canvas/300#xywh=713,1482,93,18",
        "norm_addr": "628 Latimer Pl, Tulsa, OK"
      }
    },
    {
      "type": "Feature",
      "geometry": {
        "type": "Point",
        "coordinates": [
          -95.9853889,
          36.1704084
        ]
      },
      "properties": {
        "house_number": "629",
        "street_name": "BOOKER",
        "occupant_name": "Mrs Marie E Beasley",
        "occupant_description": "",
        "race_designation": "",
        "is_rear": "False",
        "canvas_fragment": "https://digitalcollections.tulsalibrary.org/iiif/2/p15020coll12:2857/manifest.json/canvas/300#xywh=675,1500,20,17",
        "norm_addr": "629 Latimer Pl, Tulsa, OK"
      }
    },
    {
      "type": "Feature",
      "geometry": {
        "type": "Point",
        "coordinates": [
          -95.9860803,
          36.1701812
        ]
      },
      "properties": {
        "house_number": "632",
        "street_name": "BOOKER",
        "occupant_name": "Percy Moore",
        "occupant_description": "",
        "race_designation": "(c)",
        "is_rear": "False",
        "canvas_fragment": "https://digitalcollections.tulsalibrary.org/iiif/2/p15020coll12:2857/manifest.json/canvas/300#xywh=713,1517,114,22",
        "norm_addr": "632 Latimer Pl, Tulsa, OK"
      }
    },
    {
      "type": "Feature",
      "geometry": {
        "type": "Point",
        "coordinates": [
          -95.9860803,
          36.1701812
        ]
      },
      "properties": {
        "house_number": "632",
        "street_name": "BOOKER",
        "occupant_name": "Bock Patterson",
        "occupant_description": "",
        "race_designation": "(c)",
        "is_rear": "False",
        "canvas_fragment": "https://digitalcollections.tulsalibrary.org/iiif/2/p15020coll12:2857/manifest.json/canvas/300#xywh=712,1532,126,24",
        "norm_addr": "632 Latimer Pl, Tulsa, OK"
      }
    },
    {
      "type": "Feature",
      "geometry": {
        "type": "Point",
        "coordinates": [
          -95.9860367,
          36.1701811
        ]
      },
      "properties": {
        "house_number": "634",
        "street_name": "BOOKER",
        "occupant_name": "Lee Neal",
        "occupant_description": "",
        "race_designation": "(c)",
        "is_rear": "False",
        "canvas_fragment": "https://digitalcollections.tulsalibrary.org/iiif/2/p15020coll12:2857/manifest.json/canvas/300#xywh=712,1551,88,21",
        "norm_addr": "634 Latimer Pl, Tulsa, OK"
      }
    },
    {
      "type": "Feature",
      "geometry": {
        "type": "Point",
        "coordinates": [
          -95.9859931,
          36.170181
        ]
      },
      "properties": {
        "house_number": "636",
        "street_name": "BOOKER",
        "occupant_name": "S L Neal",
        "occupant_description": "",
        "race_designation": "(c)",
        "is_rear": "False",
        "canvas_fragment": "https://digitalcollections.tulsalibrary.org/iiif/2/p15020coll12:2857/manifest.json/canvas/300#xywh=713,1572,87,17",
        "norm_addr": "636 Latimer Pl, Tulsa, OK"
      }
    },
    {
      "type": "Feature",
      "geometry": {
        "type": "Point",
        "coordinates": [
          -95.9850143,
          36.1704019
        ]
      },
      "properties": {
        "house_number": "641",
        "street_name": "BOOKER",
        "occupant_name": "Mrs Minerva Cole",
        "occupant_description": "",
        "race_designation": "(c)",
        "is_rear": "False",
        "canvas_fragment": "https://digitalcollections.tulsalibrary.org/iiif/2/p15020coll12:2857/manifest.json/canvas/300#xywh=713,1589,145,17",
        "norm_addr": "641 Latimer Pl, Tulsa, OK"
      }
    },
    {
      "type": "Feature",
      "geometry": {
        "type": "Point",
        "coordinates": [
          -95.9850143,
          36.1704019
        ]
      },
      "properties": {
        "house_number": "641",
        "street_name": "BOOKER",
        "occupant_name": "Jack Cook",
        "occupant_description": "",
        "race_designation": "(c)",
        "is_rear": "False",
        "canvas_fragment": "https://digitalcollections.tulsalibrary.org/iiif/2/p15020coll12:2857/manifest.json/canvas/300#xywh=712,1604,99,19",
        "norm_addr": "641 Latimer Pl, Tulsa, OK"
      }
    },
    {
      "type": "Feature",
      "geometry": {
        "type": "Point",
        "coordinates": [
          -95.9849035,
          36.1704071
        ]
      },
      "properties": {
        "house_number": "643",
        "street_name": "BOOKER",
        "occupant_name": "Roy Inge",
        "occupant_description": "",
        "race_designation": "(c)",
        "is_rear": "False",
        "canvas_fragment": "https://digitalcollections.tulsalibrary.org/iiif/2/p15020coll12:2857/manifest.json/canvas/300#xywh=712,1623,99,19",
        "norm_addr": "643 Latimer Pl, Tulsa, OK"
      }
    },
    {
      "type": "Feature",
      "geometry": {
        "type": "Point",
        "coordinates": [
          -95.9849035,
          36.1704071
        ]
      },
      "properties": {
        "house_number": "643",
        "street_name": "BOOKER",
        "occupant_name": "Mrs Alice Peterson",
        "occupant_description": "",
        "race_designation": "(c)",
        "is_rear": "False",
        "canvas_fragment": "https://digitalcollections.tulsalibrary.org/iiif/2/p15020coll12:2857/manifest.json/canvas/300#xywh=713,1641,150,17",
        "norm_addr": "643 Latimer Pl, Tulsa, OK"
      }
    },
    {
      "type": "Feature",
      "geometry": {
        "type": "Point",
        "coordinates": [
          -95.9887684,
          36.1681679
        ]
      },
      "properties": {
        "house_number": "510",
        "street_name": "BRYANT",
        "occupant_name": "J M Brooks",
        "occupant_description": "",
        "race_designation": "(c)",
        "is_rear": "False",
        "canvas_fragment": "https://digitalcollections.tulsalibrary.org/iiif/2/p15020coll12:2857/manifest.json/canvas/305",
        "norm_addr": "510 E King St, Tulsa, OK"
      }
    },
    {
      "type": "Feature",
      "geometry": {
        "type": "Point",
        "coordinates": [
          -95.9884618,
          36.1683296
        ]
      },
      "properties": {
        "house_number": "511",
        "street_name": "BRYANT",
        "occupant_name": "George Fears",
        "occupant_description": "",
        "race_designation": "(c)",
        "is_rear": "False",
        "canvas_fragment": "https://digitalcollections.tulsalibrary.org/iiif/2/p15020coll12:2857/manifest.json/canvas/305",
        "norm_addr": "511 E King St, Tulsa, OK"
      }
    },
    {
      "type": "Feature",
      "geometry": {
        "type": "Point",
        "coordinates": [
          -95.9887172,
          36.168168
        ]
      },
      "properties": {
        "house_number": "512",
        "street_name": "BRYANT",
        "occupant_name": "Charles Jordan",
        "occupant_description": "",
        "race_designation": "(c)",
        "is_rear": "False",
        "canvas_fragment": "https://digitalcollections.tulsalibrary.org/iiif/2/p15020coll12:2857/manifest.json/canvas/305",
        "norm_addr": "512 E King St, Tulsa, OK"
      }
    },
    {
      "type": "Feature",
      "geometry": {
        "type": "Point",
        "coordinates": [
          -95.9884618,
          36.1683296
        ]
      },
      "properties": {
        "house_number": "513",
        "street_name": "BRYANT",
        "occupant_name": "Ezekiel Comander",
        "occupant_description": "",
        "race_designation": "(c)",
        "is_rear": "False",
        "canvas_fragment": "https://digitalcollections.tulsalibrary.org/iiif/2/p15020coll12:2857/manifest.json/canvas/305",
        "norm_addr": "513 E King St, Tulsa, OK"
      }
    },
    {
      "type": "Feature",
      "geometry": {
        "type": "Point",
        "coordinates": [
          -95.9880498,
          36.1683269
        ]
      },
      "properties": {
        "house_number": "519",
        "street_name": "BRYANT",
        "occupant_name": "Wm Chatman",
        "occupant_description": "",
        "race_designation": "(c)",
        "is_rear": "False",
        "canvas_fragment": "https://digitalcollections.tulsalibrary.org/iiif/2/p15020coll12:2857/manifest.json/canvas/305#xywh=410,1096,169,19",
        "norm_addr": "519 E King St, Tulsa, OK"
      }
    },
    {
      "type": "Feature",
      "geometry": {
        "type": "Point",
        "coordinates": [
          -95.9880498,
          36.1683269
        ]
      },
      "properties": {
        "house_number": "519",
        "street_name": "BRYANT",
        "occupant_name": "Babe Mason",
        "occupant_description": "",
        "race_designation": "(c)",
        "is_rear": "False",
        "canvas_fragment": "https://digitalcollections.tulsalibrary.org/iiif/2/p15020coll12:2857/manifest.json/canvas/305",
        "norm_addr": "519 E King St, Tulsa, OK"
      }
    },
    {
      "type": "Feature",
      "geometry": {
        "type": "Point",
        "coordinates": [
          -95.9880498,
          36.1683269
        ]
      },
      "properties": {
        "house_number": "521",
        "street_name": "BRYANT",
        "occupant_name": "Mrs Anna Akins",
        "occupant_description": "",
        "race_designation": "(c)",
        "is_rear": "False",
        "canvas_fragment": "https://digitalcollections.tulsalibrary.org/iiif/2/p15020coll12:2857/manifest.json/canvas/305#xywh=376,1123,22,21",
        "norm_addr": "521 E King St, Tulsa, OK"
      }
    },
    {
      "type": "Feature",
      "geometry": {
        "type": "Point",
        "coordinates": [
          -95.9884618,
          36.1683296
        ]
      },
      "properties": {
        "house_number": "522",
        "street_name": "BRYANT",
        "occupant_name": "George Blakely",
        "occupant_description": "",
        "race_designation": "(c)",
        "is_rear": "False",
        "canvas_fragment": "https://digitalcollections.tulsalibrary.org/iiif/2/p15020coll12:2857/manifest.json/canvas/305#xywh=410,1174,169,19",
        "norm_addr": "522 E King St, Tulsa, OK"
      }
    },
    {
      "type": "Feature",
      "geometry": {
        "type": "Point",
        "coordinates": [
          -95.9879318,
          36.1685812
        ]
      },
      "properties": {
        "house_number": "523",
        "street_name": "BRYANT",
        "occupant_name": "Mrs Lucile J Littles",
        "occupant_description": "",
        "race_designation": "",
        "is_rear": "False",
        "canvas_fragment": "https://digitalcollections.tulsalibrary.org/iiif/2/p15020coll12:2857/manifest.json/canvas/305#xywh=410,1193,169,20",
        "norm_addr": "523 E King St, Tulsa, OK"
      }
    },
    {
      "type": "Feature",
      "geometry": {
        "type": "Point",
        "coordinates": [
          -95.9884618,
          36.1683296
        ]
      },
      "properties": {
        "house_number": "524",
        "street_name": "BRYANT",
        "occupant_name": "J T Braxton",
        "occupant_description": "",
        "race_designation": "(c)",
        "is_rear": "False",
        "canvas_fragment": "https://digitalcollections.tulsalibrary.org/iiif/2/p15020coll12:2857/manifest.json/canvas/305",
        "norm_addr": "524 E King St, Tulsa, OK"
      }
    },
    {
      "type": "Feature",
      "geometry": {
        "type": "Point",
        "coordinates": [
          -95.9884618,
          36.1683296
        ]
      },
      "properties": {
        "house_number": "524",
        "street_name": "BRYANT",
        "occupant_name": "Mrs Melissa Richman",
        "occupant_description": "",
        "race_designation": "(c)",
        "is_rear": "False",
        "canvas_fragment": "https://digitalcollections.tulsalibrary.org/iiif/2/p15020coll12:2857/manifest.json/canvas/305",
        "norm_addr": "524 E King St, Tulsa, OK"
      }
    },
    {
      "type": "Feature",
      "geometry": {
        "type": "Point",
        "coordinates": [
          -95.9884618,
          36.1683296
        ]
      },
      "properties": {
        "house_number": "524",
        "street_name": "BRYANT",
        "occupant_name": "Mrs Fannie Smith",
        "occupant_description": "",
        "race_designation": "(c)",
        "is_rear": "False",
        "canvas_fragment": "https://digitalcollections.tulsalibrary.org/iiif/2/p15020coll12:2857/manifest.json/canvas/305",
        "norm_addr": "524 E King St, Tulsa, OK"
      }
    },
    {
      "type": "Feature",
      "geometry": {
        "type": "Point",
        "coordinates": [
          -95.9878163,
          36.1685805
        ]
      },
      "properties": {
        "house_number": "525",
        "street_name": "BRYANT",
        "occupant_name": "Wm Cook",
        "occupant_description": "",
        "race_designation": "(c)",
        "is_rear": "False",
        "canvas_fragment": "https://digitalcollections.tulsalibrary.org/iiif/2/p15020coll12:2857/manifest.json/canvas/305",
        "norm_addr": "525 E King St, Tulsa, OK"
      }
    },
    {
      "type": "Feature",
      "geometry": {
        "type": "Point",
        "coordinates": [
          -95.9877033,
          36.1683247
        ]
      },
      "properties": {
        "house_number": "527",
        "street_name": "BRYANT",
        "occupant_name": "Mrs Elizabeth Paine",
        "occupant_description": "",
        "race_designation": "(c)",
        "is_rear": "False",
        "canvas_fragment": "https://digitalcollections.tulsalibrary.org/iiif/2/p15020coll12:2857/manifest.json/canvas/305",
        "norm_addr": "527 E King St, Tulsa, OK"
      }
    },
    {
      "type": "Feature",
      "geometry": {
        "type": "Point",
        "coordinates": [
          -95.9877033,
          36.1683247
        ]
      },
      "properties": {
        "house_number": "529",
        "street_name": "BRYANT",
        "occupant_name": "Elijah Payne",
        "occupant_description": "",
        "race_designation": "(c)",
        "is_rear": "False",
        "canvas_fragment": "https://digitalcollections.tulsalibrary.org/iiif/2/p15020coll12:2857/manifest.json/canvas/305",
        "norm_addr": "529 E King St, Tulsa, OK"
      }
    },
    {
      "type": "Feature",
      "geometry": {
        "type": "Point",
        "coordinates": [
          -95.9875052,
          36.1685861
        ]
      },
      "properties": {
        "house_number": "533",
        "street_name": "BRYANT",
        "occupant_name": "Joddie Wilkins",
        "occupant_description": "",
        "race_designation": "(c)",
        "is_rear": "False",
        "canvas_fragment": "https://digitalcollections.tulsalibrary.org/iiif/2/p15020coll12:2857/manifest.json/canvas/305",
        "norm_addr": "533 E King St, Tulsa, OK"
      }
    },
    {
      "type": "Feature",
      "geometry": {
        "type": "Point",
        "coordinates": [
          -95.9873856,
          36.1685866
        ]
      },
      "properties": {
        "house_number": "535",
        "street_name": "BRYANT",
        "occupant_name": "George Walker",
        "occupant_description": "",
        "race_designation": "(c)",
        "is_rear": "False",
        "canvas_fragment": "https://digitalcollections.tulsalibrary.org/iiif/2/p15020coll12:2857/manifest.json/canvas/305",
        "norm_addr": "535 E King St, Tulsa, OK"
      }
    },
    {
      "type": "Feature",
      "geometry": {
        "type": "Point",
        "coordinates": [
          -95.9867628,
          36.1683279
        ]
      },
      "properties": {
        "house_number": "604",
        "street_name": "BRYANT",
        "occupant_name": "Henry Johnson",
        "occupant_description": "",
        "race_designation": "(c)",
        "is_rear": "False",
        "canvas_fragment": "https://digitalcollections.tulsalibrary.org/iiif/2/p15020coll12:2857/manifest.json/canvas/305",
        "norm_addr": "604 E King St, Tulsa, OK"
      }
    },
    {
      "type": "Feature",
      "geometry": {
        "type": "Point",
        "coordinates": [
          -95.9867628,
          36.1683279
        ]
      },
      "properties": {
        "house_number": "605",
        "street_name": "BRYANT",
        "occupant_name": "Mrs Rosetta Moore",
        "occupant_description": "",
        "race_designation": "(c)",
        "is_rear": "False",
        "canvas_fragment": "https://digitalcollections.tulsalibrary.org/iiif/2/p15020coll12:2857/manifest.json/canvas/305",
        "norm_addr": "605 E King St, Tulsa, OK"
      }
    },
    {
      "type": "Feature",
      "geometry": {
        "type": "Point",
        "coordinates": [
          -95.9867286,
          36.1680536
        ]
      },
      "properties": {
        "house_number": "608",
        "street_name": "BRYANT",
        "occupant_name": "John Stroud",
        "occupant_description": "",
        "race_designation": "(c)",
        "is_rear": "False",
        "canvas_fragment": "https://digitalcollections.tulsalibrary.org/iiif/2/p15020coll12:2857/manifest.json/canvas/305",
        "norm_addr": "608 E King St, Tulsa, OK"
      }
    },
    {
      "type": "Feature",
      "geometry": {
        "type": "Point",
        "coordinates": [
          -95.9867169,
          36.1683283
        ]
      },
      "properties": {
        "house_number": "611",
        "street_name": "BRYANT",
        "occupant_name": "Andrew Agnew",
        "occupant_description": "restaurant",
        "race_designation": "(c)",
        "is_rear": "False",
        "canvas_fragment": "https://digitalcollections.tulsalibrary.org/iiif/2/p15020coll12:2857/manifest.json/canvas/305",
        "norm_addr": "611 E King St, Tulsa, OK"
      }
    },
    {
      "type": "Feature",
      "geometry": {
        "type": "Point",
        "coordinates": [
          -95.9867016,
          36.1683284
        ]
      },
      "properties": {
        "house_number": "613",
        "street_name": "BRYANT",
        "occupant_name": "Mrs Maggie McNeil",
        "occupant_description": "",
        "race_designation": "(c)",
        "is_rear": "False",
        "canvas_fragment": "https://digitalcollections.tulsalibrary.org/iiif/2/p15020coll12:2857/manifest.json/canvas/305",
        "norm_addr": "613 E King St, Tulsa, OK"
      }
    },
    {
      "type": "Feature",
      "geometry": {
        "type": "Point",
        "coordinates": [
          -95.9866863,
          36.1683286
        ]
      },
      "properties": {
        "house_number": "615",
        "street_name": "BRYANT",
        "occupant_name": "Mrs Faye Smith",
        "occupant_description": "",
        "race_designation": "(c)",
        "is_rear": "False",
        "canvas_fragment": "https://digitalcollections.tulsalibrary.org/iiif/2/p15020coll12:2857/manifest.json/canvas/305",
        "norm_addr": "615 E King St, Tulsa, OK"
      }
    },
    {
      "type": "Feature",
      "geometry": {
        "type": "Point",
        "coordinates": [
          -95.9866674,
          36.1680541
        ]
      },
      "properties": {
        "house_number": "616",
        "street_name": "BRYANT",
        "occupant_name": "Walter Ferrell",
        "occupant_description": "",
        "race_designation": "(c)",
        "is_rear": "False",
        "canvas_fragment": "https://digitalcollections.tulsalibrary.org/iiif/2/p15020coll12:2857/manifest.json/canvas/305",
        "norm_addr": "616 E King St, Tulsa, OK"
      }
    },
    {
      "type": "Feature",
      "geometry": {
        "type": "Point",
        "coordinates": [
          -95.9866674,
          36.1680541
        ]
      },
      "properties": {
        "house_number": "616",
        "street_name": "BRYANT",
        "occupant_name": "Mrs Hattie Jones",
        "occupant_description": "",
        "race_designation": "(c)",
        "is_rear": "False",
        "canvas_fragment": "https://digitalcollections.tulsalibrary.org/iiif/2/p15020coll12:2857/manifest.json/canvas/305",
        "norm_addr": "616 E King St, Tulsa, OK"
      }
    },
    {
      "type": "Feature",
      "geometry": {
        "type": "Point",
        "coordinates": [
          -95.9866521,
          36.1680542
        ]
      },
      "properties": {
        "house_number": "618",
        "street_name": "BRYANT",
        "occupant_name": "John MacAdams",
        "occupant_description": "",
        "race_designation": "(c)",
        "is_rear": "False",
        "canvas_fragment": "https://digitalcollections.tulsalibrary.org/iiif/2/p15020coll12:2857/manifest.json/canvas/305",
        "norm_addr": "618 E King St, Tulsa, OK"
      }
    },
    {
      "type": "Feature",
      "geometry": {
        "type": "Point",
        "coordinates": [
          -95.9866404,
          36.1683289
        ]
      },
      "properties": {
        "house_number": "621",
        "street_name": "BRYANT",
        "occupant_name": "Lem Peet",
        "occupant_description": "",
        "race_designation": "(c)",
        "is_rear": "False",
        "canvas_fragment": "https://digitalcollections.tulsalibrary.org/iiif/2/p15020coll12:2857/manifest.json/canvas/305",
        "norm_addr": "621 E King St, Tulsa, OK"
      }
    },
    {
      "type": "Feature",
      "geometry": {
        "type": "Point",
        "coordinates": [
          -95.9865756,
          36.1680549
        ]
      },
      "properties": {
        "house_number": "628",
        "street_name": "BRYANT",
        "occupant_name": "Wm Monroe",
        "occupant_description": "",
        "race_designation": "(c)",
        "is_rear": "False",
        "canvas_fragment": "https://digitalcollections.tulsalibrary.org/iiif/2/p15020coll12:2857/manifest.json/canvas/305",
        "norm_addr": "628 E King St, Tulsa, OK"
      }
    },
    {
      "type": "Feature",
      "geometry": {
        "type": "Point",
        "coordinates": [
          -95.9865603,
          36.168055
        ]
      },
      "properties": {
        "house_number": "630",
        "street_name": "BRYANT",
        "occupant_name": "Andrew Brown",
        "occupant_description": "",
        "race_designation": "(c)",
        "is_rear": "False",
        "canvas_fragment": "https://digitalcollections.tulsalibrary.org/iiif/2/p15020coll12:2857/manifest.json/canvas/305",
        "norm_addr": "630 E King St, Tulsa, OK"
      }
    },
    {
      "type": "Feature",
      "geometry": {
        "type": "Point",
        "coordinates": [
          -95.9865603,
          36.168055
        ]
      },
      "properties": {
        "house_number": "630",
        "street_name": "BRYANT",
        "occupant_name": "Walter Madden",
        "occupant_description": "",
        "race_designation": "(c)",
        "is_rear": "False",
        "canvas_fragment": "https://digitalcollections.tulsalibrary.org/iiif/2/p15020coll12:2857/manifest.json/canvas/305",
        "norm_addr": "630 E King St, Tulsa, OK"
      }
    },
    {
      "type": "Feature",
      "geometry": {
        "type": "Point",
        "coordinates": [
          -95.9865639,
          36.1683296
        ]
      },
      "properties": {
        "house_number": "631",
        "street_name": "BRYANT",
        "occupant_name": "Gene Sweet",
        "occupant_description": "",
        "race_designation": "(c)",
        "is_rear": "False",
        "canvas_fragment": "https://digitalcollections.tulsalibrary.org/iiif/2/p15020coll12:2857/manifest.json/canvas/305",
        "norm_addr": "631 E King St, Tulsa, OK"
      }
    },
    {
      "type": "Feature",
      "geometry": {
        "type": "Point",
        "coordinates": [
          -95.986545,
          36.1680551
        ]
      },
      "properties": {
        "house_number": "632",
        "street_name": "BRYANT",
        "occupant_name": "Wm Austin",
        "occupant_description": "",
        "race_designation": "(c)",
        "is_rear": "False",
        "canvas_fragment": "https://digitalcollections.tulsalibrary.org/iiif/2/p15020coll12:2857/manifest.json/canvas/305",
        "norm_addr": "632 E King St, Tulsa, OK"
      }
    },
    {
      "type": "Feature",
      "geometry": {
        "type": "Point",
        "coordinates": [
          -95.9865333,
          36.1683298
        ]
      },
      "properties": {
        "house_number": "635",
        "street_name": "BRYANT",
        "occupant_name": "Gus Miller",
        "occupant_description": "",
        "race_designation": "(c)",
        "is_rear": "False",
        "canvas_fragment": "https://digitalcollections.tulsalibrary.org/iiif/2/p15020coll12:2857/manifest.json/canvas/305",
        "norm_addr": "635 E King St, Tulsa, OK"
      }
    },
    {
      "type": "Feature",
      "geometry": {
        "type": "Point",
        "coordinates": [
          -95.9865027,
          36.1683301
        ]
      },
      "properties": {
        "house_number": "639",
        "street_name": "BRYANT",
        "occupant_name": "Steven Caldwell",
        "occupant_description": "",
        "race_designation": "(c)",
        "is_rear": "False",
        "canvas_fragment": "https://digitalcollections.tulsalibrary.org/iiif/2/p15020coll12:2857/manifest.json/canvas/305",
        "norm_addr": "639 E King St, Tulsa, OK"
      }
    },
    {
      "type": "Feature",
      "geometry": {
        "type": "Point",
        "coordinates": [
          -95.9864838,
          36.1680556
        ]
      },
      "properties": {
        "house_number": "640",
        "street_name": "BRYANT",
        "occupant_name": "Mrs Mary Hawkins",
        "occupant_description": "",
        "race_designation": "(c)",
        "is_rear": "False",
        "canvas_fragment": "https://digitalcollections.tulsalibrary.org/iiif/2/p15020coll12:2857/manifest.json/canvas/305",
        "norm_addr": "640 E King St, Tulsa, OK"
      }
    },
    {
      "type": "Feature",
      "geometry": {
        "type": "Point",
        "coordinates": [
          -95.9864874,
          36.1683302
        ]
      },
      "properties": {
        "house_number": "641",
        "street_name": "BRYANT",
        "occupant_name": "Jessie Clark",
        "occupant_description": "",
        "race_designation": "(c)",
        "is_rear": "False",
        "canvas_fragment": "https://digitalcollections.tulsalibrary.org/iiif/2/p15020coll12:2857/manifest.json/canvas/305",
        "norm_addr": "641 E King St, Tulsa, OK"
      }
    },
    {
      "type": "Feature",
      "geometry": {
        "type": "Point",
        "coordinates": [
          -95.9864874,
          36.1683302
        ]
      },
      "properties": {
        "house_number": "641",
        "street_name": "BRYANT",
        "occupant_name": "Russell Wagner",
        "occupant_description": "",
        "race_designation": "(c)",
        "is_rear": "False",
        "canvas_fragment": "https://digitalcollections.tulsalibrary.org/iiif/2/p15020coll12:2857/manifest.json/canvas/305#xywh=719,190,46,18",
        "norm_addr": "641 E King St, Tulsa, OK"
      }
    },
    {
      "type": "Feature",
      "geometry": {
        "type": "Point",
        "coordinates": [
          -95.9864721,
          36.1683304
        ]
      },
      "properties": {
        "house_number": "643",
        "street_name": "BRYANT",
        "occupant_name": "Charles Overton",
        "occupant_description": "",
        "race_designation": "(c)",
        "is_rear": "False",
        "canvas_fragment": "https://digitalcollections.tulsalibrary.org/iiif/2/p15020coll12:2857/manifest.json/canvas/305#xywh=973,265,151,23",
        "norm_addr": "643 E King St, Tulsa, OK"
      }
    },
    {
      "type": "Feature",
      "geometry": {
        "type": "Point",
        "coordinates": [
          -95.9864532,
          36.1680559
        ]
      },
      "properties": {
        "house_number": "644",
        "street_name": "BRYANT",
        "occupant_name": "Mrs Lola Brown",
        "occupant_description": "",
        "race_designation": "(c)",
        "is_rear": "False",
        "canvas_fragment": "https://digitalcollections.tulsalibrary.org/iiif/2/p15020coll12:2857/manifest.json/canvas/305#xywh=720,226,130,17",
        "norm_addr": "644 E King St, Tulsa, OK"
      }
    },
    {
      "type": "Feature",
      "geometry": {
        "type": "Point",
        "coordinates": [
          -95.9864379,
          36.168056
        ]
      },
      "properties": {
        "house_number": "646",
        "street_name": "BRYANT",
        "occupant_name": "Mrs Carrie Ashford",
        "occupant_description": "",
        "race_designation": "(c)",
        "is_rear": "False",
        "canvas_fragment": "https://digitalcollections.tulsalibrary.org/iiif/2/p15020coll12:2857/manifest.json/canvas/305#xywh=715,275,247,71",
        "norm_addr": "646 E King St, Tulsa, OK"
      }
    },
    {
      "type": "Feature",
      "geometry": {
        "type": "Point",
        "coordinates": [
          -95.9864073,
          36.1680563
        ]
      },
      "properties": {
        "house_number": "650",
        "street_name": "BRYANT",
        "occupant_name": "Benjamin Mathis",
        "occupant_description": "",
        "race_designation": "(c)",
        "is_rear": "False",
        "canvas_fragment": "https://digitalcollections.tulsalibrary.org/iiif/2/p15020coll12:2857/manifest.json/canvas/305#xywh=683,279,21,19",
        "norm_addr": "650 E King St, Tulsa, OK"
      }
    },
    {
      "type": "Feature",
      "geometry": {
        "type": "Point",
        "coordinates": [
          -95.9864073,
          36.1680563
        ]
      },
      "properties": {
        "house_number": "650",
        "street_name": "BRYANT",
        "occupant_name": "Fred Mathis",
        "occupant_description": "",
        "race_designation": "(c)",
        "is_rear": "False",
        "canvas_fragment": "https://digitalcollections.tulsalibrary.org/iiif/2/p15020coll12:2857/manifest.json/canvas/305#xywh=683,297,21,17",
        "norm_addr": "650 E King St, Tulsa, OK"
      }
    },
    {
      "type": "Feature",
      "geometry": {
        "type": "Point",
        "coordinates": [
          -95.9864073,
          36.1680563
        ]
      },
      "properties": {
        "house_number": "650",
        "street_name": "BRYANT",
        "occupant_name": "Earl Nelson",
        "occupant_description": "",
        "race_designation": "(c)",
        "is_rear": "False",
        "canvas_fragment": "https://digitalcollections.tulsalibrary.org/iiif/2/p15020coll12:2857/manifest.json/canvas/305#xywh=715,346,247,72",
        "norm_addr": "650 E King St, Tulsa, OK"
      }
    },
    {
      "type": "Feature",
      "geometry": {
        "type": "Point",
        "coordinates": [
          -95.9863767,
          36.1680565
        ]
      },
      "properties": {
        "house_number": "654",
        "street_name": "BRYANT",
        "occupant_name": "Benjamin Hammonds",
        "occupant_description": "",
        "race_designation": "(c)",
        "is_rear": "False",
        "canvas_fragment": "https://digitalcollections.tulsalibrary.org/iiif/2/p15020coll12:2857/manifest.json/canvas/305#xywh=972,351,165,18",
        "norm_addr": "654 E King St, Tulsa, OK"
      }
    },
    {
      "type": "Feature",
      "geometry": {
        "type": "Point",
        "coordinates": [
          -95.9863614,
          36.1680566
        ]
      },
      "properties": {
        "house_number": "656",
        "street_name": "BRYANT",
        "occupant_name": "Wm Gay",
        "occupant_description": "",
        "race_designation": "(c)",
        "is_rear": "False",
        "canvas_fragment": "https://digitalcollections.tulsalibrary.org/iiif/2/p15020coll12:2857/manifest.json/canvas/305#xywh=683,367,21,17",
        "norm_addr": "656 E King St, Tulsa, OK"
      }
    },
    {
      "type": "Feature",
      "geometry": {
        "type": "Point",
        "coordinates": [
          -95.9860436,
          36.1683339
        ]
      },
      "properties": {
        "house_number": "828",
        "street_name": "BRYANT",
        "occupant_name": "Charles McGill",
        "occupant_description": "",
        "race_designation": "(c)",
        "is_rear": "False",
        "canvas_fragment": "https://digitalcollections.tulsalibrary.org/iiif/2/p15020coll12:2857/manifest.json/canvas/305#xywh=715,634,247,71",
        "norm_addr": "828 E King St, Tulsa, OK"
      }
    },
    {
      "type": "Feature",
      "geometry": {
        "type": "Point",
        "coordinates": [
          -95.9860436,
          36.1683339
        ]
      },
      "properties": {
        "house_number": "832",
        "street_name": "BRYANT",
        "occupant_name": "Wm Crizine",
        "occupant_description": "",
        "race_designation": "(c)",
        "is_rear": "False",
        "canvas_fragment": "https://digitalcollections.tulsalibrary.org/iiif/2/p15020coll12:2857/manifest.json/canvas/305#xywh=682,399,213,20",
        "norm_addr": "832 E King St, Tulsa, OK"
      }
    },
    {
      "type": "Feature",
      "geometry": {
        "type": "Point",
        "coordinates": [
          -95.9860437,
          36.1683339
        ]
      },
      "properties": {
        "house_number": "833",
        "street_name": "BRYANT",
        "occupant_name": "Mrs Ella Moore",
        "occupant_description": "",
        "race_designation": "(c)",
        "is_rear": "False",
        "canvas_fragment": "https://digitalcollections.tulsalibrary.org/iiif/2/p15020coll12:2857/manifest.json/canvas/305#xywh=682,419,213,19",
        "norm_addr": "833 E King St, Tulsa, OK"
      }
    },
    {
      "type": "Feature",
      "geometry": {
        "type": "Point",
        "coordinates": [
          -95.9860436,
          36.1683339
        ]
      },
      "properties": {
        "house_number": "834",
        "street_name": "BRYANT",
        "occupant_name": "Redwing Walker",
        "occupant_description": "",
        "race_designation": "(c)",
        "is_rear": "False",
        "canvas_fragment": "https://digitalcollections.tulsalibrary.org/iiif/2/p15020coll12:2857/manifest.json/canvas/305#xywh=682,438,213,20",
        "norm_addr": "834 E King St, Tulsa, OK"
      }
    },
    {
      "type": "Feature",
      "geometry": {
        "type": "Point",
        "coordinates": [
          -95.9860436,
          36.1683339
        ]
      },
      "properties": {
        "house_number": "840",
        "street_name": "BRYANT",
        "occupant_name": "John Riggans",
        "occupant_description": "",
        "race_designation": "(c)",
        "is_rear": "False",
        "canvas_fragment": "https://digitalcollections.tulsalibrary.org/iiif/2/p15020coll12:2857/manifest.json/canvas/305#xywh=682,458,213,20",
        "norm_addr": "840 E King St, Tulsa, OK"
      }
    },
    {
      "type": "Feature",
      "geometry": {
        "type": "Point",
        "coordinates": [
          -95.9869397,
          36.1612453
        ]
      },
      "properties": {
        "house_number": "509",
        "street_name": "CAMERON—EAST",
        "occupant_name": "Wm. Johnson",
        "occupant_description": "",
        "race_designation": "(c)",
        "is_rear": "False",
        "canvas_fragment": "https://digitalcollections.tulsalibrary.org/iiif/2/p15020coll12:2857/manifest.json/canvas/306#xywh=175,390,205,25",
        "norm_addr": "509 Cameron, Tulsa, OK"
      }
    },
    {
      "type": "Feature",
      "geometry": {
        "type": "Point",
        "coordinates": [
          -95.9869397,
          36.1612453
        ]
      },
      "properties": {
        "house_number": "511",
        "street_name": "CAMERON—EAST",
        "occupant_name": "Frank Johnson",
        "occupant_description": "",
        "race_designation": "(c)",
        "is_rear": "False",
        "canvas_fragment": "https://digitalcollections.tulsalibrary.org/iiif/2/p15020coll12:2857/manifest.json/canvas/306#xywh=175,415,205,23",
        "norm_addr": "511 Cameron, Tulsa, OK"
      }
    },
    {
      "type": "Feature",
      "geometry": {
        "type": "Point",
        "coordinates": [
          -95.9869397,
          36.1612453
        ]
      },
      "properties": {
        "house_number": "513",
        "street_name": "CAMERON—EAST",
        "occupant_name": "Mrs Lydia Ragsdale",
        "occupant_description": "",
        "race_designation": "(c)",
        "is_rear": "False",
        "canvas_fragment": "https://digitalcollections.tulsalibrary.org/iiif/2/p15020coll12:2857/manifest.json/canvas/306#xywh=175,438,205,24",
        "norm_addr": "513 Cameron, Tulsa, OK"
      }
    },
    {
      "type": "Feature",
      "geometry": {
        "type": "Point",
        "coordinates": [
          -95.9869397,
          36.1612453
        ]
      },
      "properties": {
        "house_number": "519",
        "street_name": "CAMERON—EAST",
        "occupant_name": "Wm Clinton & Son",
        "occupant_description": "grocer",
        "race_designation": "(c)",
        "is_rear": "False",
        "canvas_fragment": "https://digitalcollections.tulsalibrary.org/iiif/2/p15020coll12:2857/manifest.json/canvas/306#xywh=175,462,205,24",
        "norm_addr": "519 Cameron, Tulsa, OK"
      }
    },
    {
      "type": "Feature",
      "geometry": {
        "type": "Point",
        "coordinates": [
          -95.9869397,
          36.1612453
        ]
      },
      "properties": {
        "house_number": "523",
        "street_name": "CAMERON—EAST",
        "occupant_name": "W H Mosby",
        "occupant_description": "clnr",
        "race_designation": "(c)",
        "is_rear": "False",
        "canvas_fragment": "https://digitalcollections.tulsalibrary.org/iiif/2/p15020coll12:2857/manifest.json/canvas/306#xywh=175,486,205,23",
        "norm_addr": "523 Cameron, Tulsa, OK"
      }
    },
    {
      "type": "Feature",
      "geometry": {
        "type": "Point",
        "coordinates": [
          -95.9869397,
          36.1612453
        ]
      },
      "properties": {
        "house_number": "525",
        "street_name": "CAMERON—EAST",
        "occupant_name": "Bell & Little",
        "occupant_description": "restaurant",
        "race_designation": "(c)",
        "is_rear": "False",
        "canvas_fragment": "https://digitalcollections.tulsalibrary.org/iiif/2/p15020coll12:2857/manifest.json/canvas/306",
        "norm_addr": "525 Cameron, Tulsa, OK"
      }
    },
    {
      "type": "Feature",
      "geometry": {
        "type": "Point",
        "coordinates": [
          -95.9865537,
          36.1611905
        ]
      },
      "properties": {
        "house_number": "602",
        "street_name": "CAMERON—EAST",
        "occupant_name": "Jeffery Gibbons",
        "occupant_description": "restaurant",
        "race_designation": "(c)",
        "is_rear": "False",
        "canvas_fragment": "https://digitalcollections.tulsalibrary.org/iiif/2/p15020coll12:2857/manifest.json/canvas/306",
        "norm_addr": "602 Cameron, Tulsa, OK"
      }
    },
    {
      "type": "Feature",
      "geometry": {
        "type": "Point",
        "coordinates": [
          -95.9865304,
          36.1611902
        ]
      },
      "properties": {
        "house_number": "605",
        "street_name": "CAMERON—EAST",
        "occupant_name": "A T Johnson",
        "occupant_description": "barber",
        "race_designation": "(c)",
        "is_rear": "False",
        "canvas_fragment": "https://digitalcollections.tulsalibrary.org/iiif/2/p15020coll12:2857/manifest.json/canvas/306#xywh=382,498,27,17",
        "norm_addr": "605 Cameron, Tulsa, OK"
      }
    },
    {
      "type": "Feature",
      "geometry": {
        "type": "Point",
        "coordinates": [
          -95.986507,
          36.16119
        ]
      },
      "properties": {
        "house_number": "607",
        "street_name": "CAMERON—EAST",
        "occupant_name": "J B Stradford",
        "occupant_description": "billiards",
        "race_designation": "(c)",
        "is_rear": "False",
        "canvas_fragment": "https://digitalcollections.tulsalibrary.org/iiif/2/p15020coll12:2857/manifest.json/canvas/306#xywh=175,509,205,24",
        "norm_addr": "607 Cameron, Tulsa, OK"
      }
    },
    {
      "type": "Feature",
      "geometry": {
        "type": "Point",
        "coordinates": [
          -95.9863671,
          36.1611883
        ]
      },
      "properties": {
        "house_number": "619",
        "street_name": "CAMERON—EAST",
        "occupant_name": "Lulu Robinson",
        "occupant_description": "",
        "race_designation": "(c)",
        "is_rear": "False",
        "canvas_fragment": "https://digitalcollections.tulsalibrary.org/iiif/2/p15020coll12:2857/manifest.json/canvas/306#xywh=178,512,117,20",
        "norm_addr": "619 Cameron, Tulsa, OK"
      }
    },
    {
      "type": "Feature",
      "geometry": {
        "type": "Point",
        "coordinates": [
          -95.9869397,
          36.1612453
        ]
      },
      "properties": {
        "house_number": "412",
        "street_name": "CAMERON—WEST",
        "occupant_name": "J R Cook",
        "occupant_description": "",
        "race_designation": "",
        "is_rear": "False",
        "canvas_fragment": "https://digitalcollections.tulsalibrary.org/iiif/2/p15020coll12:2857/manifest.json/canvas/306#xywh=168,1285,116,19",
        "norm_addr": "412 Cameron, Tulsa, OK"
      }
    },
    {
      "type": "Feature",
      "geometry": {
        "type": "Point",
        "coordinates": [
          -95.9869397,
          36.1612453
        ]
      },
      "properties": {
        "house_number": "416",
        "street_name": "CAMERON—WEST",
        "occupant_name": "J C Grinstaff",
        "occupant_description": "",
        "race_designation": "",
        "is_rear": "False",
        "canvas_fragment": "https://digitalcollections.tulsalibrary.org/iiif/2/p15020coll12:2857/manifest.json/canvas/306#xywh=170,1289,85,20",
        "norm_addr": "416 Cameron, Tulsa, OK"
      }
    },
    {
      "type": "Feature",
      "geometry": {
        "type": "Point",
        "coordinates": [
          -95.9869397,
          36.1612453
        ]
      },
      "properties": {
        "house_number": "417",
        "street_name": "CAMERON—WEST",
        "occupant_name": "Charles Woodward",
        "occupant_description": "",
        "race_designation": "",
        "is_rear": "False",
        "canvas_fragment": "https://digitalcollections.tulsalibrary.org/iiif/2/p15020coll12:2857/manifest.json/canvas/306#xywh=169,1302,122,21",
        "norm_addr": "417 Cameron, Tulsa, OK"
      }
    },
    {
      "type": "Feature",
      "geometry": {
        "type": "Point",
        "coordinates": [
          -95.9869397,
          36.1612453
        ]
      },
      "properties": {
        "house_number": "419",
        "street_name": "CAMERON—WEST",
        "occupant_name": "Walter Perkins",
        "occupant_description": "",
        "race_designation": "",
        "is_rear": "False",
        "canvas_fragment": "https://digitalcollections.tulsalibrary.org/iiif/2/p15020coll12:2857/manifest.json/canvas/306#xywh=169,1323,122,21",
        "norm_addr": "419 Cameron, Tulsa, OK"
      }
    },
    {
      "type": "Feature",
      "geometry": {
        "type": "Point",
        "coordinates": [
          -95.9869397,
          36.1612453
        ]
      },
      "properties": {
        "house_number": "511",
        "street_name": "CAMERON—WEST",
        "occupant_name": "J B Hollett",
        "occupant_description": "",
        "race_designation": "",
        "is_rear": "False",
        "canvas_fragment": "https://digitalcollections.tulsalibrary.org/iiif/2/p15020coll12:2857/manifest.json/canvas/306#xywh=169,1336,77,20",
        "norm_addr": "511 Cameron, Tulsa, OK"
      }
    },
    {
      "type": "Feature",
      "geometry": {
        "type": "Point",
        "coordinates": [
          -95.9869397,
          36.1612453
        ]
      },
      "properties": {
        "house_number": "512",
        "street_name": "CAMERON—WEST",
        "occupant_name": "L R Finch",
        "occupant_description": "",
        "race_designation": "",
        "is_rear": "False",
        "canvas_fragment": "https://digitalcollections.tulsalibrary.org/iiif/2/p15020coll12:2857/manifest.json/canvas/306#xywh=169,1356,77,18",
        "norm_addr": "512 Cameron, Tulsa, OK"
      }
    },
    {
      "type": "Feature",
      "geometry": {
        "type": "Point",
        "coordinates": [
          -95.9869397,
          36.1612453
        ]
      },
      "properties": {
        "house_number": "514",
        "street_name": "CAMERON—WEST",
        "occupant_name": "W L Hadley",
        "occupant_description": "",
        "race_designation": "",
        "is_rear": "False",
        "canvas_fragment": "https://digitalcollections.tulsalibrary.org/iiif/2/p15020coll12:2857/manifest.json/canvas/306#xywh=169,1374,77,20",
        "norm_addr": "514 Cameron, Tulsa, OK"
      }
    },
    {
      "type": "Feature",
      "geometry": {
        "type": "Point",
        "coordinates": [
          -95.9869397,
          36.1612453
        ]
      },
      "properties": {
        "house_number": "515",
        "street_name": "CAMERON—WEST",
        "occupant_name": "T W Pryor",
        "occupant_description": "",
        "race_designation": "",
        "is_rear": "False",
        "canvas_fragment": "https://digitalcollections.tulsalibrary.org/iiif/2/p15020coll12:2857/manifest.json/canvas/306#xywh=169,1389,91,24",
        "norm_addr": "515 Cameron, Tulsa, OK"
      }
    },
    {
      "type": "Feature",
      "geometry": {
        "type": "Point",
        "coordinates": [
          -95.9869397,
          36.1612453
        ]
      },
      "properties": {
        "house_number": "515",
        "street_name": "CAMERON—WEST",
        "occupant_name": "W W Rutland",
        "occupant_description": "",
        "race_designation": "",
        "is_rear": "False",
        "canvas_fragment": "https://digitalcollections.tulsalibrary.org/iiif/2/p15020coll12:2857/manifest.json/canvas/306#xywh=133,1391,19,18",
        "norm_addr": "515 Cameron, Tulsa, OK"
      }
    },
    {
      "type": "Feature",
      "geometry": {
        "type": "Point",
        "coordinates": [
          -95.9869397,
          36.1612453
        ]
      },
      "properties": {
        "house_number": "516",
        "street_name": "CAMERON—WEST",
        "occupant_name": "W L Kithcart",
        "occupant_description": "",
        "race_designation": "",
        "is_rear": "False",
        "canvas_fragment": "https://digitalcollections.tulsalibrary.org/iiif/2/p15020coll12:2857/manifest.json/canvas/306",
        "norm_addr": "516 Cameron, Tulsa, OK"
      }
    },
    {
      "type": "Feature",
      "geometry": {
        "type": "Point",
        "coordinates": [
          -95.9869397,
          36.1612453
        ]
      },
      "properties": {
        "house_number": "517",
        "street_name": "CAMERON—WEST",
        "occupant_name": "Joseph Wilbanks",
        "occupant_description": "",
        "race_designation": "",
        "is_rear": "False",
        "canvas_fragment": "https://digitalcollections.tulsalibrary.org/iiif/2/p15020coll12:2857/manifest.json/canvas/306#xywh=169,1413,91,23",
        "norm_addr": "517 Cameron, Tulsa, OK"
      }
    },
    {
      "type": "Feature",
      "geometry": {
        "type": "Point",
        "coordinates": [
          -95.9869397,
          36.1612453
        ]
      },
      "properties": {
        "house_number": "518",
        "street_name": "CAMERON—WEST",
        "occupant_name": "Mrs Anna Foman",
        "occupant_description": "",
        "race_designation": "",
        "is_rear": "False",
        "canvas_fragment": "https://digitalcollections.tulsalibrary.org/iiif/2/p15020coll12:2857/manifest.json/canvas/306#xywh=169,1463,109,20",
        "norm_addr": "518 Cameron, Tulsa, OK"
      }
    },
    {
      "type": "Feature",
      "geometry": {
        "type": "Point",
        "coordinates": [
          -95.9869397,
          36.1612453
        ]
      },
      "properties": {
        "house_number": "519",
        "street_name": "CAMERON—WEST",
        "occupant_name": "J S Hayden",
        "occupant_description": "",
        "race_designation": "",
        "is_rear": "False",
        "canvas_fragment": "https://digitalcollections.tulsalibrary.org/iiif/2/p15020coll12:2857/manifest.json/canvas/306#xywh=169,1478,76,18",
        "norm_addr": "519 Cameron, Tulsa, OK"
      }
    },
    {
      "type": "Feature",
      "geometry": {
        "type": "Point",
        "coordinates": [
          -95.9869397,
          36.1612453
        ]
      },
      "properties": {
        "house_number": "521",
        "street_name": "CAMERON—WEST",
        "occupant_name": "T A Eaton",
        "occupant_description": "",
        "race_designation": "",
        "is_rear": "False",
        "canvas_fragment": "https://digitalcollections.tulsalibrary.org/iiif/2/p15020coll12:2857/manifest.json/canvas/306#xywh=169,1496,76,20",
        "norm_addr": "521 Cameron, Tulsa, OK"
      }
    },
    {
      "type": "Feature",
      "geometry": {
        "type": "Point",
        "coordinates": [
          -95.9869228,
          36.1612394
        ]
      },
      "properties": {
        "house_number": "522",
        "street_name": "CAMERON—WEST",
        "occupant_name": "Mrs Anna B Day",
        "occupant_description": "",
        "race_designation": "",
        "is_rear": "False",
        "canvas_fragment": "https://digitalcollections.tulsalibrary.org/iiif/2/p15020coll12:2857/manifest.json/canvas/306#xywh=131,1509,20,38",
        "norm_addr": "522 Cameron, Tulsa, OK"
      }
    },
    {
      "type": "Feature",
      "geometry": {
        "type": "Point",
        "coordinates": [
          -95.9869228,
          36.1612394
        ]
      },
      "properties": {
        "house_number": "522",
        "street_name": "CAMERON—WEST",
        "occupant_name": "D E Emerson",
        "occupant_description": "",
        "race_designation": "",
        "is_rear": "False",
        "canvas_fragment": "https://digitalcollections.tulsalibrary.org/iiif/2/p15020coll12:2857/manifest.json/canvas/306#xywh=169,1530,87,20",
        "norm_addr": "522 Cameron, Tulsa, OK"
      }
    },
    {
      "type": "Feature",
      "geometry": {
        "type": "Point",
        "coordinates": [
          -95.9869397,
          36.1612453
        ]
      },
      "properties": {
        "house_number": "523",
        "street_name": "CAMERON—WEST",
        "occupant_name": "R E Eaton",
        "occupant_description": "",
        "race_designation": "",
        "is_rear": "False",
        "canvas_fragment": "https://digitalcollections.tulsalibrary.org/iiif/2/p15020coll12:2857/manifest.json/canvas/306#xywh=168,1546,71,21",
        "norm_addr": "523 Cameron, Tulsa, OK"
      }
    },
    {
      "type": "Feature",
      "geometry": {
        "type": "Point",
        "coordinates": [
          -95.9869144,
          36.1612364
        ]
      },
      "properties": {
        "house_number": "524",
        "street_name": "CAMERON—WEST",
        "occupant_name": "G C Partridge",
        "occupant_description": "",
        "race_designation": "",
        "is_rear": "False",
        "canvas_fragment": "https://digitalcollections.tulsalibrary.org/iiif/2/p15020coll12:2857/manifest.json/canvas/306#xywh=168,1563,90,22",
        "norm_addr": "524 Cameron, Tulsa, OK"
      }
    },
    {
      "type": "Feature",
      "geometry": {
        "type": "Point",
        "coordinates": [
          -95.9869059,
          36.1612334
        ]
      },
      "properties": {
        "house_number": "526",
        "street_name": "CAMERON—WEST",
        "occupant_name": "G W Simpson",
        "occupant_description": "",
        "race_designation": "",
        "is_rear": "False",
        "canvas_fragment": "https://digitalcollections.tulsalibrary.org/iiif/2/p15020coll12:2857/manifest.json/canvas/306#xywh=168,1581,88,22",
        "norm_addr": "526 Cameron, Tulsa, OK"
      }
    },
    {
      "type": "Feature",
      "geometry": {
        "type": "Point",
        "coordinates": [
          -95.9868974,
          36.1612305
        ]
      },
      "properties": {
        "house_number": "528",
        "street_name": "CAMERON—WEST",
        "occupant_name": "R C Middleton",
        "occupant_description": "",
        "race_designation": "",
        "is_rear": "False",
        "canvas_fragment": "https://digitalcollections.tulsalibrary.org/iiif/2/p15020coll12:2857/manifest.json/canvas/306#xywh=168,1599,92,20",
        "norm_addr": "528 Cameron, Tulsa, OK"
      }
    },
    {
      "type": "Feature",
      "geometry": {
        "type": "Point",
        "coordinates": [
          -95.986889,
          36.1612275
        ]
      },
      "properties": {
        "house_number": "530",
        "street_name": "CAMERON—WEST",
        "occupant_name": "L I Brown",
        "occupant_description": "",
        "race_designation": "",
        "is_rear": "False",
        "canvas_fragment": "https://digitalcollections.tulsalibrary.org/iiif/2/p15020coll12:2857/manifest.json/canvas/306#xywh=168,1617,67,18",
        "norm_addr": "530 Cameron, Tulsa, OK"
      }
    },
    {
      "type": "Feature",
      "geometry": {
        "type": "Point",
        "coordinates": [
          -95.989612,
          36.1585682
        ]
      },
      "properties": {
        "house_number": "101",
        "street_name": "DETROIT AV—NORTH",
        "occupant_name": "Eva Allen",
        "occupant_description": "",
        "race_designation": "(c)",
        "is_rear": "False",
        "canvas_fragment": "https://digitalcollections.tulsalibrary.org/iiif/2/p15020coll12:2857/manifest.json/canvas/312#xywh=997,714,106,20",
        "norm_addr": "101 Detroit Ave, Tulsa, OK"
      }
    },
    {
      "type": "Feature",
      "geometry": {
        "type": "Point",
        "coordinates": [
          -95.9895559,
          36.1588282
        ]
      },
      "properties": {
        "house_number": "107",
        "street_name": "DETROIT AV—NORTH",
        "occupant_name": "W E Escoe",
        "occupant_description": "",
        "race_designation": "(c)",
        "is_rear": "False",
        "canvas_fragment": "https://digitalcollections.tulsalibrary.org/iiif/2/p15020coll12:2857/manifest.json/canvas/312#xywh=997,734,106,20",
        "norm_addr": "107 Detroit Ave, Tulsa, OK"
      }
    },
    {
      "type": "Feature",
      "geometry": {
        "type": "Point",
        "coordinates": [
          -95.9898988,
          36.1591129
        ]
      },
      "properties": {
        "house_number": "123",
        "street_name": "DETROIT AV—NORTH",
        "occupant_name": "Augustus Hicks",
        "occupant_description": "",
        "race_designation": "(c)",
        "is_rear": "False",
        "canvas_fragment": "https://digitalcollections.tulsalibrary.org/iiif/2/p15020coll12:2857/manifest.json/canvas/312#xywh=998,747,145,23",
        "norm_addr": "123 Detroit Ave, Tulsa, OK"
      }
    },
    {
      "type": "Feature",
      "geometry": {
        "type": "Point",
        "coordinates": [
          -95.990113,
          36.1595195
        ]
      },
      "properties": {
        "house_number": "201",
        "street_name": "DETROIT AV—NORTH",
        "occupant_name": "Orlander Williams",
        "occupant_description": "",
        "race_designation": "(c)",
        "is_rear": "False",
        "canvas_fragment": "https://digitalcollections.tulsalibrary.org/iiif/2/p15020coll12:2857/manifest.json/canvas/312#xywh=998,770,145,22",
        "norm_addr": "201 Detroit Ave, Tulsa, OK"
      }
    },
    {
      "type": "Feature",
      "geometry": {
        "type": "Point",
        "coordinates": [
          -95.989893,
          36.1598559
        ]
      },
      "properties": {
        "house_number": "205",
        "street_name": "DETROIT AV—NORTH",
        "occupant_name": "Thomas Mulkey",
        "occupant_description": "",
        "race_designation": "(c)",
        "is_rear": "False",
        "canvas_fragment": "https://digitalcollections.tulsalibrary.org/iiif/2/p15020coll12:2857/manifest.json/canvas/312#xywh=997,777,160,22",
        "norm_addr": "205 Detroit Ave, Tulsa, OK"
      }
    },
    {
      "type": "Feature",
      "geometry": {
        "type": "Point",
        "coordinates": [
          -95.99035,
          36.1599488
        ]
      },
      "properties": {
        "house_number": "210",
        "street_name": "DETROIT AV—NORTH",
        "occupant_name": "Dawson Produce Co",
        "occupant_description": "",
        "race_designation": "",
        "is_rear": "False",
        "canvas_fragment": "https://digitalcollections.tulsalibrary.org/iiif/2/p15020coll12:2857/manifest.json/canvas/312#xywh=997,799,160,22",
        "norm_addr": "210 Detroit Ave, Tulsa, OK"
      }
    },
    {
      "type": "Feature",
      "geometry": {
        "type": "Point",
        "coordinates": [
          -95.9912193,
          36.1618222
        ]
      },
      "properties": {
        "house_number": "401",
        "street_name": "DETROIT AV—NORTH",
        "occupant_name": "Armstead Bankhead",
        "occupant_description": "",
        "race_designation": "(c)",
        "is_rear": "False",
        "canvas_fragment": "https://digitalcollections.tulsalibrary.org/iiif/2/p15020coll12:2857/manifest.json/canvas/312#xywh=997,821,160,23",
        "norm_addr": "401 Detroit Ave, Tulsa, OK"
      }
    },
    {
      "type": "Feature",
      "geometry": {
        "type": "Point",
        "coordinates": [
          -95.991417,
          36.1619345
        ]
      },
      "properties": {
        "house_number": "412",
        "street_name": "DETROIT AV—NORTH",
        "occupant_name": "J C Bailey",
        "occupant_description": "",
        "race_designation": "",
        "is_rear": "False",
        "canvas_fragment": "https://digitalcollections.tulsalibrary.org/iiif/2/p15020coll12:2857/manifest.json/canvas/312#xywh=997,895,82,21",
        "norm_addr": "412 Detroit Ave, Tulsa, OK"
      }
    },
    {
      "type": "Feature",
      "geometry": {
        "type": "Point",
        "coordinates": [
          -95.9912966,
          36.1619508
        ]
      },
      "properties": {
        "house_number": "413",
        "street_name": "DETROIT AV—NORTH",
        "occupant_name": "Mrs Hattie J Adams",
        "occupant_description": "",
        "race_designation": "(c)",
        "is_rear": "False",
        "canvas_fragment": "https://digitalcollections.tulsalibrary.org/iiif/2/p15020coll12:2857/manifest.json/canvas/312#xywh=999,909,154,22",
        "norm_addr": "413 Detroit Ave, Tulsa, OK"
      }
    },
    {
      "type": "Feature",
      "geometry": {
        "type": "Point",
        "coordinates": [
          -95.9914296,
          36.1619588
        ]
      },
      "properties": {
        "house_number": "414",
        "street_name": "DETROIT AV—NORTH",
        "occupant_name": "F J Holt",
        "occupant_description": "",
        "race_designation": "",
        "is_rear": "False",
        "canvas_fragment": "https://digitalcollections.tulsalibrary.org/iiif/2/p15020coll12:2857/manifest.json/canvas/312#xywh=962,930,21,18",
        "norm_addr": "414 Detroit Ave, Tulsa, OK"
      }
    },
    {
      "type": "Feature",
      "geometry": {
        "type": "Point",
        "coordinates": [
          -95.9914296,
          36.1619588
        ]
      },
      "properties": {
        "house_number": "414",
        "street_name": "DETROIT AV—NORTH",
        "occupant_name": "R A Oglesby",
        "occupant_description": "",
        "race_designation": "",
        "is_rear": "False",
        "canvas_fragment": "https://digitalcollections.tulsalibrary.org/iiif/2/p15020coll12:2857/manifest.json/canvas/312#xywh=1000,946,84,19",
        "norm_addr": "414 Detroit Ave, Tulsa, OK"
      }
    },
    {
      "type": "Feature",
      "geometry": {
        "type": "Point",
        "coordinates": [
          -95.9914422,
          36.1619832
        ]
      },
      "properties": {
        "house_number": "416",
        "street_name": "DETROIT AV—NORTH",
        "occupant_name": "J M Harman",
        "occupant_description": "",
        "race_designation": "",
        "is_rear": "False",
        "canvas_fragment": "https://digitalcollections.tulsalibrary.org/iiif/2/p15020coll12:2857/manifest.json/canvas/312#xywh=1000,965,84,20",
        "norm_addr": "416 Detroit Ave, Tulsa, OK"
      }
    },
    {
      "type": "Feature",
      "geometry": {
        "type": "Point",
        "coordinates": [
          -95.991417,
          36.1619345
        ]
      },
      "properties": {
        "house_number": "417",
        "street_name": "DETROIT AV—NORTH",
        "occupant_name": "Tucker Gilmer",
        "occupant_description": "",
        "race_designation": "(c)",
        "is_rear": "False",
        "canvas_fragment": "https://digitalcollections.tulsalibrary.org/iiif/2/p15020coll12:2857/manifest.json/canvas/312#xywh=1000,983,122,18",
        "norm_addr": "417 Detroit Ave, Tulsa, OK"
      }
    },
    {
      "type": "Feature",
      "geometry": {
        "type": "Point",
        "coordinates": [
          -95.9914285,
          36.1619568
        ]
      },
      "properties": {
        "house_number": "419",
        "street_name": "DETROIT AV—NORTH",
        "occupant_name": "Lulu Rowe",
        "occupant_description": "",
        "race_designation": "(c)",
        "is_rear": "False",
        "canvas_fragment": "https://digitalcollections.tulsalibrary.org/iiif/2/p15020coll12:2857/manifest.json/canvas/312#xywh=1001,1000,94,20",
        "norm_addr": "419 Detroit Ave, Tulsa, OK"
      }
    },
    {
      "type": "Feature",
      "geometry": {
        "type": "Point",
        "coordinates": [
          -95.9914401,
          36.1619791
        ]
      },
      "properties": {
        "house_number": "421",
        "street_name": "DETROIT AV—NORTH",
        "occupant_name": "George Washington",
        "occupant_description": "",
        "race_designation": "(c)",
        "is_rear": "False",
        "canvas_fragment": "https://digitalcollections.tulsalibrary.org/iiif/2/p15020coll12:2857/manifest.json/canvas/312#xywh=1000,1019,152,19",
        "norm_addr": "421 Detroit Ave, Tulsa, OK"
      }
    },
    {
      "type": "Feature",
      "geometry": {
        "type": "Point",
        "coordinates": [
          -95.9914516,
          36.1620014
        ]
      },
      "properties": {
        "house_number": "423",
        "street_name": "DETROIT AV—NORTH",
        "occupant_name": "Wm Cunigan",
        "occupant_description": "",
        "race_designation": "(c)",
        "is_rear": "False",
        "canvas_fragment": "https://digitalcollections.tulsalibrary.org/iiif/2/p15020coll12:2857/manifest.json/canvas/312#xywh=1000,1028,185,22",
        "norm_addr": "423 Detroit Ave, Tulsa, OK"
      }
    },
    {
      "type": "Feature",
      "geometry": {
        "type": "Point",
        "coordinates": [
          -95.9915304,
          36.1621534
        ]
      },
      "properties": {
        "house_number": "430",
        "street_name": "DETROIT AV—NORTH",
        "occupant_name": "Marciana Villareal",
        "occupant_description": "furn rms",
        "race_designation": "",
        "is_rear": "False",
        "canvas_fragment": "https://digitalcollections.tulsalibrary.org/iiif/2/p15020coll12:2857/manifest.json/canvas/312#xywh=1000,1050,185,22",
        "norm_addr": "430 Detroit Ave, Tulsa, OK"
      }
    },
    {
      "type": "Feature",
      "geometry": {
        "type": "Point",
        "coordinates": [
          -95.9915556,
          36.1622021
        ]
      },
      "properties": {
        "house_number": "434",
        "street_name": "DETROIT AV—NORTH",
        "occupant_name": "E C Reist",
        "occupant_description": "",
        "race_designation": "",
        "is_rear": "False",
        "canvas_fragment": "https://digitalcollections.tulsalibrary.org/iiif/2/p15020coll12:2857/manifest.json/canvas/312#xywh=1000,1072,185,22",
        "norm_addr": "434 Detroit Ave, Tulsa, OK"
      }
    },
    {
      "type": "Feature",
      "geometry": {
        "type": "Point",
        "coordinates": [
          -95.9915556,
          36.1622021
        ]
      },
      "properties": {
        "house_number": "436",
        "street_name": "DETROIT AV—NORTH",
        "occupant_name": "Mrs Viola R Carson",
        "occupant_description": "",
        "race_designation": "",
        "is_rear": "False",
        "canvas_fragment": "https://digitalcollections.tulsalibrary.org/iiif/2/p15020coll12:2857/manifest.json/canvas/312#xywh=1000,1094,185,22",
        "norm_addr": "436 Detroit Ave, Tulsa, OK"
      }
    },
    {
      "type": "Feature",
      "geometry": {
        "type": "Point",
        "coordinates": [
          -95.9918936,
          36.1628646
        ]
      },
      "properties": {
        "house_number": "503",
        "street_name": "DETROIT AV—NORTH",
        "occupant_name": "Mrs M Alice Wright",
        "occupant_description": "",
        "race_designation": "(c)",
        "is_rear": "False",
        "canvas_fragment": "https://digitalcollections.tulsalibrary.org/iiif/2/p15020coll12:2857/manifest.json/canvas/312#xywh=1000,1101,162,20",
        "norm_addr": "503 Detroit Ave, Tulsa, OK"
      }
    },
    {
      "type": "Feature",
      "geometry": {
        "type": "Point",
        "coordinates": [
          -95.9919058,
          36.1628881
        ]
      },
      "properties": {
        "house_number": "507",
        "street_name": "DETROIT AV—NORTH",
        "occupant_name": "R T Bridgewater",
        "occupant_description": "",
        "race_designation": "(c)",
        "is_rear": "False",
        "canvas_fragment": "https://digitalcollections.tulsalibrary.org/iiif/2/p15020coll12:2857/manifest.json/canvas/312#xywh=1000,1121,162,21",
        "norm_addr": "507 Detroit Ave, Tulsa, OK"
      }
    },
    {
      "type": "Feature",
      "geometry": {
        "type": "Point",
        "coordinates": [
          -95.9919743,
          36.1630218
        ]
      },
      "properties": {
        "house_number": "521",
        "street_name": "DETROIT AV—NORTH",
        "occupant_name": "P S Thompson",
        "occupant_description": "",
        "race_designation": "(c)",
        "is_rear": "False",
        "canvas_fragment": "https://digitalcollections.tulsalibrary.org/iiif/2/p15020coll12:2857/manifest.json/canvas/312#xywh=1002,1172,116,28",
        "norm_addr": "521 Detroit Ave, Tulsa, OK"
      }
    },
    {
      "type": "Feature",
      "geometry": {
        "type": "Point",
        "coordinates": [
          -95.9919795,
          36.1630328
        ]
      },
      "properties": {
        "house_number": "522",
        "street_name": "DETROIT AV—NORTH",
        "occupant_name": "Mrs Mary A Dingey",
        "occupant_description": "",
        "race_designation": "",
        "is_rear": "False",
        "canvas_fragment": "https://digitalcollections.tulsalibrary.org/iiif/2/p15020coll12:2857/manifest.json/canvas/312#xywh=1000,1186,132,21",
        "norm_addr": "522 Detroit Ave, Tulsa, OK"
      }
    },
    {
      "type": "Feature",
      "geometry": {
        "type": "Point",
        "coordinates": [
          -95.9919789,
          36.1630314
        ]
      },
      "properties": {
        "house_number": "523",
        "street_name": "DETROIT AV—NORTH",
        "occupant_name": "A C Jackson",
        "occupant_description": "",
        "race_designation": "(c)",
        "is_rear": "False",
        "canvas_fragment": "https://digitalcollections.tulsalibrary.org/iiif/2/p15020coll12:2857/manifest.json/canvas/312#xywh=1000,1207,132,20",
        "norm_addr": "523 Detroit Ave, Tulsa, OK"
      }
    },
    {
      "type": "Feature",
      "geometry": {
        "type": "Point",
        "coordinates": [
          -95.9919926,
          36.1630605
        ]
      },
      "properties": {
        "house_number": "529",
        "street_name": "DETROIT AV—NORTH",
        "occupant_name": "H M Magill",
        "occupant_description": "",
        "race_designation": "(c)",
        "is_rear": "False",
        "canvas_fragment": "https://digitalcollections.tulsalibrary.org/iiif/2/p15020coll12:2857/manifest.json/canvas/312#xywh=1000,1227,132,20",
        "norm_addr": "529 Detroit Ave, Tulsa, OK"
      }
    },
    {
      "type": "Feature",
      "geometry": {
        "type": "Point",
        "coordinates": [
          -95.9919971,
          36.1630702
        ]
      },
      "properties": {
        "house_number": "531",
        "street_name": "DETROIT AV—NORTH",
        "occupant_name": "E W Woods",
        "occupant_description": "",
        "race_designation": "(c)",
        "is_rear": "False",
        "canvas_fragment": "https://digitalcollections.tulsalibrary.org/iiif/2/p15020coll12:2857/manifest.json/canvas/312#xywh=1000,1247,132,21",
        "norm_addr": "531 Detroit Ave, Tulsa, OK"
      }
    },
    {
      "type": "Feature",
      "geometry": {
        "type": "Point",
        "coordinates": [
          -95.9920109,
          36.1630993
        ]
      },
      "properties": {
        "house_number": "537",
        "street_name": "DETROIT AV—NORTH",
        "occupant_name": "T R Gentry",
        "occupant_description": "",
        "race_designation": "(c)",
        "is_rear": "False",
        "canvas_fragment": "https://digitalcollections.tulsalibrary.org/iiif/2/p15020coll12:2857/manifest.json/canvas/312#xywh=1000,1268,132,20",
        "norm_addr": "537 Detroit Ave, Tulsa, OK"
      }
    },
    {
      "type": "Feature",
      "geometry": {
        "type": "Point",
        "coordinates": [
          -95.99202,
          36.1631186
        ]
      },
      "properties": {
        "house_number": "541",
        "street_name": "DETROIT AV—NORTH",
        "occupant_name": "C D Brown",
        "occupant_description": "",
        "race_designation": "(c)",
        "is_rear": "False",
        "canvas_fragment": "https://digitalcollections.tulsalibrary.org/iiif/2/p15020coll12:2857/manifest.json/canvas/312#xywh=1000,1288,132,21",
        "norm_addr": "541 Detroit Ave, Tulsa, OK"
      }
    },
    {
      "type": "Feature",
      "geometry": {
        "type": "Point",
        "coordinates": [
          -95.9923338,
          36.1637218
        ]
      },
      "properties": {
        "house_number": "627",
        "street_name": "DETROIT AV—NORTH",
        "occupant_name": "Harry Abbott",
        "occupant_description": "",
        "race_designation": "(c)",
        "is_rear": "False",
        "canvas_fragment": "https://digitalcollections.tulsalibrary.org/iiif/2/p15020coll12:2857/manifest.json/canvas/312#xywh=1002,1320,118,19",
        "norm_addr": "627 Detroit Ave, Tulsa, OK"
      }
    },
    {
      "type": "Feature",
      "geometry": {
        "type": "Point",
        "coordinates": [
          -95.9926334,
          36.1642932
        ]
      },
      "properties": {
        "house_number": "703",
        "street_name": "DETROIT AV—NORTH",
        "occupant_name": "C A Robinson",
        "occupant_description": "",
        "race_designation": "",
        "is_rear": "False",
        "canvas_fragment": "https://digitalcollections.tulsalibrary.org/iiif/2/p15020coll12:2857/manifest.json/canvas/312#xywh=1002,1335,93,21",
        "norm_addr": "703 Detroit Ave, Tulsa, OK"
      }
    },
    {
      "type": "Feature",
      "geometry": {
        "type": "Point",
        "coordinates": [
          -95.9898603,
          36.1585919
        ]
      },
      "properties": {
        "house_number": "102",
        "street_name": "DETROIT AV—SOUTH",
        "occupant_name": "Skinner Transfer Co",
        "occupant_description": "",
        "race_designation": "",
        "is_rear": "False",
        "canvas_fragment": "https://digitalcollections.tulsalibrary.org/iiif/2/p15020coll12:2857/manifest.json/canvas/313#xywh=169,650,133,23",
        "norm_addr": "102 Detroit Ave, Tulsa, OK"
      }
    },
    {
      "type": "Feature",
      "geometry": {
        "type": "Point",
        "coordinates": [
          -95.9893497,
          36.1588188
        ]
      },
      "properties": {
        "house_number": "105",
        "street_name": "DETROIT AV—SOUTH",
        "occupant_name": "Guarantee Auto Repair Shop",
        "occupant_description": "",
        "race_designation": "",
        "is_rear": "False",
        "canvas_fragment": "https://digitalcollections.tulsalibrary.org/iiif/2/p15020coll12:2857/manifest.json/canvas/313#xywh=129,691,209,22",
        "norm_addr": "105 Detroit Ave, Tulsa, OK"
      }
    },
    {
      "type": "Feature",
      "geometry": {
        "type": "Point",
        "coordinates": [
          -95.9899575,
          36.1587764
        ]
      },
      "properties": {
        "house_number": "106",
        "street_name": "DETROIT AV—SOUTH",
        "occupant_name": "Jacobs Realty Co",
        "occupant_description": "",
        "race_designation": "",
        "is_rear": "False",
        "canvas_fragment": "https://digitalcollections.tulsalibrary.org/iiif/2/p15020coll12:2857/manifest.json/canvas/313#xywh=129,713,209,21",
        "norm_addr": "106 Detroit Ave, Tulsa, OK"
      }
    },
    {
      "type": "Feature",
      "geometry": {
        "type": "Point",
        "coordinates": [
          -95.9896218,
          36.1589791
        ]
      },
      "properties": {
        "house_number": "109",
        "street_name": "DETROIT AV—SOUTH",
        "occupant_name": "J W Hickok",
        "occupant_description": "",
        "race_designation": "",
        "is_rear": "False",
        "canvas_fragment": "https://digitalcollections.tulsalibrary.org/iiif/2/p15020coll12:2857/manifest.json/canvas/313#xywh=129,757,209,21",
        "norm_addr": "109 Detroit Ave, Tulsa, OK"
      }
    },
    {
      "type": "Feature",
      "geometry": {
        "type": "Point",
        "coordinates": [
          -95.9899199,
          36.1586711
        ]
      },
      "properties": {
        "house_number": "110",
        "street_name": "DETROIT AV—SOUTH",
        "occupant_name": "Queen City Livery",
        "occupant_description": "",
        "race_designation": "",
        "is_rear": "False",
        "canvas_fragment": "https://digitalcollections.tulsalibrary.org/iiif/2/p15020coll12:2857/manifest.json/canvas/313#xywh=129,778,209,22",
        "norm_addr": "110 Detroit Ave, Tulsa, OK"
      }
    },
    {
      "type": "Feature",
      "geometry": {
        "type": "Point",
        "coordinates": [
          -95.9898921,
          36.1591002
        ]
      },
      "properties": {
        "house_number": "121",
        "street_name": "DETROIT AV—SOUTH",
        "occupant_name": "\"A\" Mrs Florence D Quinn",
        "occupant_description": "",
        "race_designation": "",
        "is_rear": "False",
        "canvas_fragment": "https://digitalcollections.tulsalibrary.org/iiif/2/p15020coll12:2857/manifest.json/canvas/313#xywh=129,821,209,23",
        "norm_addr": "121 Detroit Ave, Tulsa, OK"
      }
    },
    {
      "type": "Feature",
      "geometry": {
        "type": "Point",
        "coordinates": [
          -95.9898988,
          36.1591129
        ]
      },
      "properties": {
        "house_number": "123",
        "street_name": "DETROIT AV—SOUTH",
        "occupant_name": "\"A\" O A Kelley",
        "occupant_description": "",
        "race_designation": "",
        "is_rear": "False",
        "canvas_fragment": "https://digitalcollections.tulsalibrary.org/iiif/2/p15020coll12:2857/manifest.json/canvas/313#xywh=129,844,209,21",
        "norm_addr": "123 Detroit Ave, Tulsa, OK"
      }
    },
    {
      "type": "Feature",
      "geometry": {
        "type": "Point",
        "coordinates": [
          -95.990113,
          36.1595195
        ]
      },
      "properties": {
        "house_number": "201",
        "street_name": "DETROIT AV—SOUTH",
        "occupant_name": "O W Williams",
        "occupant_description": "",
        "race_designation": "(c)",
        "is_rear": "False",
        "canvas_fragment": "https://digitalcollections.tulsalibrary.org/iiif/2/p15020coll12:2857/manifest.json/canvas/313#xywh=129,865,209,22",
        "norm_addr": "201 Detroit Ave, Tulsa, OK"
      }
    },
    {
      "type": "Feature",
      "geometry": {
        "type": "Point",
        "coordinates": [
          -95.9902552,
          36.1597771
        ]
      },
      "properties": {
        "house_number": "206",
        "street_name": "DETROIT AV—SOUTH",
        "occupant_name": "J F Schomer",
        "occupant_description": "tinner",
        "race_designation": "",
        "is_rear": "False",
        "canvas_fragment": "https://digitalcollections.tulsalibrary.org/iiif/2/p15020coll12:2857/manifest.json/canvas/313#xywh=133,872,19,22",
        "norm_addr": "206 Detroit Ave, Tulsa, OK"
      }
    },
    {
      "type": "Feature",
      "geometry": {
        "type": "Point",
        "coordinates": [
          -95.9903524,
          36.1599532
        ]
      },
      "properties": {
        "house_number": "212",
        "street_name": "DETROIT AV—SOUTH",
        "occupant_name": "H E Bousman",
        "occupant_description": "",
        "race_designation": "",
        "is_rear": "False",
        "canvas_fragment": "https://digitalcollections.tulsalibrary.org/iiif/2/p15020coll12:2857/manifest.json/canvas/313#xywh=171,981,94,19",
        "norm_addr": "212 Detroit Ave, Tulsa, OK"
      }
    },
    {
      "type": "Feature",
      "geometry": {
        "type": "Point",
        "coordinates": [
          -95.9903623,
          36.159972
        ]
      },
      "properties": {
        "house_number": "214",
        "street_name": "DETROIT AV—SOUTH",
        "occupant_name": "Doppert Garage",
        "occupant_description": "",
        "race_designation": "",
        "is_rear": "False",
        "canvas_fragment": "https://digitalcollections.tulsalibrary.org/iiif/2/p15020coll12:2857/manifest.json/canvas/313#xywh=171,1000,114,19",
        "norm_addr": "214 Detroit Ave, Tulsa, OK"
      }
    },
    {
      "type": "Feature",
      "geometry": {
        "type": "Point",
        "coordinates": [
          -95.9904111,
          36.1600641
        ]
      },
      "properties": {
        "house_number": "215",
        "street_name": "DETROIT AV—SOUTH",
        "occupant_name": "La Fayette-Gaston Co",
        "occupant_description": "autos",
        "race_designation": "",
        "is_rear": "False",
        "canvas_fragment": "https://digitalcollections.tulsalibrary.org/iiif/2/p15020coll12:2857/manifest.json/canvas/313#xywh=171,1011,190,25",
        "norm_addr": "215 Detroit Ave, Tulsa, OK"
      }
    },
    {
      "type": "Feature",
      "geometry": {
        "type": "Point",
        "coordinates": [
          -95.9903222,
          36.1612048
        ]
      },
      "properties": {
        "house_number": "319",
        "street_name": "DETROIT AV—SOUTH",
        "occupant_name": "W D Van Sielen",
        "occupant_description": "architect",
        "race_designation": "",
        "is_rear": "False",
        "canvas_fragment": "https://digitalcollections.tulsalibrary.org/iiif/2/p15020coll12:2857/manifest.json/canvas/313#xywh=173,1181,174,20",
        "norm_addr": "319 Detroit Ave, Tulsa, OK"
      }
    },
    {
      "type": "Feature",
      "geometry": {
        "type": "Point",
        "coordinates": [
          -95.9912379,
          36.1618416
        ]
      },
      "properties": {
        "house_number": "403",
        "street_name": "DETROIT AV—SOUTH",
        "occupant_name": "H N Harden",
        "occupant_description": "",
        "race_designation": "",
        "is_rear": "False",
        "canvas_fragment": "https://digitalcollections.tulsalibrary.org/iiif/2/p15020coll12:2857/manifest.json/canvas/313#xywh=173,1237,80,19",
        "norm_addr": "403 Detroit Ave, Tulsa, OK"
      }
    },
    {
      "type": "Feature",
      "geometry": {
        "type": "Point",
        "coordinates": [
          -95.9912379,
          36.1618416
        ]
      },
      "properties": {
        "house_number": "403",
        "street_name": "DETROIT AV—SOUTH",
        "occupant_name": "J L Kollock",
        "occupant_description": "",
        "race_designation": "",
        "is_rear": "False",
        "canvas_fragment": "https://digitalcollections.tulsalibrary.org/iiif/2/p15020coll12:2857/manifest.json/canvas/313#xywh=172,1254,85,19",
        "norm_addr": "403 Detroit Ave, Tulsa, OK"
      }
    },
    {
      "type": "Feature",
      "geometry": {
        "type": "Point",
        "coordinates": [
          -95.9912379,
          36.1618416
        ]
      },
      "properties": {
        "house_number": "403",
        "street_name": "DETROIT AV—SOUTH",
        "occupant_name": "Lawrence McKown",
        "occupant_description": "",
        "race_designation": "",
        "is_rear": "False",
        "canvas_fragment": "https://digitalcollections.tulsalibrary.org/iiif/2/p15020coll12:2857/manifest.json/canvas/313#xywh=172,1273,126,19",
        "norm_addr": "403 Detroit Ave, Tulsa, OK"
      }
    },
    {
      "type": "Feature",
      "geometry": {
        "type": "Point",
        "coordinates": [
          -95.9912379,
          36.1618416
        ]
      },
      "properties": {
        "house_number": "403",
        "street_name": "DETROIT AV—SOUTH",
        "occupant_name": "C L Page",
        "occupant_description": "",
        "race_designation": "",
        "is_rear": "False",
        "canvas_fragment": "https://digitalcollections.tulsalibrary.org/iiif/2/p15020coll12:2857/manifest.json/canvas/313#xywh=134,1292,22,18",
        "norm_addr": "403 Detroit Ave, Tulsa, OK"
      }
    },
    {
      "type": "Feature",
      "geometry": {
        "type": "Point",
        "coordinates": [
          -95.9912731,
          36.1619071
        ]
      },
      "properties": {
        "house_number": "409",
        "street_name": "DETROIT AV—SOUTH",
        "occupant_name": "A D White",
        "occupant_description": "",
        "race_designation": "",
        "is_rear": "False",
        "canvas_fragment": "https://digitalcollections.tulsalibrary.org/iiif/2/p15020coll12:2857/manifest.json/canvas/313#xywh=171,1304,118,21",
        "norm_addr": "409 Detroit Ave, Tulsa, OK"
      }
    },
    {
      "type": "Feature",
      "geometry": {
        "type": "Point",
        "coordinates": [
          -95.9914296,
          36.1619588
        ]
      },
      "properties": {
        "house_number": "414",
        "street_name": "DETROIT AV—SOUTH",
        "occupant_name": "Mrs Lillie Manes",
        "occupant_description": "",
        "race_designation": "",
        "is_rear": "False",
        "canvas_fragment": "https://digitalcollections.tulsalibrary.org/iiif/2/p15020coll12:2857/manifest.json/canvas/313#xywh=171,1325,118,21",
        "norm_addr": "414 Detroit Ave, Tulsa, OK"
      }
    },
    {
      "type": "Feature",
      "geometry": {
        "type": "Point",
        "coordinates": [
          -95.9914422,
          36.1619832
        ]
      },
      "properties": {
        "house_number": "416",
        "street_name": "DETROIT AV—SOUTH",
        "occupant_name": "A W Hart",
        "occupant_description": "",
        "race_designation": "",
        "is_rear": "False",
        "canvas_fragment": "https://digitalcollections.tulsalibrary.org/iiif/2/p15020coll12:2857/manifest.json/canvas/313#xywh=171,1346,118,20",
        "norm_addr": "416 Detroit Ave, Tulsa, OK"
      }
    },
    {
      "type": "Feature",
      "geometry": {
        "type": "Point",
        "coordinates": [
          -95.9914548,
          36.1620075
        ]
      },
      "properties": {
        "house_number": "418",
        "street_name": "DETROIT AV—SOUTH",
        "occupant_name": "C D Ledford",
        "occupant_description": "",
        "race_designation": "",
        "is_rear": "False",
        "canvas_fragment": "https://digitalcollections.tulsalibrary.org/iiif/2/p15020coll12:2857/manifest.json/canvas/313#xywh=171,1366,118,21",
        "norm_addr": "418 Detroit Ave, Tulsa, OK"
      }
    },
    {
      "type": "Feature",
      "geometry": {
        "type": "Point",
        "coordinates": [
          -95.9918814,
          36.1628411
        ]
      },
      "properties": {
        "house_number": "501",
        "street_name": "DETROIT AV—SOUTH",
        "occupant_name": "J W Baker",
        "occupant_description": "",
        "race_designation": "",
        "is_rear": "False",
        "canvas_fragment": "https://digitalcollections.tulsalibrary.org/iiif/2/p15020coll12:2857/manifest.json/canvas/313#xywh=173,1418,74,19",
        "norm_addr": "501 Detroit Ave, Tulsa, OK"
      }
    },
    {
      "type": "Feature",
      "geometry": {
        "type": "Point",
        "coordinates": [
          -95.9918814,
          36.1628411
        ]
      },
      "properties": {
        "house_number": "501",
        "street_name": "DETROIT AV—SOUTH",
        "occupant_name": "W R Dean",
        "occupant_description": "",
        "race_designation": "",
        "is_rear": "False",
        "canvas_fragment": "https://digitalcollections.tulsalibrary.org/iiif/2/p15020coll12:2857/manifest.json/canvas/313",
        "norm_addr": "501 Detroit Ave, Tulsa, OK"
      }
    },
    {
      "type": "Feature",
      "geometry": {
        "type": "Point",
        "coordinates": [
          -95.9918814,
          36.1628411
        ]
      },
      "properties": {
        "house_number": "501",
        "street_name": "DETROIT AV—SOUTH",
        "occupant_name": "E A Haskett",
        "occupant_description": "",
        "race_designation": "",
        "is_rear": "False",
        "canvas_fragment": "https://digitalcollections.tulsalibrary.org/iiif/2/p15020coll12:2857/manifest.json/canvas/313#xywh=175,1454,81,22",
        "norm_addr": "501 Detroit Ave, Tulsa, OK"
      }
    },
    {
      "type": "Feature",
      "geometry": {
        "type": "Point",
        "coordinates": [
          -95.9918814,
          36.1628411
        ]
      },
      "properties": {
        "house_number": "501",
        "street_name": "DETROIT AV—SOUTH",
        "occupant_name": "G H Wilt",
        "occupant_description": "",
        "race_designation": "",
        "is_rear": "False",
        "canvas_fragment": "https://digitalcollections.tulsalibrary.org/iiif/2/p15020coll12:2857/manifest.json/canvas/313#xywh=105,1462,15,56",
        "norm_addr": "501 Detroit Ave, Tulsa, OK"
      }
    },
    {
      "type": "Feature",
      "geometry": {
        "type": "Point",
        "coordinates": [
          -95.9919058,
          36.1628881
        ]
      },
      "properties": {
        "house_number": "505",
        "street_name": "DETROIT AV—SOUTH",
        "occupant_name": "J C Clark",
        "occupant_description": "",
        "race_designation": "",
        "is_rear": "False",
        "canvas_fragment": "https://digitalcollections.tulsalibrary.org/iiif/2/p15020coll12:2857/manifest.json/canvas/313#xywh=175,1509,90,18",
        "norm_addr": "505 Detroit Ave, Tulsa, OK"
      }
    },
    {
      "type": "Feature",
      "geometry": {
        "type": "Point",
        "coordinates": [
          -95.9919058,
          36.1628881
        ]
      },
      "properties": {
        "house_number": "505",
        "street_name": "DETROIT AV—SOUTH",
        "occupant_name": "W C Shunkey",
        "occupant_description": "",
        "race_designation": "",
        "is_rear": "False",
        "canvas_fragment": "https://digitalcollections.tulsalibrary.org/iiif/2/p15020coll12:2857/manifest.json/canvas/313#xywh=106,1517,14,81",
        "norm_addr": "505 Detroit Ave, Tulsa, OK"
      }
    },
    {
      "type": "Feature",
      "geometry": {
        "type": "Point",
        "coordinates": [
          -95.9919058,
          36.1628881
        ]
      },
      "properties": {
        "house_number": "505",
        "street_name": "DETROIT AV—SOUTH",
        "occupant_name": "C E Sparks",
        "occupant_description": "",
        "race_designation": "",
        "is_rear": "False",
        "canvas_fragment": "https://digitalcollections.tulsalibrary.org/iiif/2/p15020coll12:2857/manifest.json/canvas/313#xywh=84,1523,19,289",
        "norm_addr": "505 Detroit Ave, Tulsa, OK"
      }
    },
    {
      "type": "Feature",
      "geometry": {
        "type": "Point",
        "coordinates": [
          -95.9919691,
          36.1630107
        ]
      },
      "properties": {
        "house_number": "506",
        "street_name": "DETROIT AV—SOUTH",
        "occupant_name": "W M Rainier",
        "occupant_description": "",
        "race_designation": "",
        "is_rear": "False",
        "canvas_fragment": "https://digitalcollections.tulsalibrary.org/iiif/2/p15020coll12:2857/manifest.json/canvas/313#xywh=175,1526,80,21",
        "norm_addr": "506 Detroit Ave, Tulsa, OK"
      }
    },
    {
      "type": "Feature",
      "geometry": {
        "type": "Point",
        "coordinates": [
          -95.9919704,
          36.1630135
        ]
      },
      "properties": {
        "house_number": "508",
        "street_name": "DETROIT AV—SOUTH",
        "occupant_name": "Minnette Hedges",
        "occupant_description": "",
        "race_designation": "",
        "is_rear": "False",
        "canvas_fragment": "https://digitalcollections.tulsalibrary.org/iiif/2/p15020coll12:2857/manifest.json/canvas/313#xywh=175,1565,109,18",
        "norm_addr": "508 Detroit Ave, Tulsa, OK"
      }
    },
    {
      "type": "Feature",
      "geometry": {
        "type": "Point",
        "coordinates": [
          -95.9919769,
          36.1630273
        ]
      },
      "properties": {
        "house_number": "518",
        "street_name": "DETROIT AV—SOUTH",
        "occupant_name": "F D Oiler",
        "occupant_description": "",
        "race_designation": "",
        "is_rear": "False",
        "canvas_fragment": "https://digitalcollections.tulsalibrary.org/iiif/2/p15020coll12:2857/manifest.json/canvas/313#xywh=174,1653,67,18",
        "norm_addr": "518 Detroit Ave, Tulsa, OK"
      }
    },
    {
      "type": "Feature",
      "geometry": {
        "type": "Point",
        "coordinates": [
          -95.9919697,
          36.1630121
        ]
      },
      "properties": {
        "house_number": "519",
        "street_name": "DETROIT AV—SOUTH",
        "occupant_name": "D N Smith",
        "occupant_description": "",
        "race_designation": "",
        "is_rear": "False",
        "canvas_fragment": "https://digitalcollections.tulsalibrary.org/iiif/2/p15020coll12:2857/manifest.json/canvas/313#xywh=419,206,77,20",
        "norm_addr": "519 Detroit Ave, Tulsa, OK"
      }
    },
    {
      "type": "Feature",
      "geometry": {
        "type": "Point",
        "coordinates": [
          -95.9919789,
          36.1630314
        ]
      },
      "properties": {
        "house_number": "523",
        "street_name": "DETROIT AV—SOUTH",
        "occupant_name": "B T Moore",
        "occupant_description": "",
        "race_designation": "",
        "is_rear": "False",
        "canvas_fragment": "https://digitalcollections.tulsalibrary.org/iiif/2/p15020coll12:2857/manifest.json/canvas/313#xywh=419,226,77,19",
        "norm_addr": "523 Detroit Ave, Tulsa, OK"
      }
    },
    {
      "type": "Feature",
      "geometry": {
        "type": "Point",
        "coordinates": [
          -95.9919789,
          36.1630314
        ]
      },
      "properties": {
        "house_number": "523",
        "street_name": "DETROIT AV—SOUTH",
        "occupant_name": "Lewis Moore",
        "occupant_description": "",
        "race_designation": "",
        "is_rear": "False",
        "canvas_fragment": "https://digitalcollections.tulsalibrary.org/iiif/2/p15020coll12:2857/manifest.json/canvas/313#xywh=420,242,85,19",
        "norm_addr": "523 Detroit Ave, Tulsa, OK"
      }
    },
    {
      "type": "Feature",
      "geometry": {
        "type": "Point",
        "coordinates": [
          -95.9919808,
          36.1630356
        ]
      },
      "properties": {
        "house_number": "524",
        "street_name": "DETROIT AV—SOUTH",
        "occupant_name": "Fred Kunze",
        "occupant_description": "",
        "race_designation": "",
        "is_rear": "False",
        "canvas_fragment": "https://digitalcollections.tulsalibrary.org/iiif/2/p15020coll12:2857/manifest.json/canvas/313#xywh=420,257,80,25",
        "norm_addr": "524 Detroit Ave, Tulsa, OK"
      }
    },
    {
      "type": "Feature",
      "geometry": {
        "type": "Point",
        "coordinates": [
          -95.9920109,
          36.1630993
        ]
      },
      "properties": {
        "house_number": "537",
        "street_name": "DETROIT AV—SOUTH",
        "occupant_name": "T R Gentry",
        "occupant_description": "",
        "race_designation": "(c)",
        "is_rear": "False",
        "canvas_fragment": "https://digitalcollections.tulsalibrary.org/iiif/2/p15020coll12:2857/manifest.json/canvas/313#xywh=419,274,110,23",
        "norm_addr": "537 Detroit Ave, Tulsa, OK"
      }
    },
    {
      "type": "Feature",
      "geometry": {
        "type": "Point",
        "coordinates": [
          -95.9920291,
          36.163138
        ]
      },
      "properties": {
        "house_number": "545",
        "street_name": "DETROIT AV—SOUTH",
        "occupant_name": "J W Hughes",
        "occupant_description": "",
        "race_designation": "(c)",
        "is_rear": "False",
        "canvas_fragment": "https://digitalcollections.tulsalibrary.org/iiif/2/p15020coll12:2857/manifest.json/canvas/313#xywh=419,297,110,22",
        "norm_addr": "545 Detroit Ave, Tulsa, OK"
      }
    },
    {
      "type": "Feature",
      "geometry": {
        "type": "Point",
        "coordinates": [
          -95.9922529,
          36.1635643
        ]
      },
      "properties": {
        "house_number": "605",
        "street_name": "DETROIT AV—SOUTH",
        "occupant_name": "J D Doty",
        "occupant_description": "",
        "race_designation": "",
        "is_rear": "False",
        "canvas_fragment": "https://digitalcollections.tulsalibrary.org/iiif/2/p15020coll12:2857/manifest.json/canvas/313#xywh=383,337,19,17",
        "norm_addr": "605 Detroit Ave, Tulsa, OK"
      }
    },
    {
      "type": "Feature",
      "geometry": {
        "type": "Point",
        "coordinates": [
          -95.9922815,
          36.1636219
        ]
      },
      "properties": {
        "house_number": "613",
        "street_name": "DETROIT AV—SOUTH",
        "occupant_name": "T E Smiley",
        "occupant_description": "",
        "race_designation": "",
        "is_rear": "False",
        "canvas_fragment": "https://digitalcollections.tulsalibrary.org/iiif/2/p15020coll12:2857/manifest.json/canvas/313#xywh=419,364,81,23",
        "norm_addr": "613 Detroit Ave, Tulsa, OK"
      }
    },
    {
      "type": "Feature",
      "geometry": {
        "type": "Point",
        "coordinates": [
          -95.9922964,
          36.1636505
        ]
      },
      "properties": {
        "house_number": "617",
        "street_name": "DETROIT AV—SOUTH",
        "occupant_name": "O S Mason",
        "occupant_description": "",
        "race_designation": "",
        "is_rear": "False",
        "canvas_fragment": "https://digitalcollections.tulsalibrary.org/iiif/2/p15020coll12:2857/manifest.json/canvas/313#xywh=418,392,149,19",
        "norm_addr": "617 Detroit Ave, Tulsa, OK"
      }
    },
    {
      "type": "Feature",
      "geometry": {
        "type": "Point",
        "coordinates": [
          -95.9923039,
          36.1636647
        ]
      },
      "properties": {
        "house_number": "619",
        "street_name": "DETROIT AV—SOUTH",
        "occupant_name": "Mrs Louise M Brown",
        "occupant_description": "",
        "race_designation": "",
        "is_rear": "False",
        "canvas_fragment": "https://digitalcollections.tulsalibrary.org/iiif/2/p15020coll12:2857/manifest.json/canvas/313#xywh=418,430,149,18",
        "norm_addr": "619 Detroit Ave, Tulsa, OK"
      }
    },
    {
      "type": "Feature",
      "geometry": {
        "type": "Point",
        "coordinates": [
          -95.9923189,
          36.1636933
        ]
      },
      "properties": {
        "house_number": "623",
        "street_name": "DETROIT AV—SOUTH",
        "occupant_name": "W T Franklin",
        "occupant_description": "",
        "race_designation": "",
        "is_rear": "False",
        "canvas_fragment": "https://digitalcollections.tulsalibrary.org/iiif/2/p15020coll12:2857/manifest.json/canvas/313#xywh=418,448,149,20",
        "norm_addr": "623 Detroit Ave, Tulsa, OK"
      }
    },
    {
      "type": "Feature",
      "geometry": {
        "type": "Point",
        "coordinates": [
          -95.9926171,
          36.1642623
        ]
      },
      "properties": {
        "house_number": "700",
        "street_name": "DETROIT AV—SOUTH",
        "occupant_name": "K J Spellman",
        "occupant_description": "",
        "race_designation": "",
        "is_rear": "False",
        "canvas_fragment": "https://digitalcollections.tulsalibrary.org/iiif/2/p15020coll12:2857/manifest.json/canvas/313#xywh=418,468,149,19",
        "norm_addr": "700 Detroit Ave, Tulsa, OK"
      }
    },
    {
      "type": "Feature",
      "geometry": {
        "type": "Point",
        "coordinates": [
          -95.9926497,
          36.1643242
        ]
      },
      "properties": {
        "house_number": "705",
        "street_name": "DETROIT AV—SOUTH",
        "occupant_name": "F G Shaw",
        "occupant_description": "",
        "race_designation": "",
        "is_rear": "False",
        "canvas_fragment": "https://digitalcollections.tulsalibrary.org/iiif/2/p15020coll12:2857/manifest.json/canvas/313#xywh=383,482,20,18",
        "norm_addr": "705 Detroit Ave, Tulsa, OK"
      }
    },
    {
      "type": "Feature",
      "geometry": {
        "type": "Point",
        "coordinates": [
          -95.9926659,
          36.1643552
        ]
      },
      "properties": {
        "house_number": "706",
        "street_name": "DETROIT AV—SOUTH",
        "occupant_name": "Mrs Anna W Miller",
        "occupant_description": "",
        "race_designation": "",
        "is_rear": "False",
        "canvas_fragment": "https://digitalcollections.tulsalibrary.org/iiif/2/p15020coll12:2857/manifest.json/canvas/313#xywh=418,506,149,19",
        "norm_addr": "706 Detroit Ave, Tulsa, OK"
      }
    },
    {
      "type": "Feature",
      "geometry": {
        "type": "Point",
        "coordinates": [
          -95.9924972,
          36.1644658
        ]
      },
      "properties": {
        "house_number": "709",
        "street_name": "DETROIT AV—SOUTH",
        "occupant_name": "J K Putman",
        "occupant_description": "",
        "race_designation": "",
        "is_rear": "False",
        "canvas_fragment": "https://digitalcollections.tulsalibrary.org/iiif/2/p15020coll12:2857/manifest.json/canvas/313#xywh=418,525,149,19",
        "norm_addr": "709 Detroit Ave, Tulsa, OK"
      }
    },
    {
      "type": "Feature",
      "geometry": {
        "type": "Point",
        "coordinates": [
          -95.9925644,
          36.1645655
        ]
      },
      "properties": {
        "house_number": "715",
        "street_name": "DETROIT AV—SOUTH",
        "occupant_name": "D C Shelton",
        "occupant_description": "",
        "race_designation": "",
        "is_rear": "False",
        "canvas_fragment": "https://digitalcollections.tulsalibrary.org/iiif/2/p15020coll12:2857/manifest.json/canvas/313#xywh=421,565,83,23",
        "norm_addr": "715 Detroit Ave, Tulsa, OK"
      }
    },
    {
      "type": "Feature",
      "geometry": {
        "type": "Point",
        "coordinates": [
          -95.9925867,
          36.164594
        ]
      },
      "properties": {
        "house_number": "717",
        "street_name": "DETROIT AV—SOUTH",
        "occupant_name": "M R Safin",
        "occupant_description": "",
        "race_designation": "",
        "is_rear": "False",
        "canvas_fragment": "https://digitalcollections.tulsalibrary.org/iiif/2/p15020coll12:2857/manifest.json/canvas/313#xywh=421,587,68,19",
        "norm_addr": "717 Detroit Ave, Tulsa, OK"
      }
    },
    {
      "type": "Feature",
      "geometry": {
        "type": "Point",
        "coordinates": [
          -95.9902841,
          36.1627949
        ]
      },
      "properties": {
        "house_number": "407",
        "street_name": "EASTON—EAST",
        "occupant_name": "Dudley Coleman",
        "occupant_description": "",
        "race_designation": "(c)",
        "is_rear": "False",
        "canvas_fragment": "https://digitalcollections.tulsalibrary.org/iiif/2/p15020coll12:2857/manifest.json/canvas/314#xywh=167,842,139,20",
        "norm_addr": "407 Easton, Tulsa, OK"
      }
    },
    {
      "type": "Feature",
      "geometry": {
        "type": "Point",
        "coordinates": [
          -95.9902382,
          36.1628118
        ]
      },
      "properties": {
        "house_number": "408",
        "street_name": "EASTON—EAST",
        "occupant_name": "James Bradford",
        "occupant_description": "",
        "race_designation": "(c)",
        "is_rear": "False",
        "canvas_fragment": "https://digitalcollections.tulsalibrary.org/iiif/2/p15020coll12:2857/manifest.json/canvas/314#xywh=167,862,139,21",
        "norm_addr": "408 Easton, Tulsa, OK"
      }
    },
    {
      "type": "Feature",
      "geometry": {
        "type": "Point",
        "coordinates": [
          -95.9902382,
          36.1628118
        ]
      },
      "properties": {
        "house_number": "409",
        "street_name": "EASTON—EAST",
        "occupant_name": "Jefferson Johnson",
        "occupant_description": "",
        "race_designation": "(c)",
        "is_rear": "False",
        "canvas_fragment": "https://digitalcollections.tulsalibrary.org/iiif/2/p15020coll12:2857/manifest.json/canvas/314#xywh=169,875,143,19",
        "norm_addr": "409 Easton, Tulsa, OK"
      }
    },
    {
      "type": "Feature",
      "geometry": {
        "type": "Point",
        "coordinates": [
          -95.9902382,
          36.1628118
        ]
      },
      "properties": {
        "house_number": "409",
        "street_name": "EASTON—EAST",
        "occupant_name": "Wm Ayers",
        "occupant_description": "",
        "race_designation": "(c)",
        "is_rear": "False",
        "canvas_fragment": "https://digitalcollections.tulsalibrary.org/iiif/2/p15020coll12:2857/manifest.json/canvas/314#xywh=169,886,170,17",
        "norm_addr": "409 Easton, Tulsa, OK"
      }
    },
    {
      "type": "Feature",
      "geometry": {
        "type": "Point",
        "coordinates": [
          -95.9901465,
          36.1628457
        ]
      },
      "properties": {
        "house_number": "412",
        "street_name": "EASTON—EAST",
        "occupant_name": "Emmett Johnson",
        "occupant_description": "",
        "race_designation": "(c)",
        "is_rear": "False",
        "canvas_fragment": "https://digitalcollections.tulsalibrary.org/iiif/2/p15020coll12:2857/manifest.json/canvas/314#xywh=169,920,170,18",
        "norm_addr": "412 Easton, Tulsa, OK"
      }
    },
    {
      "type": "Feature",
      "geometry": {
        "type": "Point",
        "coordinates": [
          -95.9900548,
          36.1628797
        ]
      },
      "properties": {
        "house_number": "416",
        "street_name": "EASTON—EAST",
        "occupant_name": "E W Scott",
        "occupant_description": "",
        "race_designation": "(c)",
        "is_rear": "False",
        "canvas_fragment": "https://digitalcollections.tulsalibrary.org/iiif/2/p15020coll12:2857/manifest.json/canvas/314#xywh=169,956,170,17",
        "norm_addr": "416 Easton, Tulsa, OK"
      }
    },
    {
      "type": "Feature",
      "geometry": {
        "type": "Point",
        "coordinates": [
          -95.9900548,
          36.1628797
        ]
      },
      "properties": {
        "house_number": "417",
        "street_name": "EASTON—EAST",
        "occupant_name": "Mrs Sarah Richardson",
        "occupant_description": "",
        "race_designation": "(c)",
        "is_rear": "False",
        "canvas_fragment": "https://digitalcollections.tulsalibrary.org/iiif/2/p15020coll12:2857/manifest.json/canvas/314#xywh=169,973,170,18",
        "norm_addr": "417 Easton, Tulsa, OK"
      }
    },
    {
      "type": "Feature",
      "geometry": {
        "type": "Point",
        "coordinates": [
          -95.990009,
          36.1628966
        ]
      },
      "properties": {
        "house_number": "419",
        "street_name": "EASTON—EAST",
        "occupant_name": "Allan Jones",
        "occupant_description": "",
        "race_designation": "(c)",
        "is_rear": "False",
        "canvas_fragment": "https://digitalcollections.tulsalibrary.org/iiif/2/p15020coll12:2857/manifest.json/canvas/314#xywh=168,991,195,19",
        "norm_addr": "419 Easton, Tulsa, OK"
      }
    },
    {
      "type": "Feature",
      "geometry": {
        "type": "Point",
        "coordinates": [
          -95.9899173,
          36.1629305
        ]
      },
      "properties": {
        "house_number": "422",
        "street_name": "EASTON—EAST",
        "occupant_name": "C F Gabl",
        "occupant_description": "",
        "race_designation": "(c)",
        "is_rear": "False",
        "canvas_fragment": "https://digitalcollections.tulsalibrary.org/iiif/2/p15020coll12:2857/manifest.json/canvas/314#xywh=168,1031,195,21",
        "norm_addr": "422 Easton, Tulsa, OK"
      }
    },
    {
      "type": "Feature",
      "geometry": {
        "type": "Point",
        "coordinates": [
          -95.9898714,
          36.1629475
        ]
      },
      "properties": {
        "house_number": "424",
        "street_name": "EASTON—EAST",
        "occupant_name": "Wm Becknell",
        "occupant_description": "",
        "race_designation": "(c)",
        "is_rear": "False",
        "canvas_fragment": "https://digitalcollections.tulsalibrary.org/iiif/2/p15020coll12:2857/manifest.json/canvas/314#xywh=173,1488,101,21",
        "norm_addr": "424 Easton, Tulsa, OK"
      }
    },
    {
      "type": "Feature",
      "geometry": {
        "type": "Point",
        "coordinates": [
          -95.9902407,
          36.1623964
        ]
      },
      "properties": {
        "house_number": "501",
        "street_name": "EASTON—EAST",
        "occupant_name": "H T Wilson",
        "occupant_description": "real est",
        "race_designation": "(c)",
        "is_rear": "False",
        "canvas_fragment": "https://digitalcollections.tulsalibrary.org/iiif/2/p15020coll12:2857/manifest.json/canvas/314#xywh=168,1072,195,19",
        "norm_addr": "501 Easton, Tulsa, OK"
      }
    },
    {
      "type": "Feature",
      "geometry": {
        "type": "Point",
        "coordinates": [
          -95.9902407,
          36.1623964
        ]
      },
      "properties": {
        "house_number": "503",
        "street_name": "EASTON—EAST",
        "occupant_name": "J R Robertson",
        "occupant_description": "",
        "race_designation": "(c)",
        "is_rear": "False",
        "canvas_fragment": "https://digitalcollections.tulsalibrary.org/iiif/2/p15020coll12:2857/manifest.json/canvas/314#xywh=168,1091,195,21",
        "norm_addr": "503 Easton, Tulsa, OK"
      }
    },
    {
      "type": "Feature",
      "geometry": {
        "type": "Point",
        "coordinates": [
          -95.9902407,
          36.1623964
        ]
      },
      "properties": {
        "house_number": "504",
        "street_name": "EASTON—EAST",
        "occupant_name": "Mrs Carrie Smith",
        "occupant_description": "",
        "race_designation": "(c)",
        "is_rear": "False",
        "canvas_fragment": "https://digitalcollections.tulsalibrary.org/iiif/2/p15020coll12:2857/manifest.json/canvas/314#xywh=166,1093,163,20",
        "norm_addr": "504 Easton, Tulsa, OK"
      }
    },
    {
      "type": "Feature",
      "geometry": {
        "type": "Point",
        "coordinates": [
          -95.9902407,
          36.1623964
        ]
      },
      "properties": {
        "house_number": "507",
        "street_name": "EASTON—EAST",
        "occupant_name": "Mrs Ida Holiday",
        "occupant_description": "",
        "race_designation": "(c)",
        "is_rear": "False",
        "canvas_fragment": "https://digitalcollections.tulsalibrary.org/iiif/2/p15020coll12:2857/manifest.json/canvas/314#xywh=166,1113,163,21",
        "norm_addr": "507 Easton, Tulsa, OK"
      }
    },
    {
      "type": "Feature",
      "geometry": {
        "type": "Point",
        "coordinates": [
          -95.9902407,
          36.1623964
        ]
      },
      "properties": {
        "house_number": "508",
        "street_name": "EASTON—EAST",
        "occupant_name": "Milton Rankins",
        "occupant_description": "",
        "race_designation": "(c)",
        "is_rear": "False",
        "canvas_fragment": "https://digitalcollections.tulsalibrary.org/iiif/2/p15020coll12:2857/manifest.json/canvas/314#xywh=166,1134,163,21",
        "norm_addr": "508 Easton, Tulsa, OK"
      }
    },
    {
      "type": "Feature",
      "geometry": {
        "type": "Point",
        "coordinates": [
          -95.9902407,
          36.1623964
        ]
      },
      "properties": {
        "house_number": "509",
        "street_name": "EASTON—EAST",
        "occupant_name": "Mrs Hixie Blackman",
        "occupant_description": "",
        "race_designation": "(c)",
        "is_rear": "False",
        "canvas_fragment": "https://digitalcollections.tulsalibrary.org/iiif/2/p15020coll12:2857/manifest.json/canvas/314#xywh=166,1155,163,20",
        "norm_addr": "509 Easton, Tulsa, OK"
      }
    },
    {
      "type": "Feature",
      "geometry": {
        "type": "Point",
        "coordinates": [
          -95.9902407,
          36.1623964
        ]
      },
      "properties": {
        "house_number": "509",
        "street_name": "EASTON—EAST",
        "occupant_name": "Belle Gilham",
        "occupant_description": "",
        "race_designation": "(c)",
        "is_rear": "False",
        "canvas_fragment": "https://digitalcollections.tulsalibrary.org/iiif/2/p15020coll12:2857/manifest.json/canvas/314#xywh=166,1175,163,20",
        "norm_addr": "509 Easton, Tulsa, OK"
      }
    },
    {
      "type": "Feature",
      "geometry": {
        "type": "Point",
        "coordinates": [
          -95.9902407,
          36.1623964
        ]
      },
      "properties": {
        "house_number": "509",
        "street_name": "EASTON—EAST",
        "occupant_name": "Harry Von Lewis",
        "occupant_description": "",
        "race_designation": "(c)",
        "is_rear": "False",
        "canvas_fragment": "https://digitalcollections.tulsalibrary.org/iiif/2/p15020coll12:2857/manifest.json/canvas/314#xywh=166,1195,163,21",
        "norm_addr": "509 Easton, Tulsa, OK"
      }
    },
    {
      "type": "Feature",
      "geometry": {
        "type": "Point",
        "coordinates": [
          -95.9902407,
          36.1623964
        ]
      },
      "properties": {
        "house_number": "511",
        "street_name": "EASTON—EAST",
        "occupant_name": "J L Brown",
        "occupant_description": "",
        "race_designation": "(c)",
        "is_rear": "False",
        "canvas_fragment": "https://digitalcollections.tulsalibrary.org/iiif/2/p15020coll12:2857/manifest.json/canvas/314#xywh=168,1216,146,21",
        "norm_addr": "511 Easton, Tulsa, OK"
      }
    },
    {
      "type": "Feature",
      "geometry": {
        "type": "Point",
        "coordinates": [
          -95.9902407,
          36.1623964
        ]
      },
      "properties": {
        "house_number": "513",
        "street_name": "EASTON—EAST",
        "occupant_name": "Homer Riggs",
        "occupant_description": "",
        "race_designation": "(c)",
        "is_rear": "False",
        "canvas_fragment": "https://digitalcollections.tulsalibrary.org/iiif/2/p15020coll12:2857/manifest.json/canvas/314#xywh=168,1237,146,20",
        "norm_addr": "513 Easton, Tulsa, OK"
      }
    },
    {
      "type": "Feature",
      "geometry": {
        "type": "Point",
        "coordinates": [
          -95.9902407,
          36.1623964
        ]
      },
      "properties": {
        "house_number": "515",
        "street_name": "EASTON—EAST",
        "occupant_name": "John Haynes",
        "occupant_description": "",
        "race_designation": "(c)",
        "is_rear": "False",
        "canvas_fragment": "https://digitalcollections.tulsalibrary.org/iiif/2/p15020coll12:2857/manifest.json/canvas/314#xywh=168,1257,146,21",
        "norm_addr": "515 Easton, Tulsa, OK"
      }
    },
    {
      "type": "Feature",
      "geometry": {
        "type": "Point",
        "coordinates": [
          -95.9902407,
          36.1623964
        ]
      },
      "properties": {
        "house_number": "517",
        "street_name": "EASTON—EAST",
        "occupant_name": "Ealy Anderson",
        "occupant_description": "",
        "race_designation": "(c)",
        "is_rear": "False",
        "canvas_fragment": "https://digitalcollections.tulsalibrary.org/iiif/2/p15020coll12:2857/manifest.json/canvas/314#xywh=168,1278,146,19",
        "norm_addr": "517 Easton, Tulsa, OK"
      }
    },
    {
      "type": "Feature",
      "geometry": {
        "type": "Point",
        "coordinates": [
          -95.9902407,
          36.1623964
        ]
      },
      "properties": {
        "house_number": "517",
        "street_name": "EASTON—EAST",
        "occupant_name": "Mrs Ola Anderson",
        "occupant_description": "",
        "race_designation": "(c)",
        "is_rear": "False",
        "canvas_fragment": "https://digitalcollections.tulsalibrary.org/iiif/2/p15020coll12:2857/manifest.json/canvas/314#xywh=168,1297,146,21",
        "norm_addr": "517 Easton, Tulsa, OK"
      }
    },
    {
      "type": "Feature",
      "geometry": {
        "type": "Point",
        "coordinates": [
          -95.9902841,
          36.1627949
        ]
      },
      "properties": {
        "house_number": "407",
        "street_name": "EASTON—WEST",
        "occupant_name": "W P Stetler",
        "occupant_description": "",
        "race_designation": "",
        "is_rear": "False",
        "canvas_fragment": "https://digitalcollections.tulsalibrary.org/iiif/2/p15020coll12:2857/manifest.json/canvas/314#xywh=977,569,136,19",
        "norm_addr": "407 Easton, Tulsa, OK"
      }
    },
    {
      "type": "Feature",
      "geometry": {
        "type": "Point",
        "coordinates": [
          -95.9902382,
          36.1628118
        ]
      },
      "properties": {
        "house_number": "408",
        "street_name": "EASTON—WEST",
        "occupant_name": "Irly Farrar",
        "occupant_description": "",
        "race_designation": "",
        "is_rear": "False",
        "canvas_fragment": "https://digitalcollections.tulsalibrary.org/iiif/2/p15020coll12:2857/manifest.json/canvas/314#xywh=939,576,37,17",
        "norm_addr": "408 Easton, Tulsa, OK"
      }
    },
    {
      "type": "Feature",
      "geometry": {
        "type": "Point",
        "coordinates": [
          -95.9901924,
          36.1628288
        ]
      },
      "properties": {
        "house_number": "411",
        "street_name": "EASTON—WEST",
        "occupant_name": "J W Odell",
        "occupant_description": "",
        "race_designation": "",
        "is_rear": "False",
        "canvas_fragment": "https://digitalcollections.tulsalibrary.org/iiif/2/p15020coll12:2857/manifest.json/canvas/314#xywh=976,575,153,20",
        "norm_addr": "411 Easton, Tulsa, OK"
      }
    },
    {
      "type": "Feature",
      "geometry": {
        "type": "Point",
        "coordinates": [
          -95.990009,
          36.1628966
        ]
      },
      "properties": {
        "house_number": "419",
        "street_name": "EASTON—WEST",
        "occupant_name": "T F Smith",
        "occupant_description": "",
        "race_designation": "",
        "is_rear": "False",
        "canvas_fragment": "https://digitalcollections.tulsalibrary.org/iiif/2/p15020coll12:2857/manifest.json/canvas/314#xywh=987,1606,99,19",
        "norm_addr": "419 Easton, Tulsa, OK"
      }
    },
    {
      "type": "Feature",
      "geometry": {
        "type": "Point",
        "coordinates": [
          -95.9899631,
          36.1629136
        ]
      },
      "properties": {
        "house_number": "421",
        "street_name": "EASTON—WEST",
        "occupant_name": "John Moody",
        "occupant_description": "",
        "race_designation": "",
        "is_rear": "False",
        "canvas_fragment": "https://digitalcollections.tulsalibrary.org/iiif/2/p15020coll12:2857/manifest.json/canvas/314#xywh=939,593,37,17",
        "norm_addr": "421 Easton, Tulsa, OK"
      }
    },
    {
      "type": "Feature",
      "geometry": {
        "type": "Point",
        "coordinates": [
          -95.9899631,
          36.1629136
        ]
      },
      "properties": {
        "house_number": "421",
        "street_name": "EASTON—WEST",
        "occupant_name": "J D Summer",
        "occupant_description": "",
        "race_designation": "",
        "is_rear": "False",
        "canvas_fragment": "https://digitalcollections.tulsalibrary.org/iiif/2/p15020coll12:2857/manifest.json/canvas/314#xywh=732,594,204,18",
        "norm_addr": "421 Easton, Tulsa, OK"
      }
    },
    {
      "type": "Feature",
      "geometry": {
        "type": "Point",
        "coordinates": [
          -95.9899173,
          36.1629305
        ]
      },
      "properties": {
        "house_number": "423",
        "street_name": "EASTON—WEST",
        "occupant_name": "Joel Knebel",
        "occupant_description": "",
        "race_designation": "",
        "is_rear": "False",
        "canvas_fragment": "https://digitalcollections.tulsalibrary.org/iiif/2/p15020coll12:2857/manifest.json/canvas/314#xywh=976,595,153,21",
        "norm_addr": "423 Easton, Tulsa, OK"
      }
    },
    {
      "type": "Feature",
      "geometry": {
        "type": "Point",
        "coordinates": [
          -95.9899173,
          36.1629305
        ]
      },
      "properties": {
        "house_number": "423",
        "street_name": "EASTON—WEST",
        "occupant_name": "Watt Smith",
        "occupant_description": "",
        "race_designation": "",
        "is_rear": "False",
        "canvas_fragment": "https://digitalcollections.tulsalibrary.org/iiif/2/p15020coll12:2857/manifest.json/canvas/314#xywh=697,600,22,38",
        "norm_addr": "423 Easton, Tulsa, OK"
      }
    },
    {
      "type": "Feature",
      "geometry": {
        "type": "Point",
        "coordinates": [
          -95.9902407,
          36.1623964
        ]
      },
      "properties": {
        "house_number": "503",
        "street_name": "EASTON—WEST",
        "occupant_name": "M J Fitzgerald",
        "occupant_description": "grocer",
        "race_designation": "",
        "is_rear": "False",
        "canvas_fragment": "https://digitalcollections.tulsalibrary.org/iiif/2/p15020coll12:2857/manifest.json/canvas/314#xywh=939,610,37,18",
        "norm_addr": "503 Easton, Tulsa, OK"
      }
    },
    {
      "type": "Feature",
      "geometry": {
        "type": "Point",
        "coordinates": [
          -95.9902407,
          36.1623964
        ]
      },
      "properties": {
        "house_number": "507",
        "street_name": "EASTON—WEST",
        "occupant_name": "Mrs Julia McQueen",
        "occupant_description": "",
        "race_designation": "",
        "is_rear": "False",
        "canvas_fragment": "https://digitalcollections.tulsalibrary.org/iiif/2/p15020coll12:2857/manifest.json/canvas/314#xywh=732,612,204,17",
        "norm_addr": "507 Easton, Tulsa, OK"
      }
    },
    {
      "type": "Feature",
      "geometry": {
        "type": "Point",
        "coordinates": [
          -95.9902407,
          36.1623964
        ]
      },
      "properties": {
        "house_number": "507",
        "street_name": "EASTON—WEST",
        "occupant_name": "A C W Wells",
        "occupant_description": "",
        "race_designation": "",
        "is_rear": "False",
        "canvas_fragment": "https://digitalcollections.tulsalibrary.org/iiif/2/p15020coll12:2857/manifest.json/canvas/314#xywh=976,616,153,21",
        "norm_addr": "507 Easton, Tulsa, OK"
      }
    },
    {
      "type": "Feature",
      "geometry": {
        "type": "Point",
        "coordinates": [
          -95.9902407,
          36.1623964
        ]
      },
      "properties": {
        "house_number": "509",
        "street_name": "EASTON—WEST",
        "occupant_name": "B I Mullendore",
        "occupant_description": "",
        "race_designation": "",
        "is_rear": "False",
        "canvas_fragment": "https://digitalcollections.tulsalibrary.org/iiif/2/p15020coll12:2857/manifest.json/canvas/314#xywh=939,628,37,18",
        "norm_addr": "509 Easton, Tulsa, OK"
      }
    },
    {
      "type": "Feature",
      "geometry": {
        "type": "Point",
        "coordinates": [
          -95.9902407,
          36.1623964
        ]
      },
      "properties": {
        "house_number": "509-A",
        "street_name": "EASTON—WEST",
        "occupant_name": "J E Mullendore",
        "occupant_description": "",
        "race_designation": "",
        "is_rear": "False",
        "canvas_fragment": "https://digitalcollections.tulsalibrary.org/iiif/2/p15020coll12:2857/manifest.json/canvas/314#xywh=732,629,204,17",
        "norm_addr": "509-A Easton, Tulsa, OK"
      }
    },
    {
      "type": "Feature",
      "geometry": {
        "type": "Point",
        "coordinates": [
          -95.9902407,
          36.1623964
        ]
      },
      "properties": {
        "house_number": "511",
        "street_name": "EASTON—WEST",
        "occupant_name": "Mrs Miriam L Perrin",
        "occupant_description": "",
        "race_designation": "",
        "is_rear": "False",
        "canvas_fragment": "https://digitalcollections.tulsalibrary.org/iiif/2/p15020coll12:2857/manifest.json/canvas/314#xywh=976,637,153,21",
        "norm_addr": "511 Easton, Tulsa, OK"
      }
    },
    {
      "type": "Feature",
      "geometry": {
        "type": "Point",
        "coordinates": [
          -95.9902407,
          36.1623964
        ]
      },
      "properties": {
        "house_number": "511",
        "street_name": "EASTON—WEST",
        "occupant_name": "Clifford Silverthorn",
        "occupant_description": "",
        "race_designation": "",
        "is_rear": "False",
        "canvas_fragment": "https://digitalcollections.tulsalibrary.org/iiif/2/p15020coll12:2857/manifest.json/canvas/314#xywh=732,646,204,18",
        "norm_addr": "511 Easton, Tulsa, OK"
      }
    },
    {
      "type": "Feature",
      "geometry": {
        "type": "Point",
        "coordinates": [
          -95.9902407,
          36.1623964
        ]
      },
      "properties": {
        "house_number": "512",
        "street_name": "EASTON—WEST",
        "occupant_name": "J T McCracken",
        "occupant_description": "",
        "race_designation": "",
        "is_rear": "False",
        "canvas_fragment": "https://digitalcollections.tulsalibrary.org/iiif/2/p15020coll12:2857/manifest.json/canvas/314#xywh=939,646,37,18",
        "norm_addr": "512 Easton, Tulsa, OK"
      }
    },
    {
      "type": "Feature",
      "geometry": {
        "type": "Point",
        "coordinates": [
          -95.9902407,
          36.1623964
        ]
      },
      "properties": {
        "house_number": "515",
        "street_name": "EASTON—WEST",
        "occupant_name": "A H Maile",
        "occupant_description": "",
        "race_designation": "",
        "is_rear": "False",
        "canvas_fragment": "https://digitalcollections.tulsalibrary.org/iiif/2/p15020coll12:2857/manifest.json/canvas/314#xywh=976,658,153,21",
        "norm_addr": "515 Easton, Tulsa, OK"
      }
    },
    {
      "type": "Feature",
      "geometry": {
        "type": "Point",
        "coordinates": [
          -95.9902407,
          36.1623964
        ]
      },
      "properties": {
        "house_number": "516",
        "street_name": "EASTON—WEST",
        "occupant_name": "R A Stewart",
        "occupant_description": "",
        "race_designation": "",
        "is_rear": "False",
        "canvas_fragment": "https://digitalcollections.tulsalibrary.org/iiif/2/p15020coll12:2857/manifest.json/canvas/314#xywh=732,664,204,17",
        "norm_addr": "516 Easton, Tulsa, OK"
      }
    },
    {
      "type": "Feature",
      "geometry": {
        "type": "Point",
        "coordinates": [
          -95.9890918,
          36.1605301
        ]
      },
      "properties": {
        "house_number": "117",
        "street_name": "ELGIN AV—NORTH",
        "occupant_name": "Mrs Anna Stevens",
        "occupant_description": "",
        "race_designation": "(c)",
        "is_rear": "False",
        "canvas_fragment": "https://digitalcollections.tulsalibrary.org/iiif/2/p15020coll12:2857/manifest.json/canvas/316#xywh=160,658,144,22",
        "norm_addr": "117 Elgin Ave, Tulsa, OK"
      }
    },
    {
      "type": "Feature",
      "geometry": {
        "type": "Point",
        "coordinates": [
          -95.9890288,
          36.1595432
        ]
      },
      "properties": {
        "house_number": "120",
        "street_name": "ELGIN AV—NORTH",
        "occupant_name": "R O Neal",
        "occupant_description": "restaurant",
        "race_designation": "(c)",
        "is_rear": "False",
        "canvas_fragment": "https://digitalcollections.tulsalibrary.org/iiif/2/p15020coll12:2857/manifest.json/canvas/316#xywh=160,694,167,22",
        "norm_addr": "120 Elgin Ave, Tulsa, OK"
      }
    },
    {
      "type": "Feature",
      "geometry": {
        "type": "Point",
        "coordinates": [
          -95.9887702,
          36.1596163
        ]
      },
      "properties": {
        "house_number": "122",
        "street_name": "ELGIN AV—NORTH",
        "occupant_name": "Wm Brooks",
        "occupant_description": "",
        "race_designation": "(c)",
        "is_rear": "False",
        "canvas_fragment": "https://digitalcollections.tulsalibrary.org/iiif/2/p15020coll12:2857/manifest.json/canvas/316#xywh=161,714,104,20",
        "norm_addr": "122 Elgin Ave, Tulsa, OK"
      }
    },
    {
      "type": "Feature",
      "geometry": {
        "type": "Point",
        "coordinates": [
          -95.9890927,
          36.1605319
        ]
      },
      "properties": {
        "house_number": "123",
        "street_name": "ELGIN AV—NORTH",
        "occupant_name": "Gus Johnson",
        "occupant_description": "",
        "race_designation": "(c)",
        "is_rear": "False",
        "canvas_fragment": "https://digitalcollections.tulsalibrary.org/iiif/2/p15020coll12:2857/manifest.json/canvas/316#xywh=416,572,124,20",
        "norm_addr": "123 Elgin Ave, Tulsa, OK"
      }
    },
    {
      "type": "Feature",
      "geometry": {
        "type": "Point",
        "coordinates": [
          -95.9890306,
          36.1595467
        ]
      },
      "properties": {
        "house_number": "126",
        "street_name": "ELGIN AV—NORTH",
        "occupant_name": "F R Williams",
        "occupant_description": "conf",
        "race_designation": "(c)",
        "is_rear": "False",
        "canvas_fragment": "https://digitalcollections.tulsalibrary.org/iiif/2/p15020coll12:2857/manifest.json/canvas/316#xywh=159,760,152,30",
        "norm_addr": "126 Elgin Ave, Tulsa, OK"
      }
    },
    {
      "type": "Feature",
      "geometry": {
        "type": "Point",
        "coordinates": [
          -95.9890347,
          36.1595547
        ]
      },
      "properties": {
        "house_number": "128",
        "street_name": "ELGIN AV—NORTH",
        "occupant_name": "James Hill",
        "occupant_description": "grocer",
        "race_designation": "(c)",
        "is_rear": "False",
        "canvas_fragment": "https://digitalcollections.tulsalibrary.org/iiif/2/p15020coll12:2857/manifest.json/canvas/316#xywh=159,777,176,23",
        "norm_addr": "128 Elgin Ave, Tulsa, OK"
      }
    },
    {
      "type": "Feature",
      "geometry": {
        "type": "Point",
        "coordinates": [
          -95.9902873,
          36.1624858
        ]
      },
      "properties": {
        "house_number": "424",
        "street_name": "ELGIN AV—NORTH",
        "occupant_name": "Mrs Mary Glass",
        "occupant_description": "",
        "race_designation": "(c)",
        "is_rear": "False",
        "canvas_fragment": "https://digitalcollections.tulsalibrary.org/iiif/2/p15020coll12:2857/manifest.json/canvas/316",
        "norm_addr": "424 Elgin Ave, Tulsa, OK"
      }
    },
    {
      "type": "Feature",
      "geometry": {
        "type": "Point",
        "coordinates": [
          -95.9904371,
          36.1627736
        ]
      },
      "properties": {
        "house_number": "503",
        "street_name": "ELGIN AV—NORTH",
        "occupant_name": "B E Bryant",
        "occupant_description": "",
        "race_designation": "(c)",
        "is_rear": "False",
        "canvas_fragment": "https://digitalcollections.tulsalibrary.org/iiif/2/p15020coll12:2857/manifest.json/canvas/316",
        "norm_addr": "503 Elgin Ave, Tulsa, OK"
      }
    },
    {
      "type": "Feature",
      "geometry": {
        "type": "Point",
        "coordinates": [
          -95.9889771,
          36.1589955
        ]
      },
      "properties": {
        "house_number": "106",
        "street_name": "ELGIN AV—SOUTH",
        "occupant_name": "I D Hartshorn",
        "occupant_description": "restaurant",
        "race_designation": "",
        "is_rear": "False",
        "canvas_fragment": "https://digitalcollections.tulsalibrary.org/iiif/2/p15020coll12:2857/manifest.json/canvas/316#xywh=432,790,134,16",
        "norm_addr": "106 Elgin Ave, Tulsa, OK"
      }
    },
    {
      "type": "Feature",
      "geometry": {
        "type": "Point",
        "coordinates": [
          -95.9890091,
          36.1590549
        ]
      },
      "properties": {
        "house_number": "108",
        "street_name": "ELGIN AV—SOUTH",
        "occupant_name": "J W Allen",
        "occupant_description": "barber",
        "race_designation": "",
        "is_rear": "False",
        "canvas_fragment": "https://digitalcollections.tulsalibrary.org/iiif/2/p15020coll12:2857/manifest.json/canvas/316#xywh=417,831,123,16",
        "norm_addr": "108 Elgin Ave, Tulsa, OK"
      }
    },
    {
      "type": "Feature",
      "geometry": {
        "type": "Point",
        "coordinates": [
          -95.9890913,
          36.1592636
        ]
      },
      "properties": {
        "house_number": "110",
        "street_name": "ELGIN AV—SOUTH",
        "occupant_name": "George Smith",
        "occupant_description": "soft drinks",
        "race_designation": "",
        "is_rear": "False",
        "canvas_fragment": "https://digitalcollections.tulsalibrary.org/iiif/2/p15020coll12:2857/manifest.json/canvas/316#xywh=417,847,169,17",
        "norm_addr": "110 Elgin Ave, Tulsa, OK"
      }
    },
    {
      "type": "Feature",
      "geometry": {
        "type": "Point",
        "coordinates": [
          -95.9887619,
          36.1596004
        ]
      },
      "properties": {
        "house_number": "118",
        "street_name": "ELGIN AV—SOUTH",
        "occupant_name": "J L Jones",
        "occupant_description": "welder",
        "race_designation": "",
        "is_rear": "False",
        "canvas_fragment": "https://digitalcollections.tulsalibrary.org/iiif/2/p15020coll12:2857/manifest.json/canvas/316#xywh=416,972,158,20",
        "norm_addr": "118 Elgin Ave, Tulsa, OK"
      }
    },
    {
      "type": "Feature",
      "geometry": {
        "type": "Point",
        "coordinates": [
          -95.9890288,
          36.1595432
        ]
      },
      "properties": {
        "house_number": "120",
        "street_name": "ELGIN AV—SOUTH",
        "occupant_name": "Joseph Hodges",
        "occupant_description": "transfer",
        "race_designation": "",
        "is_rear": "False",
        "canvas_fragment": "https://digitalcollections.tulsalibrary.org/iiif/2/p15020coll12:2857/manifest.json/canvas/316#xywh=418,984,162,19",
        "norm_addr": "120 Elgin Ave, Tulsa, OK"
      }
    },
    {
      "type": "Feature",
      "geometry": {
        "type": "Point",
        "coordinates": [
          -95.9891058,
          36.160556
        ]
      },
      "properties": {
        "house_number": "205",
        "street_name": "ELGIN AV—SOUTH",
        "occupant_name": "Bowman-Robertson",
        "occupant_description": "",
        "race_designation": "",
        "is_rear": "False",
        "canvas_fragment": "https://digitalcollections.tulsalibrary.org/iiif/2/p15020coll12:2857/manifest.json/canvas/316#xywh=419,1019,128,19",
        "norm_addr": "205 Elgin Ave, Tulsa, OK"
      }
    },
    {
      "type": "Feature",
      "geometry": {
        "type": "Point",
        "coordinates": [
          -95.9890448,
          36.1601383
        ]
      },
      "properties": {
        "house_number": "206",
        "street_name": "ELGIN AV—SOUTH",
        "occupant_name": "Frank Crawford",
        "occupant_description": "",
        "race_designation": "",
        "is_rear": "False",
        "canvas_fragment": "https://digitalcollections.tulsalibrary.org/iiif/2/p15020coll12:2857/manifest.json/canvas/316#xywh=418,1035,111,19",
        "norm_addr": "206 Elgin Ave, Tulsa, OK"
      }
    },
    {
      "type": "Feature",
      "geometry": {
        "type": "Point",
        "coordinates": [
          -95.9890448,
          36.1601383
        ]
      },
      "properties": {
        "house_number": "206",
        "street_name": "ELGIN AV—SOUTH",
        "occupant_name": "F E Graham",
        "occupant_description": "",
        "race_designation": "",
        "is_rear": "False",
        "canvas_fragment": "https://digitalcollections.tulsalibrary.org/iiif/2/p15020coll12:2857/manifest.json/canvas/316#xywh=380,1037,21,20",
        "norm_addr": "206 Elgin Ave, Tulsa, OK"
      }
    },
    {
      "type": "Feature",
      "geometry": {
        "type": "Point",
        "coordinates": [
          -95.9890448,
          36.1601383
        ]
      },
      "properties": {
        "house_number": "206",
        "street_name": "ELGIN AV—SOUTH",
        "occupant_name": "Nicholas Jerefos",
        "occupant_description": "",
        "race_designation": "",
        "is_rear": "False",
        "canvas_fragment": "https://digitalcollections.tulsalibrary.org/iiif/2/p15020coll12:2857/manifest.json/canvas/316#xywh=418,1071,111,18",
        "norm_addr": "206 Elgin Ave, Tulsa, OK"
      }
    },
    {
      "type": "Feature",
      "geometry": {
        "type": "Point",
        "coordinates": [
          -95.9891064,
          36.1605572
        ]
      },
      "properties": {
        "house_number": "209",
        "street_name": "ELGIN AV—SOUTH",
        "occupant_name": "J A Allen",
        "occupant_description": "",
        "race_designation": "",
        "is_rear": "False",
        "canvas_fragment": "https://digitalcollections.tulsalibrary.org/iiif/2/p15020coll12:2857/manifest.json/canvas/316#xywh=417,1089,102,19",
        "norm_addr": "209 Elgin Ave, Tulsa, OK"
      }
    },
    {
      "type": "Feature",
      "geometry": {
        "type": "Point",
        "coordinates": [
          -95.9891064,
          36.1605572
        ]
      },
      "properties": {
        "house_number": "209",
        "street_name": "ELGIN AV—SOUTH",
        "occupant_name": "E A Stevenson",
        "occupant_description": "",
        "race_designation": "",
        "is_rear": "False",
        "canvas_fragment": "https://digitalcollections.tulsalibrary.org/iiif/2/p15020coll12:2857/manifest.json/canvas/316#xywh=417,1108,102,18",
        "norm_addr": "209 Elgin Ave, Tulsa, OK"
      }
    },
    {
      "type": "Feature",
      "geometry": {
        "type": "Point",
        "coordinates": [
          -95.9896002,
          36.1603986
        ]
      },
      "properties": {
        "house_number": "216",
        "street_name": "ELGIN AV—SOUTH",
        "occupant_name": "Hurry Up Messenger Service",
        "occupant_description": "",
        "race_designation": "",
        "is_rear": "False",
        "canvas_fragment": "https://digitalcollections.tulsalibrary.org/iiif/2/p15020coll12:2857/manifest.json/canvas/316#xywh=403,1263,204,19",
        "norm_addr": "216 Elgin Ave, Tulsa, OK"
      }
    },
    {
      "type": "Feature",
      "geometry": {
        "type": "Point",
        "coordinates": [
          -95.9896788,
          36.1613166
        ]
      },
      "properties": {
        "house_number": "306",
        "street_name": "ELGIN AV—SOUTH",
        "occupant_name": "R L Daley",
        "occupant_description": "",
        "race_designation": "",
        "is_rear": "False",
        "canvas_fragment": "https://digitalcollections.tulsalibrary.org/iiif/2/p15020coll12:2857/manifest.json/canvas/316#xywh=403,1282,204,20",
        "norm_addr": "306 Elgin Ave, Tulsa, OK"
      }
    },
    {
      "type": "Feature",
      "geometry": {
        "type": "Point",
        "coordinates": [
          -95.9896788,
          36.1613166
        ]
      },
      "properties": {
        "house_number": "306",
        "street_name": "ELGIN AV—SOUTH",
        "occupant_name": "E A Sanders",
        "occupant_description": "",
        "race_designation": "",
        "is_rear": "False",
        "canvas_fragment": "https://digitalcollections.tulsalibrary.org/iiif/2/p15020coll12:2857/manifest.json/canvas/316#xywh=420,1296,83,19",
        "norm_addr": "306 Elgin Ave, Tulsa, OK"
      }
    },
    {
      "type": "Feature",
      "geometry": {
        "type": "Point",
        "coordinates": [
          -95.9896788,
          36.1613166
        ]
      },
      "properties": {
        "house_number": "306",
        "street_name": "ELGIN AV—SOUTH",
        "occupant_name": "G A Windham",
        "occupant_description": "",
        "race_designation": "",
        "is_rear": "False",
        "canvas_fragment": "https://digitalcollections.tulsalibrary.org/iiif/2/p15020coll12:2857/manifest.json/canvas/316#xywh=418,1311,95,19",
        "norm_addr": "306 Elgin Ave, Tulsa, OK"
      }
    },
    {
      "type": "Feature",
      "geometry": {
        "type": "Point",
        "coordinates": [
          -95.989694,
          36.1613468
        ]
      },
      "properties": {
        "house_number": "310",
        "street_name": "ELGIN AV—SOUTH",
        "occupant_name": "Gallais Apartments",
        "occupant_description": "",
        "race_designation": "",
        "is_rear": "False",
        "canvas_fragment": "https://digitalcollections.tulsalibrary.org/iiif/2/p15020coll12:2857/manifest.json/canvas/316#xywh=417,1332,128,17",
        "norm_addr": "310 Elgin Ave, Tulsa, OK"
      }
    },
    {
      "type": "Feature",
      "geometry": {
        "type": "Point",
        "coordinates": [
          -95.989694,
          36.1613468
        ]
      },
      "properties": {
        "house_number": "310",
        "street_name": "ELGIN AV—SOUTH",
        "occupant_name": "\"A\" J F Rose",
        "occupant_description": "",
        "race_designation": "",
        "is_rear": "False",
        "canvas_fragment": "https://digitalcollections.tulsalibrary.org/iiif/2/p15020coll12:2857/manifest.json/canvas/316#xywh=402,1344,96,26",
        "norm_addr": "310 Elgin Ave, Tulsa, OK"
      }
    },
    {
      "type": "Feature",
      "geometry": {
        "type": "Point",
        "coordinates": [
          -95.989694,
          36.1613468
        ]
      },
      "properties": {
        "house_number": "310",
        "street_name": "ELGIN AV—SOUTH",
        "occupant_name": "\"A\" L A Quisenberry",
        "occupant_description": "",
        "race_designation": "",
        "is_rear": "False",
        "canvas_fragment": "https://digitalcollections.tulsalibrary.org/iiif/2/p15020coll12:2857/manifest.json/canvas/316#xywh=380,1361,165,21",
        "norm_addr": "310 Elgin Ave, Tulsa, OK"
      }
    },
    {
      "type": "Feature",
      "geometry": {
        "type": "Point",
        "coordinates": [
          -95.989694,
          36.1613468
        ]
      },
      "properties": {
        "house_number": "310",
        "street_name": "ELGIN AV—SOUTH",
        "occupant_name": "\"B\" J F Eagan",
        "occupant_description": "",
        "race_designation": "",
        "is_rear": "False",
        "canvas_fragment": "https://digitalcollections.tulsalibrary.org/iiif/2/p15020coll12:2857/manifest.json/canvas/316#xywh=380,1381,125,19",
        "norm_addr": "310 Elgin Ave, Tulsa, OK"
      }
    },
    {
      "type": "Feature",
      "geometry": {
        "type": "Point",
        "coordinates": [
          -95.989694,
          36.1613468
        ]
      },
      "properties": {
        "house_number": "310",
        "street_name": "ELGIN AV—SOUTH",
        "occupant_name": "\"C\" Mrs Bess Ellis",
        "occupant_description": "dressmkr",
        "race_designation": "",
        "is_rear": "False",
        "canvas_fragment": "https://digitalcollections.tulsalibrary.org/iiif/2/p15020coll12:2857/manifest.json/canvas/316#xywh=380,1397,219,24",
        "norm_addr": "310 Elgin Ave, Tulsa, OK"
      }
    },
    {
      "type": "Feature",
      "geometry": {
        "type": "Point",
        "coordinates": [
          -95.989694,
          36.1613468
        ]
      },
      "properties": {
        "house_number": "310",
        "street_name": "ELGIN AV—SOUTH",
        "occupant_name": "\"B\" N A McKeever",
        "occupant_description": "oils",
        "race_designation": "",
        "is_rear": "False",
        "canvas_fragment": "https://digitalcollections.tulsalibrary.org/iiif/2/p15020coll12:2857/manifest.json/canvas/316#xywh=380,1417,184,19",
        "norm_addr": "310 Elgin Ave, Tulsa, OK"
      }
    },
    {
      "type": "Feature",
      "geometry": {
        "type": "Point",
        "coordinates": [
          -95.989694,
          36.1613468
        ]
      },
      "properties": {
        "house_number": "310",
        "street_name": "ELGIN AV—SOUTH",
        "occupant_name": "\"D\" F W Johnson",
        "occupant_description": "",
        "race_designation": "",
        "is_rear": "False",
        "canvas_fragment": "https://digitalcollections.tulsalibrary.org/iiif/2/p15020coll12:2857/manifest.json/canvas/316#xywh=380,1436,184,19",
        "norm_addr": "310 Elgin Ave, Tulsa, OK"
      }
    },
    {
      "type": "Feature",
      "geometry": {
        "type": "Point",
        "coordinates": [
          -95.989694,
          36.1613468
        ]
      },
      "properties": {
        "house_number": "310",
        "street_name": "ELGIN AV—SOUTH",
        "occupant_name": "\"D\" M C Spradling",
        "occupant_description": "",
        "race_designation": "",
        "is_rear": "False",
        "canvas_fragment": "https://digitalcollections.tulsalibrary.org/iiif/2/p15020coll12:2857/manifest.json/canvas/316#xywh=381,1449,150,19",
        "norm_addr": "310 Elgin Ave, Tulsa, OK"
      }
    },
    {
      "type": "Feature",
      "geometry": {
        "type": "Point",
        "coordinates": [
          -95.989694,
          36.1613468
        ]
      },
      "properties": {
        "house_number": "310",
        "street_name": "ELGIN AV—SOUTH",
        "occupant_name": "\"F\" C G Stone",
        "occupant_description": "",
        "race_designation": "",
        "is_rear": "False",
        "canvas_fragment": "https://digitalcollections.tulsalibrary.org/iiif/2/p15020coll12:2857/manifest.json/canvas/316#xywh=381,1468,150,20",
        "norm_addr": "310 Elgin Ave, Tulsa, OK"
      }
    },
    {
      "type": "Feature",
      "geometry": {
        "type": "Point",
        "coordinates": [
          -95.9897246,
          36.1614071
        ]
      },
      "properties": {
        "house_number": "318",
        "street_name": "ELGIN AV—SOUTH",
        "occupant_name": "\"A\" G H Beal",
        "occupant_description": "",
        "race_designation": "",
        "is_rear": "False",
        "canvas_fragment": "https://digitalcollections.tulsalibrary.org/iiif/2/p15020coll12:2857/manifest.json/canvas/316#xywh=381,1568,117,20",
        "norm_addr": "318 Elgin Ave, Tulsa, OK"
      }
    },
    {
      "type": "Feature",
      "geometry": {
        "type": "Point",
        "coordinates": [
          -95.9897246,
          36.1614071
        ]
      },
      "properties": {
        "house_number": "318",
        "street_name": "ELGIN AV—SOUTH",
        "occupant_name": "\"A\" Jack Benn",
        "occupant_description": "",
        "race_designation": "",
        "is_rear": "False",
        "canvas_fragment": "https://digitalcollections.tulsalibrary.org/iiif/2/p15020coll12:2857/manifest.json/canvas/316#xywh=380,1580,125,32",
        "norm_addr": "318 Elgin Ave, Tulsa, OK"
      }
    },
    {
      "type": "Feature",
      "geometry": {
        "type": "Point",
        "coordinates": [
          -95.9897246,
          36.1614071
        ]
      },
      "properties": {
        "house_number": "318",
        "street_name": "ELGIN AV—SOUTH",
        "occupant_name": "\"B\" C L Hough",
        "occupant_description": "",
        "race_designation": "",
        "is_rear": "False",
        "canvas_fragment": "https://digitalcollections.tulsalibrary.org/iiif/2/p15020coll12:2857/manifest.json/canvas/316#xywh=380,1602,131,24",
        "norm_addr": "318 Elgin Ave, Tulsa, OK"
      }
    },
    {
      "type": "Feature",
      "geometry": {
        "type": "Point",
        "coordinates": [
          -95.9897246,
          36.1614071
        ]
      },
      "properties": {
        "house_number": "318",
        "street_name": "ELGIN AV—SOUTH",
        "occupant_name": "\"B\" A L Bray",
        "occupant_description": "",
        "race_designation": "",
        "is_rear": "False",
        "canvas_fragment": "https://digitalcollections.tulsalibrary.org/iiif/2/p15020coll12:2857/manifest.json/canvas/316#xywh=380,1620,125,22",
        "norm_addr": "318 Elgin Ave, Tulsa, OK"
      }
    },
    {
      "type": "Feature",
      "geometry": {
        "type": "Point",
        "coordinates": [
          -95.9913887,
          36.1634393
        ]
      },
      "properties": {
        "house_number": "616",
        "street_name": "ELGIN AV—SOUTH",
        "occupant_name": "T M Marshall",
        "occupant_description": "",
        "race_designation": "",
        "is_rear": "False",
        "canvas_fragment": "https://digitalcollections.tulsalibrary.org/iiif/2/p15020coll12:2857/manifest.json/canvas/316#xywh=974,277,92,22",
        "norm_addr": "616 Elgin Ave, Tulsa, OK"
      }
    },
    {
      "type": "Feature",
      "geometry": {
        "type": "Point",
        "coordinates": [
          -95.9908832,
          36.1636286
        ]
      },
      "properties": {
        "house_number": "619",
        "street_name": "ELGIN AV—SOUTH",
        "occupant_name": "A D Bullington",
        "occupant_description": "real est",
        "race_designation": "",
        "is_rear": "False",
        "canvas_fragment": "https://digitalcollections.tulsalibrary.org/iiif/2/p15020coll12:2857/manifest.json/canvas/316#xywh=974,311,77,22",
        "norm_addr": "619 Elgin Ave, Tulsa, OK"
      }
    },
    {
      "type": "Feature",
      "geometry": {
        "type": "Point",
        "coordinates": [
          -95.9914041,
          36.1634688
        ]
      },
      "properties": {
        "house_number": "620",
        "street_name": "ELGIN AV—SOUTH",
        "occupant_name": "J E Meifert",
        "occupant_description": "",
        "race_designation": "",
        "is_rear": "False",
        "canvas_fragment": "https://digitalcollections.tulsalibrary.org/iiif/2/p15020coll12:2857/manifest.json/canvas/316#xywh=938,314,24,16",
        "norm_addr": "620 Elgin Ave, Tulsa, OK"
      }
    },
    {
      "type": "Feature",
      "geometry": {
        "type": "Point",
        "coordinates": [
          -95.9914041,
          36.1634688
        ]
      },
      "properties": {
        "house_number": "620",
        "street_name": "ELGIN AV—SOUTH",
        "occupant_name": "Augustus Stevenson",
        "occupant_description": "",
        "race_designation": "",
        "is_rear": "False",
        "canvas_fragment": "https://digitalcollections.tulsalibrary.org/iiif/2/p15020coll12:2857/manifest.json/canvas/316#xywh=936,324,175,20",
        "norm_addr": "620 Elgin Ave, Tulsa, OK"
      }
    },
    {
      "type": "Feature",
      "geometry": {
        "type": "Point",
        "coordinates": [
          -95.9914118,
          36.1634835
        ]
      },
      "properties": {
        "house_number": "622",
        "street_name": "ELGIN AV—SOUTH",
        "occupant_name": "C W Van Valkenburg",
        "occupant_description": "",
        "race_designation": "",
        "is_rear": "False",
        "canvas_fragment": "https://digitalcollections.tulsalibrary.org/iiif/2/p15020coll12:2857/manifest.json/canvas/316#xywh=936,344,175,19",
        "norm_addr": "622 Elgin Ave, Tulsa, OK"
      }
    },
    {
      "type": "Feature",
      "geometry": {
        "type": "Point",
        "coordinates": [
          -95.9908986,
          36.1636581
        ]
      },
      "properties": {
        "house_number": "623",
        "street_name": "ELGIN AV—SOUTH",
        "occupant_name": "O H McArthur",
        "occupant_description": "",
        "race_designation": "",
        "is_rear": "False",
        "canvas_fragment": "https://digitalcollections.tulsalibrary.org/iiif/2/p15020coll12:2857/manifest.json/canvas/316#xywh=936,383,175,20",
        "norm_addr": "623 Elgin Ave, Tulsa, OK"
      }
    },
    {
      "type": "Feature",
      "geometry": {
        "type": "Point",
        "coordinates": [
          -95.9906175,
          36.1661411
        ]
      },
      "properties": {
        "house_number": "811",
        "street_name": "ELGIN AV—NORTH",
        "occupant_name": "Wm Davidson",
        "occupant_description": "",
        "race_designation": "",
        "is_rear": "False",
        "canvas_fragment": "https://digitalcollections.tulsalibrary.org/iiif/2/p15020coll12:2857/manifest.json/canvas/316#xywh=975,952,88,18",
        "norm_addr": "811 Elgin Ave, Tulsa, OK"
      }
    },
    {
      "type": "Feature",
      "geometry": {
        "type": "Point",
        "coordinates": [
          -95.9906175,
          36.1661411
        ]
      },
      "properties": {
        "house_number": "811",
        "street_name": "ELGIN AV—NORTH",
        "occupant_name": "Mrs L Katherine Smith",
        "occupant_description": "",
        "race_designation": "",
        "is_rear": "False",
        "canvas_fragment": "https://digitalcollections.tulsalibrary.org/iiif/2/p15020coll12:2857/manifest.json/canvas/316#xywh=972,965,152,20",
        "norm_addr": "811 Elgin Ave, Tulsa, OK"
      }
    },
    {
      "type": "Feature",
      "geometry": {
        "type": "Point",
        "coordinates": [
          -95.9906174,
          36.1661763
        ]
      },
      "properties": {
        "house_number": "815",
        "street_name": "ELGIN AV—NORTH",
        "occupant_name": "Mrs Alice M Jarboe",
        "occupant_description": "",
        "race_designation": "",
        "is_rear": "False",
        "canvas_fragment": "https://digitalcollections.tulsalibrary.org/iiif/2/p15020coll12:2857/manifest.json/canvas/316#xywh=972,1024,152,20",
        "norm_addr": "815 Elgin Ave, Tulsa, OK"
      }
    },
    {
      "type": "Feature",
      "geometry": {
        "type": "Point",
        "coordinates": [
          -95.9907665,
          36.1668869
        ]
      },
      "properties": {
        "house_number": "918",
        "street_name": "ELGIN AV—NORTH",
        "occupant_name": "Harry Turner",
        "occupant_description": "",
        "race_designation": "",
        "is_rear": "False",
        "canvas_fragment": "https://digitalcollections.tulsalibrary.org/iiif/2/p15020coll12:2857/manifest.json/canvas/316#xywh=970,1139,105,17",
        "norm_addr": "918 Elgin Ave, Tulsa, OK"
      }
    },
    {
      "type": "Feature",
      "geometry": {
        "type": "Point",
        "coordinates": [
          -95.9889451,
          36.1589362
        ]
      },
      "properties": {
        "house_number": "104",
        "street_name": "ELGIN AV—NORTH",
        "occupant_name": "Dorothy Fletcher",
        "occupant_description": "",
        "race_designation": "",
        "is_rear": "False",
        "canvas_fragment": "https://digitalcollections.tulsalibrary.org/iiif/2/p15020coll12:2857/manifest.json/canvas/316#xywh=948,1408,131,17",
        "norm_addr": "104 Elgin Ave, Tulsa, OK"
      }
    },
    {
      "type": "Feature",
      "geometry": {
        "type": "Point",
        "coordinates": [
          -95.9889587,
          36.1605942
        ]
      },
      "properties": {
        "house_number": "201",
        "street_name": "ELGIN AV—NORTH",
        "occupant_name": "J F Dodson",
        "occupant_description": "",
        "race_designation": "",
        "is_rear": "False",
        "canvas_fragment": "https://digitalcollections.tulsalibrary.org/iiif/2/p15020coll12:2857/manifest.json/canvas/316#xywh=948,1424,100,20",
        "norm_addr": "201 Elgin Ave, Tulsa, OK"
      }
    },
    {
      "type": "Feature",
      "geometry": {
        "type": "Point",
        "coordinates": [
          -95.9889587,
          36.1605942
        ]
      },
      "properties": {
        "house_number": "201",
        "street_name": "ELGIN AV—NORTH",
        "occupant_name": "G P Griffin",
        "occupant_description": "",
        "race_designation": "",
        "is_rear": "False",
        "canvas_fragment": "https://digitalcollections.tulsalibrary.org/iiif/2/p15020coll12:2857/manifest.json/canvas/316#xywh=948,1439,97,19",
        "norm_addr": "201 Elgin Ave, Tulsa, OK"
      }
    },
    {
      "type": "Feature",
      "geometry": {
        "type": "Point",
        "coordinates": [
          -95.9891055,
          36.1605554
        ]
      },
      "properties": {
        "house_number": "203",
        "street_name": "ELGIN AV—NORTH",
        "occupant_name": "J H Jackson",
        "occupant_description": "",
        "race_designation": "",
        "is_rear": "False",
        "canvas_fragment": "https://digitalcollections.tulsalibrary.org/iiif/2/p15020coll12:2857/manifest.json/canvas/316#xywh=947,1489,104,22",
        "norm_addr": "203 Elgin Ave, Tulsa, OK"
      }
    },
    {
      "type": "Feature",
      "geometry": {
        "type": "Point",
        "coordinates": [
          -95.989001,
          36.1600558
        ]
      },
      "properties": {
        "house_number": "204",
        "street_name": "ELGIN AV—NORTH",
        "occupant_name": "Puth Turman",
        "occupant_description": "",
        "race_designation": "",
        "is_rear": "False",
        "canvas_fragment": "https://digitalcollections.tulsalibrary.org/iiif/2/p15020coll12:2857/manifest.json/canvas/316#xywh=947,1507,110,19",
        "norm_addr": "204 Elgin Ave, Tulsa, OK"
      }
    },
    {
      "type": "Feature",
      "geometry": {
        "type": "Point",
        "coordinates": [
          -95.9896635,
          36.1612865
        ]
      },
      "properties": {
        "house_number": "302",
        "street_name": "ELGIN AV—NORTH",
        "occupant_name": "Samuel Ward",
        "occupant_description": "",
        "race_designation": "",
        "is_rear": "False",
        "canvas_fragment": "https://digitalcollections.tulsalibrary.org/iiif/2/p15020coll12:2857/manifest.json/canvas/316#xywh=946,1543,110,17",
        "norm_addr": "302 Elgin Ave, Tulsa, OK"
      }
    },
    {
      "type": "Feature",
      "geometry": {
        "type": "Point",
        "coordinates": [
          -95.9896919,
          36.1613426
        ]
      },
      "properties": {
        "house_number": "303",
        "street_name": "ELGIN AV—NORTH",
        "occupant_name": "C W Yerk",
        "occupant_description": "",
        "race_designation": "",
        "is_rear": "False",
        "canvas_fragment": "https://digitalcollections.tulsalibrary.org/iiif/2/p15020coll12:2857/manifest.json/canvas/316#xywh=1208,713,25,22",
        "norm_addr": "303 Elgin Ave, Tulsa, OK"
      }
    },
    {
      "type": "Feature",
      "geometry": {
        "type": "Point",
        "coordinates": [
          -95.9890475,
          36.1605057
        ]
      },
      "properties": {
        "house_number": "3",
        "street_name": "ELGIN AV—NORTH",
        "occupant_name": "Wayne Cameron",
        "occupant_description": "",
        "race_designation": "",
        "is_rear": "False",
        "canvas_fragment": "https://digitalcollections.tulsalibrary.org/iiif/2/p15020coll12:2857/manifest.json/canvas/316#xywh=1193,1055,39,141",
        "norm_addr": "3 Elgin Ave, Tulsa, OK"
      }
    },
    {
      "type": "Feature",
      "geometry": {
        "type": "Point",
        "coordinates": [
          -95.9897246,
          36.1614071
        ]
      },
      "properties": {
        "house_number": "318",
        "street_name": "ELGIN AV—NORTH",
        "occupant_name": "B A R Sevann",
        "occupant_description": "",
        "race_designation": "",
        "is_rear": "False",
        "canvas_fragment": "https://digitalcollections.tulsalibrary.org/iiif/2/p15020coll12:2857/manifest.json/canvas/316#xywh=681,232,178,25",
        "norm_addr": "318 Elgin Ave, Tulsa, OK"
      }
    },
    {
      "type": "Feature",
      "geometry": {
        "type": "Point",
        "coordinates": [
          -95.9897246,
          36.1614071
        ]
      },
      "properties": {
        "house_number": "318",
        "street_name": "ELGIN AV—NORTH",
        "occupant_name": "C Oleta Hough",
        "occupant_description": "",
        "race_designation": "",
        "is_rear": "False",
        "canvas_fragment": "https://digitalcollections.tulsalibrary.org/iiif/2/p15020coll12:2857/manifest.json/canvas/316#xywh=681,257,178,23",
        "norm_addr": "318 Elgin Ave, Tulsa, OK"
      }
    },
    {
      "type": "Feature",
      "geometry": {
        "type": "Point",
        "coordinates": [
          -95.9897246,
          36.1614071
        ]
      },
      "properties": {
        "house_number": "318",
        "street_name": "ELGIN AV—NORTH",
        "occupant_name": "C Mrs Leota Hough",
        "occupant_description": "",
        "race_designation": "",
        "is_rear": "False",
        "canvas_fragment": "https://digitalcollections.tulsalibrary.org/iiif/2/p15020coll12:2857/manifest.json/canvas/316#xywh=681,280,178,25",
        "norm_addr": "318 Elgin Ave, Tulsa, OK"
      }
    },
    {
      "type": "Feature",
      "geometry": {
        "type": "Point",
        "coordinates": [
          -95.9897246,
          36.1614071
        ]
      },
      "properties": {
        "house_number": "318",
        "street_name": "ELGIN AV—NORTH",
        "occupant_name": "D T J Darby",
        "occupant_description": "",
        "race_designation": "",
        "is_rear": "False",
        "canvas_fragment": "https://digitalcollections.tulsalibrary.org/iiif/2/p15020coll12:2857/manifest.json/canvas/316#xywh=681,305,178,24",
        "norm_addr": "318 Elgin Ave, Tulsa, OK"
      }
    },
    {
      "type": "Feature",
      "geometry": {
        "type": "Point",
        "coordinates": [
          -95.9897246,
          36.1614071
        ]
      },
      "properties": {
        "house_number": "318",
        "street_name": "ELGIN AV—NORTH",
        "occupant_name": "E C B Douglas",
        "occupant_description": "",
        "race_designation": "",
        "is_rear": "False",
        "canvas_fragment": "https://digitalcollections.tulsalibrary.org/iiif/2/p15020coll12:2857/manifest.json/canvas/316#xywh=680,330,193,20",
        "norm_addr": "318 Elgin Ave, Tulsa, OK"
      }
    },
    {
      "type": "Feature",
      "geometry": {
        "type": "Point",
        "coordinates": [
          -95.9897246,
          36.1614071
        ]
      },
      "properties": {
        "house_number": "318",
        "street_name": "ELGIN AV—NORTH",
        "occupant_name": "F O J McCann",
        "occupant_description": "",
        "race_designation": "",
        "is_rear": "False",
        "canvas_fragment": "https://digitalcollections.tulsalibrary.org/iiif/2/p15020coll12:2857/manifest.json/canvas/316#xywh=681,329,178,24",
        "norm_addr": "318 Elgin Ave, Tulsa, OK"
      }
    },
    {
      "type": "Feature",
      "geometry": {
        "type": "Point",
        "coordinates": [
          -95.9902523,
          36.1624188
        ]
      },
      "properties": {
        "house_number": "406",
        "street_name": "ELGIN AV—NORTH",
        "occupant_name": "Mrs Edith Applegate",
        "occupant_description": "",
        "race_designation": "",
        "is_rear": "False",
        "canvas_fragment": "https://digitalcollections.tulsalibrary.org/iiif/2/p15020coll12:2857/manifest.json/canvas/316#xywh=680,370,193,20",
        "norm_addr": "406 Elgin Ave, Tulsa, OK"
      }
    },
    {
      "type": "Feature",
      "geometry": {
        "type": "Point",
        "coordinates": [
          -95.9902523,
          36.1624188
        ]
      },
      "properties": {
        "house_number": "406",
        "street_name": "ELGIN AV—NORTH",
        "occupant_name": "A Ormond Green",
        "occupant_description": "",
        "race_designation": "",
        "is_rear": "False",
        "canvas_fragment": "https://digitalcollections.tulsalibrary.org/iiif/2/p15020coll12:2857/manifest.json/canvas/316#xywh=1183,373,76,28",
        "norm_addr": "406 Elgin Ave, Tulsa, OK"
      }
    },
    {
      "type": "Feature",
      "geometry": {
        "type": "Point",
        "coordinates": [
          -95.9902562,
          36.1624262
        ]
      },
      "properties": {
        "house_number": "408",
        "street_name": "ELGIN AV—NORTH",
        "occupant_name": "J A Irwin",
        "occupant_description": "",
        "race_designation": "",
        "is_rear": "False",
        "canvas_fragment": "https://digitalcollections.tulsalibrary.org/iiif/2/p15020coll12:2857/manifest.json/canvas/316#xywh=680,390,193,20",
        "norm_addr": "408 Elgin Ave, Tulsa, OK"
      }
    },
    {
      "type": "Feature",
      "geometry": {
        "type": "Point",
        "coordinates": [
          -95.9902562,
          36.1624262
        ]
      },
      "properties": {
        "house_number": "408",
        "street_name": "ELGIN AV—NORTH",
        "occupant_name": "A Mrs Etta M Loder",
        "occupant_description": "",
        "race_designation": "",
        "is_rear": "False",
        "canvas_fragment": "https://digitalcollections.tulsalibrary.org/iiif/2/p15020coll12:2857/manifest.json/canvas/316#xywh=680,410,193,22",
        "norm_addr": "408 Elgin Ave, Tulsa, OK"
      }
    },
    {
      "type": "Feature",
      "geometry": {
        "type": "Point",
        "coordinates": [
          -95.9902601,
          36.1624337
        ]
      },
      "properties": {
        "house_number": "410",
        "street_name": "ELGIN AV—NORTH",
        "occupant_name": "P H Barney",
        "occupant_description": "",
        "race_designation": "",
        "is_rear": "False",
        "canvas_fragment": "https://digitalcollections.tulsalibrary.org/iiif/2/p15020coll12:2857/manifest.json/canvas/316#xywh=680,432,193,20",
        "norm_addr": "410 Elgin Ave, Tulsa, OK"
      }
    },
    {
      "type": "Feature",
      "geometry": {
        "type": "Point",
        "coordinates": [
          -95.9902601,
          36.1624337
        ]
      },
      "properties": {
        "house_number": "410",
        "street_name": "ELGIN AV—NORTH",
        "occupant_name": "B F Dyer",
        "occupant_description": "",
        "race_designation": "",
        "is_rear": "False",
        "canvas_fragment": "https://digitalcollections.tulsalibrary.org/iiif/2/p15020coll12:2857/manifest.json/canvas/316#xywh=680,452,193,20",
        "norm_addr": "410 Elgin Ave, Tulsa, OK"
      }
    },
    {
      "type": "Feature",
      "geometry": {
        "type": "Point",
        "coordinates": [
          -95.9902601,
          36.1624337
        ]
      },
      "properties": {
        "house_number": "410",
        "street_name": "ELGIN AV—NORTH",
        "occupant_name": "S W Redie",
        "occupant_description": "",
        "race_designation": "",
        "is_rear": "False",
        "canvas_fragment": "https://digitalcollections.tulsalibrary.org/iiif/2/p15020coll12:2857/manifest.json/canvas/316#xywh=680,472,193,20",
        "norm_addr": "410 Elgin Ave, Tulsa, OK"
      }
    },
    {
      "type": "Feature",
      "geometry": {
        "type": "Point",
        "coordinates": [
          -95.9902601,
          36.1624337
        ]
      },
      "properties": {
        "house_number": "410",
        "street_name": "ELGIN AV—NORTH",
        "occupant_name": "A Richard Smith",
        "occupant_description": "",
        "race_designation": "",
        "is_rear": "False",
        "canvas_fragment": "https://digitalcollections.tulsalibrary.org/iiif/2/p15020coll12:2857/manifest.json/canvas/316#xywh=680,492,193,20",
        "norm_addr": "410 Elgin Ave, Tulsa, OK"
      }
    },
    {
      "type": "Feature",
      "geometry": {
        "type": "Point",
        "coordinates": [
          -95.990264,
          36.1624411
        ]
      },
      "properties": {
        "house_number": "412",
        "street_name": "ELGIN AV—NORTH",
        "occupant_name": "L N Butts",
        "occupant_description": "",
        "race_designation": "",
        "is_rear": "False",
        "canvas_fragment": "https://digitalcollections.tulsalibrary.org/iiif/2/p15020coll12:2857/manifest.json/canvas/316#xywh=681,573,192,18",
        "norm_addr": "412 Elgin Ave, Tulsa, OK"
      }
    },
    {
      "type": "Feature",
      "geometry": {
        "type": "Point",
        "coordinates": [
          -95.990264,
          36.1624411
        ]
      },
      "properties": {
        "house_number": "412",
        "street_name": "ELGIN AV—NORTH",
        "occupant_name": "A Mrs Bertha V Avery",
        "occupant_description": "",
        "race_designation": "",
        "is_rear": "False",
        "canvas_fragment": "https://digitalcollections.tulsalibrary.org/iiif/2/p15020coll12:2857/manifest.json/canvas/316#xywh=681,591,192,16",
        "norm_addr": "412 Elgin Ave, Tulsa, OK"
      }
    },
    {
      "type": "Feature",
      "geometry": {
        "type": "Point",
        "coordinates": [
          -95.990264,
          36.1624411
        ]
      },
      "properties": {
        "house_number": "412",
        "street_name": "ELGIN AV—NORTH",
        "occupant_name": "A E L Averyt",
        "occupant_description": "",
        "race_designation": "",
        "is_rear": "False",
        "canvas_fragment": "https://digitalcollections.tulsalibrary.org/iiif/2/p15020coll12:2857/manifest.json/canvas/316#xywh=681,607,192,18",
        "norm_addr": "412 Elgin Ave, Tulsa, OK"
      }
    },
    {
      "type": "Feature",
      "geometry": {
        "type": "Point",
        "coordinates": [
          -95.9902679,
          36.1624486
        ]
      },
      "properties": {
        "house_number": "414",
        "street_name": "ELGIN AV—NORTH",
        "occupant_name": "W C Adkin",
        "occupant_description": "",
        "race_designation": "",
        "is_rear": "False",
        "canvas_fragment": "https://digitalcollections.tulsalibrary.org/iiif/2/p15020coll12:2857/manifest.json/canvas/316#xywh=681,625,192,17",
        "norm_addr": "414 Elgin Ave, Tulsa, OK"
      }
    },
    {
      "type": "Feature",
      "geometry": {
        "type": "Point",
        "coordinates": [
          -95.9902679,
          36.1624486
        ]
      },
      "properties": {
        "house_number": "414",
        "street_name": "ELGIN AV—NORTH",
        "occupant_name": "A Eunice M Robards",
        "occupant_description": "",
        "race_designation": "",
        "is_rear": "False",
        "canvas_fragment": "https://digitalcollections.tulsalibrary.org/iiif/2/p15020coll12:2857/manifest.json/canvas/316#xywh=681,642,192,16",
        "norm_addr": "414 Elgin Ave, Tulsa, OK"
      }
    },
    {
      "type": "Feature",
      "geometry": {
        "type": "Point",
        "coordinates": [
          -95.9902718,
          36.162456
        ]
      },
      "properties": {
        "house_number": "416",
        "street_name": "ELGIN AV—NORTH",
        "occupant_name": "Mrs Celia A Wilder",
        "occupant_description": "",
        "race_designation": "",
        "is_rear": "False",
        "canvas_fragment": "https://digitalcollections.tulsalibrary.org/iiif/2/p15020coll12:2857/manifest.json/canvas/316#xywh=681,658,192,18",
        "norm_addr": "416 Elgin Ave, Tulsa, OK"
      }
    },
    {
      "type": "Feature",
      "geometry": {
        "type": "Point",
        "coordinates": [
          -95.9902718,
          36.162456
        ]
      },
      "properties": {
        "house_number": "416",
        "street_name": "ELGIN AV—NORTH",
        "occupant_name": "A P E Dane",
        "occupant_description": "",
        "race_designation": "",
        "is_rear": "False",
        "canvas_fragment": "https://digitalcollections.tulsalibrary.org/iiif/2/p15020coll12:2857/manifest.json/canvas/316#xywh=681,676,192,17",
        "norm_addr": "416 Elgin Ave, Tulsa, OK"
      }
    },
    {
      "type": "Feature",
      "geometry": {
        "type": "Point",
        "coordinates": [
          -95.9903067,
          36.1625231
        ]
      },
      "properties": {
        "house_number": "417",
        "street_name": "ELGIN AV—NORTH",
        "occupant_name": "L C Reed",
        "occupant_description": "",
        "race_designation": "",
        "is_rear": "False",
        "canvas_fragment": "https://digitalcollections.tulsalibrary.org/iiif/2/p15020coll12:2857/manifest.json/canvas/316#xywh=681,693,192,18",
        "norm_addr": "417 Elgin Ave, Tulsa, OK"
      }
    },
    {
      "type": "Feature",
      "geometry": {
        "type": "Point",
        "coordinates": [
          -95.9902756,
          36.1624635
        ]
      },
      "properties": {
        "house_number": "418",
        "street_name": "ELGIN AV—NORTH",
        "occupant_name": "W P Myers",
        "occupant_description": "contr",
        "race_designation": "",
        "is_rear": "False",
        "canvas_fragment": "https://digitalcollections.tulsalibrary.org/iiif/2/p15020coll12:2857/manifest.json/canvas/316#xywh=681,711,192,16",
        "norm_addr": "418 Elgin Ave, Tulsa, OK"
      }
    },
    {
      "type": "Feature",
      "geometry": {
        "type": "Point",
        "coordinates": [
          -95.9897908,
          36.1627309
        ]
      },
      "properties": {
        "house_number": "419",
        "street_name": "ELGIN AV—NORTH",
        "occupant_name": "C R Strickland",
        "occupant_description": "",
        "race_designation": "",
        "is_rear": "False",
        "canvas_fragment": "https://digitalcollections.tulsalibrary.org/iiif/2/p15020coll12:2857/manifest.json/canvas/316#xywh=720,725,203,28",
        "norm_addr": "419 Elgin Ave, Tulsa, OK"
      }
    },
    {
      "type": "Feature",
      "geometry": {
        "type": "Point",
        "coordinates": [
          -95.9897908,
          36.1627309
        ]
      },
      "properties": {
        "house_number": "419",
        "street_name": "ELGIN AV—NORTH",
        "occupant_name": "Mrs Pearl S Strong",
        "occupant_description": "Christian Scientist",
        "race_designation": "",
        "is_rear": "False",
        "canvas_fragment": "https://digitalcollections.tulsalibrary.org/iiif/2/p15020coll12:2857/manifest.json/canvas/316#xywh=720,753,203,29",
        "norm_addr": "419 Elgin Ave, Tulsa, OK"
      }
    },
    {
      "type": "Feature",
      "geometry": {
        "type": "Point",
        "coordinates": [
          -95.9902795,
          36.1624709
        ]
      },
      "properties": {
        "house_number": "420",
        "street_name": "ELGIN AV—NORTH",
        "occupant_name": "Mrs Byrd Platt",
        "occupant_description": "",
        "race_designation": "",
        "is_rear": "False",
        "canvas_fragment": "https://digitalcollections.tulsalibrary.org/iiif/2/p15020coll12:2857/manifest.json/canvas/316#xywh=682,764,164,23",
        "norm_addr": "420 Elgin Ave, Tulsa, OK"
      }
    },
    {
      "type": "Feature",
      "geometry": {
        "type": "Point",
        "coordinates": [
          -95.9902795,
          36.1624709
        ]
      },
      "properties": {
        "house_number": "420",
        "street_name": "ELGIN AV—NORTH",
        "occupant_name": "A Clara Kimble",
        "occupant_description": "",
        "race_designation": "",
        "is_rear": "False",
        "canvas_fragment": "https://digitalcollections.tulsalibrary.org/iiif/2/p15020coll12:2857/manifest.json/canvas/316#xywh=682,787,164,24",
        "norm_addr": "420 Elgin Ave, Tulsa, OK"
      }
    },
    {
      "type": "Feature",
      "geometry": {
        "type": "Point",
        "coordinates": [
          -95.9902795,
          36.1624709
        ]
      },
      "properties": {
        "house_number": "420",
        "street_name": "ELGIN AV—NORTH",
        "occupant_name": "A W F Seaver",
        "occupant_description": "",
        "race_designation": "",
        "is_rear": "False",
        "canvas_fragment": "https://digitalcollections.tulsalibrary.org/iiif/2/p15020coll12:2857/manifest.json/canvas/316#xywh=682,811,164,23",
        "norm_addr": "420 Elgin Ave, Tulsa, OK"
      }
    },
    {
      "type": "Feature",
      "geometry": {
        "type": "Point",
        "coordinates": [
          -95.9902795,
          36.1624709
        ]
      },
      "properties": {
        "house_number": "420",
        "street_name": "ELGIN AV—NORTH",
        "occupant_name": "A Edith E White",
        "occupant_description": "",
        "race_designation": "",
        "is_rear": "False",
        "canvas_fragment": "https://digitalcollections.tulsalibrary.org/iiif/2/p15020coll12:2857/manifest.json/canvas/316#xywh=682,834,164,23",
        "norm_addr": "420 Elgin Ave, Tulsa, OK"
      }
    },
    {
      "type": "Feature",
      "geometry": {
        "type": "Point",
        "coordinates": [
          -95.9902834,
          36.1624784
        ]
      },
      "properties": {
        "house_number": "422",
        "street_name": "ELGIN AV—NORTH",
        "occupant_name": "Grace Hahn",
        "occupant_description": "",
        "race_designation": "",
        "is_rear": "False",
        "canvas_fragment": "https://digitalcollections.tulsalibrary.org/iiif/2/p15020coll12:2857/manifest.json/canvas/316#xywh=682,847,143,21",
        "norm_addr": "422 Elgin Ave, Tulsa, OK"
      }
    },
    {
      "type": "Feature",
      "geometry": {
        "type": "Point",
        "coordinates": [
          -95.9902834,
          36.1624784
        ]
      },
      "properties": {
        "house_number": "422",
        "street_name": "ELGIN AV—NORTH",
        "occupant_name": "A G E Root",
        "occupant_description": "",
        "race_designation": "",
        "is_rear": "False",
        "canvas_fragment": "https://digitalcollections.tulsalibrary.org/iiif/2/p15020coll12:2857/manifest.json/canvas/316#xywh=682,868,143,20",
        "norm_addr": "422 Elgin Ave, Tulsa, OK"
      }
    },
    {
      "type": "Feature",
      "geometry": {
        "type": "Point",
        "coordinates": [
          -95.9898147,
          36.162776
        ]
      },
      "properties": {
        "house_number": "423",
        "street_name": "ELGIN AV—NORTH",
        "occupant_name": "Albert Howlett",
        "occupant_description": "",
        "race_designation": "",
        "is_rear": "False",
        "canvas_fragment": "https://digitalcollections.tulsalibrary.org/iiif/2/p15020coll12:2857/manifest.json/canvas/316#xywh=682,888,143,20",
        "norm_addr": "423 Elgin Ave, Tulsa, OK"
      }
    },
    {
      "type": "Feature",
      "geometry": {
        "type": "Point",
        "coordinates": [
          -95.9902873,
          36.1624858
        ]
      },
      "properties": {
        "house_number": "424",
        "street_name": "ELGIN AV—NORTH",
        "occupant_name": "A W N Ellis",
        "occupant_description": "",
        "race_designation": "",
        "is_rear": "False",
        "canvas_fragment": "https://digitalcollections.tulsalibrary.org/iiif/2/p15020coll12:2857/manifest.json/canvas/316#xywh=708,888,102,48",
        "norm_addr": "424 Elgin Ave, Tulsa, OK"
      }
    },
    {
      "type": "Feature",
      "geometry": {
        "type": "Point",
        "coordinates": [
          -95.9904361,
          36.1627717
        ]
      },
      "properties": {
        "house_number": "502",
        "street_name": "ELGIN AV—NORTH",
        "occupant_name": "Katherine C O'Neil",
        "occupant_description": "furn rms",
        "race_designation": "",
        "is_rear": "False",
        "canvas_fragment": "https://digitalcollections.tulsalibrary.org/iiif/2/p15020coll12:2857/manifest.json/canvas/316#xywh=720,940,189,20",
        "norm_addr": "502 Elgin Ave, Tulsa, OK"
      }
    },
    {
      "type": "Feature",
      "geometry": {
        "type": "Point",
        "coordinates": [
          -95.9904448,
          36.1627884
        ]
      },
      "properties": {
        "house_number": "505",
        "street_name": "ELGIN AV—NORTH",
        "occupant_name": "Mrs Flora Middleton",
        "occupant_description": "",
        "race_designation": "",
        "is_rear": "False",
        "canvas_fragment": "https://digitalcollections.tulsalibrary.org/iiif/2/p15020coll12:2857/manifest.json/canvas/316#xywh=720,960,189,19",
        "norm_addr": "505 Elgin Ave, Tulsa, OK"
      }
    },
    {
      "type": "Feature",
      "geometry": {
        "type": "Point",
        "coordinates": [
          -95.9909653,
          36.162622
        ]
      },
      "properties": {
        "house_number": "506",
        "street_name": "ELGIN AV—NORTH",
        "occupant_name": "T B Mitchell",
        "occupant_description": "",
        "race_designation": "",
        "is_rear": "False",
        "canvas_fragment": "https://digitalcollections.tulsalibrary.org/iiif/2/p15020coll12:2857/manifest.json/canvas/316#xywh=720,979,189,20",
        "norm_addr": "506 Elgin Ave, Tulsa, OK"
      }
    },
    {
      "type": "Feature",
      "geometry": {
        "type": "Point",
        "coordinates": [
          -95.9904524,
          36.1628031
        ]
      },
      "properties": {
        "house_number": "507",
        "street_name": "ELGIN AV—NORTH",
        "occupant_name": "C G Eaton",
        "occupant_description": "",
        "race_designation": "",
        "is_rear": "False",
        "canvas_fragment": "https://digitalcollections.tulsalibrary.org/iiif/2/p15020coll12:2857/manifest.json/canvas/316#xywh=720,999,189,20",
        "norm_addr": "507 Elgin Ave, Tulsa, OK"
      }
    },
    {
      "type": "Feature",
      "geometry": {
        "type": "Point",
        "coordinates": [
          -95.9909921,
          36.1626734
        ]
      },
      "properties": {
        "house_number": "514",
        "street_name": "ELGIN AV—NORTH",
        "occupant_name": "Byron Kirkpatrick",
        "occupant_description": "",
        "race_designation": "",
        "is_rear": "False",
        "canvas_fragment": "https://digitalcollections.tulsalibrary.org/iiif/2/p15020coll12:2857/manifest.json/canvas/316#xywh=720,1044,147,23",
        "norm_addr": "514 Elgin Ave, Tulsa, OK"
      }
    },
    {
      "type": "Feature",
      "geometry": {
        "type": "Point",
        "coordinates": [
          -95.9904832,
          36.1628621
        ]
      },
      "properties": {
        "house_number": "515",
        "street_name": "ELGIN AV—NORTH",
        "occupant_name": "D G Eaton",
        "occupant_description": "",
        "race_designation": "",
        "is_rear": "False",
        "canvas_fragment": "https://digitalcollections.tulsalibrary.org/iiif/2/p15020coll12:2857/manifest.json/canvas/316#xywh=720,1067,147,22",
        "norm_addr": "515 Elgin Ave, Tulsa, OK"
      }
    },
    {
      "type": "Feature",
      "geometry": {
        "type": "Point",
        "coordinates": [
          -95.9904909,
          36.1628768
        ]
      },
      "properties": {
        "house_number": "517",
        "street_name": "ELGIN AV—NORTH",
        "occupant_name": "T I Brewer",
        "occupant_description": "",
        "race_designation": "",
        "is_rear": "False",
        "canvas_fragment": "https://digitalcollections.tulsalibrary.org/iiif/2/p15020coll12:2857/manifest.json/canvas/316#xywh=719,1070,85,22",
        "norm_addr": "517 Elgin Ave, Tulsa, OK"
      }
    },
    {
      "type": "Feature",
      "geometry": {
        "type": "Point",
        "coordinates": [
          -95.9904986,
          36.1628916
        ]
      },
      "properties": {
        "house_number": "519",
        "street_name": "ELGIN AV—NORTH",
        "occupant_name": "M M O'Neill",
        "occupant_description": "",
        "race_designation": "",
        "is_rear": "False",
        "canvas_fragment": "https://digitalcollections.tulsalibrary.org/iiif/2/p15020coll12:2857/manifest.json/canvas/316#xywh=719,1092,85,22",
        "norm_addr": "519 Elgin Ave, Tulsa, OK"
      }
    },
    {
      "type": "Feature",
      "geometry": {
        "type": "Point",
        "coordinates": [
          -95.9905063,
          36.1629063
        ]
      },
      "properties": {
        "house_number": "521",
        "street_name": "ELGIN AV—NORTH",
        "occupant_name": "W A Riley",
        "occupant_description": "",
        "race_designation": "",
        "is_rear": "False",
        "canvas_fragment": "https://digitalcollections.tulsalibrary.org/iiif/2/p15020coll12:2857/manifest.json/canvas/316#xywh=719,1114,85,24",
        "norm_addr": "521 Elgin Ave, Tulsa, OK"
      }
    },
    {
      "type": "Feature",
      "geometry": {
        "type": "Point",
        "coordinates": [
          -95.990514,
          36.162921
        ]
      },
      "properties": {
        "house_number": "523",
        "street_name": "ELGIN AV—NORTH",
        "occupant_name": "Mrs Mabel Camp",
        "occupant_description": "",
        "race_designation": "",
        "is_rear": "False",
        "canvas_fragment": "https://digitalcollections.tulsalibrary.org/iiif/2/p15020coll12:2857/manifest.json/canvas/316#xywh=721,1141,110,31",
        "norm_addr": "523 Elgin Ave, Tulsa, OK"
      }
    },
    {
      "type": "Feature",
      "geometry": {
        "type": "Point",
        "coordinates": [
          -95.990514,
          36.162921
        ]
      },
      "properties": {
        "house_number": "523",
        "street_name": "ELGIN AV—NORTH",
        "occupant_name": "Merritt Gibbons",
        "occupant_description": "",
        "race_designation": "",
        "is_rear": "False",
        "canvas_fragment": "https://digitalcollections.tulsalibrary.org/iiif/2/p15020coll12:2857/manifest.json/canvas/316#xywh=719,1158,111,21",
        "norm_addr": "523 Elgin Ave, Tulsa, OK"
      }
    },
    {
      "type": "Feature",
      "geometry": {
        "type": "Point",
        "coordinates": [
          -95.990514,
          36.162921
        ]
      },
      "properties": {
        "house_number": "523",
        "street_name": "ELGIN AV—NORTH",
        "occupant_name": "John O'Conor",
        "occupant_description": "",
        "race_designation": "",
        "is_rear": "False",
        "canvas_fragment": "https://digitalcollections.tulsalibrary.org/iiif/2/p15020coll12:2857/manifest.json/canvas/316#xywh=719,1179,111,22",
        "norm_addr": "523 Elgin Ave, Tulsa, OK"
      }
    },
    {
      "type": "Feature",
      "geometry": {
        "type": "Point",
        "coordinates": [
          -95.990514,
          36.162921
        ]
      },
      "properties": {
        "house_number": "523",
        "street_name": "ELGIN AV—NORTH",
        "occupant_name": "E P Roe",
        "occupant_description": "",
        "race_designation": "",
        "is_rear": "False",
        "canvas_fragment": "https://digitalcollections.tulsalibrary.org/iiif/2/p15020coll12:2857/manifest.json/canvas/316#xywh=719,1201,111,21",
        "norm_addr": "523 Elgin Ave, Tulsa, OK"
      }
    },
    {
      "type": "Feature",
      "geometry": {
        "type": "Point",
        "coordinates": [
          -95.990514,
          36.162921
        ]
      },
      "properties": {
        "house_number": "523",
        "street_name": "ELGIN AV—NORTH",
        "occupant_name": "C A Tiney",
        "occupant_description": "",
        "race_designation": "",
        "is_rear": "False",
        "canvas_fragment": "https://digitalcollections.tulsalibrary.org/iiif/2/p15020coll12:2857/manifest.json/canvas/316#xywh=719,1222,111,21",
        "norm_addr": "523 Elgin Ave, Tulsa, OK"
      }
    },
    {
      "type": "Feature",
      "geometry": {
        "type": "Point",
        "coordinates": [
          -95.9910256,
          36.1627376
        ]
      },
      "properties": {
        "house_number": "524",
        "street_name": "ELGIN AV—NORTH",
        "occupant_name": "Mrs Fannie Haynie",
        "occupant_description": "",
        "race_designation": "",
        "is_rear": "False",
        "canvas_fragment": "https://digitalcollections.tulsalibrary.org/iiif/2/p15020coll12:2857/manifest.json/canvas/316#xywh=720,1228,128,28",
        "norm_addr": "524 Elgin Ave, Tulsa, OK"
      }
    },
    {
      "type": "Feature",
      "geometry": {
        "type": "Point",
        "coordinates": [
          -95.9890475,
          36.1605057
        ]
      },
      "properties": {
        "house_number": "3",
        "street_name": "ELGIN AV—NORTH",
        "occupant_name": "Dora E Nichols",
        "occupant_description": "dressmkr",
        "race_designation": "",
        "is_rear": "False",
        "canvas_fragment": "https://digitalcollections.tulsalibrary.org/iiif/2/p15020coll12:2857/manifest.json/canvas/316#xywh=694,1279,198,19",
        "norm_addr": "3 Elgin Ave, Tulsa, OK"
      }
    },
    {
      "type": "Feature",
      "geometry": {
        "type": "Point",
        "coordinates": [
          -95.9890892,
          36.1605254
        ]
      },
      "properties": {
        "house_number": "101",
        "street_name": "ELGIN AV—NORTH",
        "occupant_name": "A W Caplin",
        "occupant_description": "",
        "race_designation": "",
        "is_rear": "False",
        "canvas_fragment": "https://digitalcollections.tulsalibrary.org/iiif/2/p15020coll12:2857/manifest.json/canvas/316#xywh=694,1298,198,19",
        "norm_addr": "101 Elgin Ave, Tulsa, OK"
      }
    },
    {
      "type": "Feature",
      "geometry": {
        "type": "Point",
        "coordinates": [
          -95.9889131,
          36.1588768
        ]
      },
      "properties": {
        "house_number": "102",
        "street_name": "ELGIN AV—NORTH",
        "occupant_name": "C E Roley",
        "occupant_description": "",
        "race_designation": "",
        "is_rear": "False",
        "canvas_fragment": "https://digitalcollections.tulsalibrary.org/iiif/2/p15020coll12:2857/manifest.json/canvas/316#xywh=694,1317,198,19",
        "norm_addr": "102 Elgin Ave, Tulsa, OK"
      }
    },
    {
      "type": "Feature",
      "geometry": {
        "type": "Point",
        "coordinates": [
          -95.9890896,
          36.160526
        ]
      },
      "properties": {
        "house_number": "103",
        "street_name": "ELGIN AV—NORTH",
        "occupant_name": "W J Schnur",
        "occupant_description": "",
        "race_designation": "",
        "is_rear": "False",
        "canvas_fragment": "https://digitalcollections.tulsalibrary.org/iiif/2/p15020coll12:2857/manifest.json/canvas/316#xywh=694,1336,198,19",
        "norm_addr": "103 Elgin Ave, Tulsa, OK"
      }
    },
    {
      "type": "Feature",
      "geometry": {
        "type": "Point",
        "coordinates": [
          -95.9889451,
          36.1589362
        ]
      },
      "properties": {
        "house_number": "104",
        "street_name": "ELGIN AV—NORTH",
        "occupant_name": "R Y Stevenson",
        "occupant_description": "",
        "race_designation": "",
        "is_rear": "False",
        "canvas_fragment": "https://digitalcollections.tulsalibrary.org/iiif/2/p15020coll12:2857/manifest.json/canvas/316#xywh=719,1347,99,29",
        "norm_addr": "104 Elgin Ave, Tulsa, OK"
      }
    },
    {
      "type": "Feature",
      "geometry": {
        "type": "Point",
        "coordinates": [
          -95.9889587,
          36.1605942
        ]
      },
      "properties": {
        "house_number": "201",
        "street_name": "ELGIN AV—NORTH",
        "occupant_name": "E H Foster",
        "occupant_description": "",
        "race_designation": "",
        "is_rear": "False",
        "canvas_fragment": "https://digitalcollections.tulsalibrary.org/iiif/2/p15020coll12:2857/manifest.json/canvas/316#xywh=696,1362,103,27",
        "norm_addr": "201 Elgin Ave, Tulsa, OK"
      }
    },
    {
      "type": "Feature",
      "geometry": {
        "type": "Point",
        "coordinates": [
          -95.9891055,
          36.1605554
        ]
      },
      "properties": {
        "house_number": "203",
        "street_name": "ELGIN AV—NORTH",
        "occupant_name": "Michael Cooles",
        "occupant_description": "",
        "race_designation": "",
        "is_rear": "False",
        "canvas_fragment": "https://digitalcollections.tulsalibrary.org/iiif/2/p15020coll12:2857/manifest.json/canvas/316#xywh=694,1401,123,19",
        "norm_addr": "203 Elgin Ave, Tulsa, OK"
      }
    },
    {
      "type": "Feature",
      "geometry": {
        "type": "Point",
        "coordinates": [
          -95.989001,
          36.1600558
        ]
      },
      "properties": {
        "house_number": "204",
        "street_name": "ELGIN AV—NORTH",
        "occupant_name": "F J Bickenheuser",
        "occupant_description": "",
        "race_designation": "",
        "is_rear": "False",
        "canvas_fragment": "https://digitalcollections.tulsalibrary.org/iiif/2/p15020coll12:2857/manifest.json/canvas/316#xywh=695,1417,141,22",
        "norm_addr": "204 Elgin Ave, Tulsa, OK"
      }
    },
    {
      "type": "Feature",
      "geometry": {
        "type": "Point",
        "coordinates": [
          -95.9896852,
          36.1613293
        ]
      },
      "properties": {
        "house_number": "301",
        "street_name": "ELGIN AV—NORTH",
        "occupant_name": "Mrs Alma C Chase",
        "occupant_description": "",
        "race_designation": "",
        "is_rear": "False",
        "canvas_fragment": "https://digitalcollections.tulsalibrary.org/iiif/2/p15020coll12:2857/manifest.json/canvas/316#xywh=694,1435,141,21",
        "norm_addr": "301 Elgin Ave, Tulsa, OK"
      }
    },
    {
      "type": "Feature",
      "geometry": {
        "type": "Point",
        "coordinates": [
          -95.9896635,
          36.1612865
        ]
      },
      "properties": {
        "house_number": "302",
        "street_name": "ELGIN AV—NORTH",
        "occupant_name": "Louis Newman",
        "occupant_description": "",
        "race_designation": "",
        "is_rear": "False",
        "canvas_fragment": "https://digitalcollections.tulsalibrary.org/iiif/2/p15020coll12:2857/manifest.json/canvas/316#xywh=694,1453,124,18",
        "norm_addr": "302 Elgin Ave, Tulsa, OK"
      }
    },
    {
      "type": "Feature",
      "geometry": {
        "type": "Point",
        "coordinates": [
          -95.9896919,
          36.1613426
        ]
      },
      "properties": {
        "house_number": "303",
        "street_name": "ELGIN AV—NORTH",
        "occupant_name": "Mrs Bess Blankenship",
        "occupant_description": "",
        "race_designation": "",
        "is_rear": "False",
        "canvas_fragment": "https://digitalcollections.tulsalibrary.org/iiif/2/p15020coll12:2857/manifest.json/canvas/316#xywh=694,1469,167,21",
        "norm_addr": "303 Elgin Ave, Tulsa, OK"
      }
    },
    {
      "type": "Feature",
      "geometry": {
        "type": "Point",
        "coordinates": [
          -95.9896919,
          36.1613426
        ]
      },
      "properties": {
        "house_number": "303",
        "street_name": "ELGIN AV—NORTH",
        "occupant_name": "Ethyl Ferrier",
        "occupant_description": "",
        "race_designation": "",
        "is_rear": "False",
        "canvas_fragment": "https://digitalcollections.tulsalibrary.org/iiif/2/p15020coll12:2857/manifest.json/canvas/316#xywh=731,1488,92,17",
        "norm_addr": "303 Elgin Ave, Tulsa, OK"
      }
    },
    {
      "type": "Feature",
      "geometry": {
        "type": "Point",
        "coordinates": [
          -95.9913579,
          36.1633803
        ]
      },
      "properties": {
        "house_number": "608",
        "street_name": "ELGIN AV—NORTH",
        "occupant_name": "H E Brown",
        "occupant_description": "",
        "race_designation": "",
        "is_rear": "False",
        "canvas_fragment": "https://digitalcollections.tulsalibrary.org/iiif/2/p15020coll12:2857/manifest.json/canvas/316#xywh=720,1567,77,27",
        "norm_addr": "608 Elgin Ave, Tulsa, OK"
      }
    },
    {
      "type": "Feature",
      "geometry": {
        "type": "Point",
        "coordinates": [
          -95.9913579,
          36.1633803
        ]
      },
      "properties": {
        "house_number": "608",
        "street_name": "ELGIN AV—NORTH",
        "occupant_name": "Thomas Gilcrease",
        "occupant_description": "",
        "race_designation": "",
        "is_rear": "False",
        "canvas_fragment": "https://digitalcollections.tulsalibrary.org/iiif/2/p15020coll12:2857/manifest.json/canvas/316#xywh=719,1588,114,20",
        "norm_addr": "608 Elgin Ave, Tulsa, OK"
      }
    },
    {
      "type": "Feature",
      "geometry": {
        "type": "Point",
        "coordinates": [
          -95.9913733,
          36.1634098
        ]
      },
      "properties": {
        "house_number": "612",
        "street_name": "ELGIN AV—NORTH",
        "occupant_name": "J D Mong",
        "occupant_description": "",
        "race_designation": "",
        "is_rear": "False",
        "canvas_fragment": "https://digitalcollections.tulsalibrary.org/iiif/2/p15020coll12:2857/manifest.json/canvas/316#xywh=719,1606,66,17",
        "norm_addr": "612 Elgin Ave, Tulsa, OK"
      }
    },
    {
      "type": "Feature",
      "geometry": {
        "type": "Point",
        "coordinates": [
          -95.9890892,
          36.1605254
        ]
      },
      "properties": {
        "house_number": "101",
        "street_name": "ELGIN AV—NORTH",
        "occupant_name": "H E Hurst",
        "occupant_description": "",
        "race_designation": "",
        "is_rear": "False",
        "canvas_fragment": "https://digitalcollections.tulsalibrary.org/iiif/2/p15020coll12:2857/manifest.json/canvas/316#xywh=731,1672,115,32",
        "norm_addr": "101 Elgin Ave, Tulsa, OK"
      }
    },
    {
      "type": "Feature",
      "geometry": {
        "type": "Point",
        "coordinates": [
          -95.9889131,
          36.1588768
        ]
      },
      "properties": {
        "house_number": "102",
        "street_name": "ELGIN AV—NORTH",
        "occupant_name": "E L Moore",
        "occupant_description": "",
        "race_designation": "",
        "is_rear": "False",
        "canvas_fragment": "https://digitalcollections.tulsalibrary.org/iiif/2/p15020coll12:2857/manifest.json/canvas/316#xywh=890,1681,60,26",
        "norm_addr": "102 Elgin Ave, Tulsa, OK"
      }
    },
    {
      "type": "Feature",
      "geometry": {
        "type": "Point",
        "coordinates": [
          -95.9890896,
          36.160526
        ]
      },
      "properties": {
        "house_number": "103",
        "street_name": "ELGIN AV—NORTH",
        "occupant_name": "F L Poor",
        "occupant_description": "",
        "race_designation": "",
        "is_rear": "False",
        "canvas_fragment": "https://digitalcollections.tulsalibrary.org/iiif/2/p15020coll12:2857/manifest.json/canvas/316#xywh=1174,1727,12,38",
        "norm_addr": "103 Elgin Ave, Tulsa, OK"
      }
    },
    {
      "type": "Feature",
      "geometry": {
        "type": "Point",
        "coordinates": [
          -95.9896852,
          36.1613293
        ]
      },
      "properties": {
        "house_number": "301",
        "street_name": "ELGIN AV—NORTH",
        "occupant_name": "H P Smith",
        "occupant_description": "",
        "race_designation": "",
        "is_rear": "False",
        "canvas_fragment": "https://digitalcollections.tulsalibrary.org/iiif/2/p15020coll12:2857/manifest.json/canvas/316#xywh=675,1735,204,27",
        "norm_addr": "301 Elgin Ave, Tulsa, OK"
      }
    },
    {
      "type": "Feature",
      "geometry": {
        "type": "Point",
        "coordinates": [
          -95.9902873,
          36.1624858
        ]
      },
      "properties": {
        "house_number": "424",
        "street_name": "ELGIN AV—NORTH",
        "occupant_name": "C A Poulton",
        "occupant_description": "",
        "race_designation": "",
        "is_rear": "False",
        "canvas_fragment": "https://digitalcollections.tulsalibrary.org/iiif/2/p15020coll12:2857/manifest.json/canvas/316",
        "norm_addr": "424 Elgin Ave, Tulsa, OK"
      }
    },
    {
      "type": "Feature",
      "geometry": {
        "type": "Point",
        "coordinates": [
          -95.9890743,
          36.1604977
        ]
      },
      "properties": {
        "house_number": "7",
        "street_name": "ELGIN AV—NORTH",
        "occupant_name": "P D Alois",
        "occupant_description": "",
        "race_designation": "",
        "is_rear": "False",
        "canvas_fragment": "https://digitalcollections.tulsalibrary.org/iiif/2/p15020coll12:2857/manifest.json/canvas/317#xywh=159,263,116,21",
        "norm_addr": "7 Elgin Ave, Tulsa, OK"
      }
    },
    {
      "type": "Feature",
      "geometry": {
        "type": "Point",
        "coordinates": [
          -95.9890746,
          36.1604983
        ]
      },
      "properties": {
        "house_number": "9",
        "street_name": "ELGIN AV—NORTH",
        "occupant_name": "J E Parker",
        "occupant_description": "",
        "race_designation": "",
        "is_rear": "False",
        "canvas_fragment": "https://digitalcollections.tulsalibrary.org/iiif/2/p15020coll12:2857/manifest.json/canvas/317#xywh=159,284,116,21",
        "norm_addr": "9 Elgin Ave, Tulsa, OK"
      }
    },
    {
      "type": "Feature",
      "geometry": {
        "type": "Point",
        "coordinates": [
          -95.9890749,
          36.1604989
        ]
      },
      "properties": {
        "house_number": "11",
        "street_name": "ELGIN AV—NORTH",
        "occupant_name": "C W Williams",
        "occupant_description": "",
        "race_designation": "",
        "is_rear": "False",
        "canvas_fragment": "https://digitalcollections.tulsalibrary.org/iiif/2/p15020coll12:2857/manifest.json/canvas/317#xywh=159,325,116,21",
        "norm_addr": "11 Elgin Ave, Tulsa, OK"
      }
    },
    {
      "type": "Feature",
      "geometry": {
        "type": "Point",
        "coordinates": [
          -95.986799,
          36.1692523
        ]
      },
      "properties": {
        "house_number": "802",
        "street_name": "FAIRVIEW—EAST",
        "occupant_name": "Mrs Elsie Eldridge",
        "occupant_description": "",
        "race_designation": "(c)",
        "is_rear": "False",
        "canvas_fragment": "https://digitalcollections.tulsalibrary.org/iiif/2/p15020coll12:2857/manifest.json/canvas/319#xywh=185,892,146,21",
        "norm_addr": "802 E Fairview near N Greenwood Ave, Tulsa, OK"
      }
    },
    {
      "type": "Feature",
      "geometry": {
        "type": "Point",
        "coordinates": [
          -95.986799,
          36.1692523
        ]
      },
      "properties": {
        "house_number": "802",
        "street_name": "FAIRVIEW—EAST",
        "occupant_name": "James Marshall",
        "occupant_description": "",
        "race_designation": "(c)",
        "is_rear": "False",
        "canvas_fragment": "https://digitalcollections.tulsalibrary.org/iiif/2/p15020coll12:2857/manifest.json/canvas/319#xywh=184,905,156,20",
        "norm_addr": "802 E Fairview near N Greenwood Ave, Tulsa, OK"
      }
    },
    {
      "type": "Feature",
      "geometry": {
        "type": "Point",
        "coordinates": [
          -95.986799,
          36.1692523
        ]
      },
      "properties": {
        "house_number": "802",
        "street_name": "FAIRVIEW—EAST",
        "occupant_name": "Mrs Edith Patterson",
        "occupant_description": "",
        "race_designation": "(c)",
        "is_rear": "False",
        "canvas_fragment": "https://digitalcollections.tulsalibrary.org/iiif/2/p15020coll12:2857/manifest.json/canvas/319#xywh=184,925,156,21",
        "norm_addr": "802 E Fairview near N Greenwood Ave, Tulsa, OK"
      }
    },
    {
      "type": "Feature",
      "geometry": {
        "type": "Point",
        "coordinates": [
          -95.986799,
          36.1692523
        ]
      },
      "properties": {
        "house_number": "803",
        "street_name": "FAIRVIEW—EAST",
        "occupant_name": "Dero Mills",
        "occupant_description": "",
        "race_designation": "(c)",
        "is_rear": "False",
        "canvas_fragment": "https://digitalcollections.tulsalibrary.org/iiif/2/p15020coll12:2857/manifest.json/canvas/319#xywh=184,946,156,21",
        "norm_addr": "803 E Fairview near N Greenwood Ave, Tulsa, OK"
      }
    },
    {
      "type": "Feature",
      "geometry": {
        "type": "Point",
        "coordinates": [
          -95.986799,
          36.1692523
        ]
      },
      "properties": {
        "house_number": "804",
        "street_name": "FAIRVIEW—EAST",
        "occupant_name": "Marshall Reed",
        "occupant_description": "",
        "race_designation": "(c)",
        "is_rear": "False",
        "canvas_fragment": "https://digitalcollections.tulsalibrary.org/iiif/2/p15020coll12:2857/manifest.json/canvas/319#xywh=183,973,138,17",
        "norm_addr": "804 E Fairview near N Greenwood Ave, Tulsa, OK"
      }
    },
    {
      "type": "Feature",
      "geometry": {
        "type": "Point",
        "coordinates": [
          -95.986799,
          36.1692523
        ]
      },
      "properties": {
        "house_number": "806",
        "street_name": "FAIRVIEW—EAST",
        "occupant_name": "L D Johnson",
        "occupant_description": "",
        "race_designation": "(c)",
        "is_rear": "False",
        "canvas_fragment": "https://digitalcollections.tulsalibrary.org/iiif/2/p15020coll12:2857/manifest.json/canvas/319#xywh=183,990,138,17",
        "norm_addr": "806 E Fairview near N Greenwood Ave, Tulsa, OK"
      }
    },
    {
      "type": "Feature",
      "geometry": {
        "type": "Point",
        "coordinates": [
          -95.986799,
          36.1692523
        ]
      },
      "properties": {
        "house_number": "807",
        "street_name": "FAIRVIEW—EAST",
        "occupant_name": "Warren Chandler",
        "occupant_description": "",
        "race_designation": "(c)",
        "is_rear": "False",
        "canvas_fragment": "https://digitalcollections.tulsalibrary.org/iiif/2/p15020coll12:2857/manifest.json/canvas/319#xywh=183,1007,138,18",
        "norm_addr": "807 E Fairview near N Greenwood Ave, Tulsa, OK"
      }
    },
    {
      "type": "Feature",
      "geometry": {
        "type": "Point",
        "coordinates": [
          -95.986799,
          36.1692523
        ]
      },
      "properties": {
        "house_number": "807",
        "street_name": "FAIRVIEW—EAST",
        "occupant_name": "Henry Muscrow",
        "occupant_description": "",
        "race_designation": "(c)",
        "is_rear": "False",
        "canvas_fragment": "https://digitalcollections.tulsalibrary.org/iiif/2/p15020coll12:2857/manifest.json/canvas/319#xywh=183,1025,138,17",
        "norm_addr": "807 E Fairview near N Greenwood Ave, Tulsa, OK"
      }
    },
    {
      "type": "Feature",
      "geometry": {
        "type": "Point",
        "coordinates": [
          -95.986799,
          36.1692523
        ]
      },
      "properties": {
        "house_number": "809",
        "street_name": "FAIRVIEW—EAST",
        "occupant_name": "Dallas Perry",
        "occupant_description": "",
        "race_designation": "(c)",
        "is_rear": "False",
        "canvas_fragment": "https://digitalcollections.tulsalibrary.org/iiif/2/p15020coll12:2857/manifest.json/canvas/319#xywh=183,1042,138,17",
        "norm_addr": "809 E Fairview near N Greenwood Ave, Tulsa, OK"
      }
    },
    {
      "type": "Feature",
      "geometry": {
        "type": "Point",
        "coordinates": [
          -95.986799,
          36.1692523
        ]
      },
      "properties": {
        "house_number": "811",
        "street_name": "FAIRVIEW—EAST",
        "occupant_name": "E L McGowan",
        "occupant_description": "",
        "race_designation": "(c)",
        "is_rear": "False",
        "canvas_fragment": "https://digitalcollections.tulsalibrary.org/iiif/2/p15020coll12:2857/manifest.json/canvas/319#xywh=183,1059,138,18",
        "norm_addr": "811 E Fairview near N Greenwood Ave, Tulsa, OK"
      }
    },
    {
      "type": "Feature",
      "geometry": {
        "type": "Point",
        "coordinates": [
          -95.986799,
          36.1692523
        ]
      },
      "properties": {
        "house_number": "813",
        "street_name": "FAIRVIEW—EAST",
        "occupant_name": "Wm East",
        "occupant_description": "",
        "race_designation": "(c)",
        "is_rear": "False",
        "canvas_fragment": "https://digitalcollections.tulsalibrary.org/iiif/2/p15020coll12:2857/manifest.json/canvas/319#xywh=184,1063,118,21",
        "norm_addr": "813 E Fairview near N Greenwood Ave, Tulsa, OK"
      }
    },
    {
      "type": "Feature",
      "geometry": {
        "type": "Point",
        "coordinates": [
          -95.986799,
          36.1692523
        ]
      },
      "properties": {
        "house_number": "813",
        "street_name": "FAIRVIEW—EAST",
        "occupant_name": "P R Russell",
        "occupant_description": "",
        "race_designation": "(c)",
        "is_rear": "False",
        "canvas_fragment": "https://digitalcollections.tulsalibrary.org/iiif/2/p15020coll12:2857/manifest.json/canvas/319#xywh=184,1084,118,21",
        "norm_addr": "813 E Fairview near N Greenwood Ave, Tulsa, OK"
      }
    },
    {
      "type": "Feature",
      "geometry": {
        "type": "Point",
        "coordinates": [
          -95.986799,
          36.1692523
        ]
      },
      "properties": {
        "house_number": "825",
        "street_name": "FAIRVIEW—EAST",
        "occupant_name": "G C Chambers",
        "occupant_description": "",
        "race_designation": "(c)",
        "is_rear": "False",
        "canvas_fragment": "https://digitalcollections.tulsalibrary.org/iiif/2/p15020coll12:2857/manifest.json/canvas/319#xywh=184,1105,118,20",
        "norm_addr": "825 E Fairview near N Greenwood Ave, Tulsa, OK"
      }
    },
    {
      "type": "Feature",
      "geometry": {
        "type": "Point",
        "coordinates": [
          -95.986799,
          36.1692523
        ]
      },
      "properties": {
        "house_number": "906",
        "street_name": "FAIRVIEW—EAST",
        "occupant_name": "Levi Scott",
        "occupant_description": "",
        "race_designation": "(c)",
        "is_rear": "False",
        "canvas_fragment": "https://digitalcollections.tulsalibrary.org/iiif/2/p15020coll12:2857/manifest.json/canvas/319#xywh=177,1117,166,22",
        "norm_addr": "906 E Fairview near N Greenwood Ave, Tulsa, OK"
      }
    },
    {
      "type": "Feature",
      "geometry": {
        "type": "Point",
        "coordinates": [
          -95.986799,
          36.1692523
        ]
      },
      "properties": {
        "house_number": "908",
        "street_name": "FAIRVIEW—EAST",
        "occupant_name": "Mrs Emma Hardick",
        "occupant_description": "",
        "race_designation": "(c)",
        "is_rear": "False",
        "canvas_fragment": "https://digitalcollections.tulsalibrary.org/iiif/2/p15020coll12:2857/manifest.json/canvas/319#xywh=177,1139,166,23",
        "norm_addr": "908 E Fairview near N Greenwood Ave, Tulsa, OK"
      }
    },
    {
      "type": "Feature",
      "geometry": {
        "type": "Point",
        "coordinates": [
          -95.986799,
          36.1692523
        ]
      },
      "properties": {
        "house_number": "910",
        "street_name": "FAIRVIEW—EAST",
        "occupant_name": "Mrs Emma Littles",
        "occupant_description": "",
        "race_designation": "",
        "is_rear": "False",
        "canvas_fragment": "https://digitalcollections.tulsalibrary.org/iiif/2/p15020coll12:2857/manifest.json/canvas/319#xywh=177,1162,166,23",
        "norm_addr": "910 E Fairview near N Greenwood Ave, Tulsa, OK"
      }
    },
    {
      "type": "Feature",
      "geometry": {
        "type": "Point",
        "coordinates": [
          -95.986799,
          36.1692523
        ]
      },
      "properties": {
        "house_number": "911",
        "street_name": "FAIRVIEW—EAST",
        "occupant_name": "Mrs Anna McNeil",
        "occupant_description": "",
        "race_designation": "(c)",
        "is_rear": "False",
        "canvas_fragment": "https://digitalcollections.tulsalibrary.org/iiif/2/p15020coll12:2857/manifest.json/canvas/319#xywh=177,1185,166,22",
        "norm_addr": "911 E Fairview near N Greenwood Ave, Tulsa, OK"
      }
    },
    {
      "type": "Feature",
      "geometry": {
        "type": "Point",
        "coordinates": [
          -95.986799,
          36.1692523
        ]
      },
      "properties": {
        "house_number": "912",
        "street_name": "FAIRVIEW—EAST",
        "occupant_name": "Rev R H Hawkins",
        "occupant_description": "",
        "race_designation": "(c)",
        "is_rear": "False",
        "canvas_fragment": "https://digitalcollections.tulsalibrary.org/iiif/2/p15020coll12:2857/manifest.json/canvas/319#xywh=177,1207,166,23",
        "norm_addr": "912 E Fairview near N Greenwood Ave, Tulsa, OK"
      }
    },
    {
      "type": "Feature",
      "geometry": {
        "type": "Point",
        "coordinates": [
          -95.986799,
          36.1692523
        ]
      },
      "properties": {
        "house_number": "913",
        "street_name": "FAIRVIEW—EAST",
        "occupant_name": "Jesse Luster",
        "occupant_description": "",
        "race_designation": "",
        "is_rear": "False",
        "canvas_fragment": "https://digitalcollections.tulsalibrary.org/iiif/2/p15020coll12:2857/manifest.json/canvas/319#xywh=177,1230,166,22",
        "norm_addr": "913 E Fairview near N Greenwood Ave, Tulsa, OK"
      }
    },
    {
      "type": "Feature",
      "geometry": {
        "type": "Point",
        "coordinates": [
          -95.986799,
          36.1692523
        ]
      },
      "properties": {
        "house_number": "914",
        "street_name": "FAIRVIEW—EAST",
        "occupant_name": "J A Smith",
        "occupant_description": "",
        "race_designation": "(c)",
        "is_rear": "False",
        "canvas_fragment": "https://digitalcollections.tulsalibrary.org/iiif/2/p15020coll12:2857/manifest.json/canvas/319#xywh=177,1252,166,24",
        "norm_addr": "914 E Fairview near N Greenwood Ave, Tulsa, OK"
      }
    },
    {
      "type": "Feature",
      "geometry": {
        "type": "Point",
        "coordinates": [
          -95.986799,
          36.1692523
        ]
      },
      "properties": {
        "house_number": "915",
        "street_name": "FAIRVIEW—EAST",
        "occupant_name": "Mrs Ruth Van",
        "occupant_description": "",
        "race_designation": "(c)",
        "is_rear": "False",
        "canvas_fragment": "https://digitalcollections.tulsalibrary.org/iiif/2/p15020coll12:2857/manifest.json/canvas/319#xywh=177,1276,166,23",
        "norm_addr": "915 E Fairview near N Greenwood Ave, Tulsa, OK"
      }
    },
    {
      "type": "Feature",
      "geometry": {
        "type": "Point",
        "coordinates": [
          -95.986799,
          36.1692523
        ]
      },
      "properties": {
        "house_number": "917",
        "street_name": "FAIRVIEW—EAST",
        "occupant_name": "George Johnson",
        "occupant_description": "",
        "race_designation": "(c)",
        "is_rear": "False",
        "canvas_fragment": "https://digitalcollections.tulsalibrary.org/iiif/2/p15020coll12:2857/manifest.json/canvas/319#xywh=177,1299,166,22",
        "norm_addr": "917 E Fairview near N Greenwood Ave, Tulsa, OK"
      }
    },
    {
      "type": "Feature",
      "geometry": {
        "type": "Point",
        "coordinates": [
          -95.986799,
          36.1692523
        ]
      },
      "properties": {
        "house_number": "1002",
        "street_name": "FAIRVIEW—EAST",
        "occupant_name": "W S Helson",
        "occupant_description": "",
        "race_designation": "",
        "is_rear": "False",
        "canvas_fragment": "https://digitalcollections.tulsalibrary.org/iiif/2/p15020coll12:2857/manifest.json/canvas/319#xywh=142,1310,24,18",
        "norm_addr": "1002 E Fairview near N Greenwood Ave, Tulsa, OK"
      }
    },
    {
      "type": "Feature",
      "geometry": {
        "type": "Point",
        "coordinates": [
          -95.986799,
          36.1692523
        ]
      },
      "properties": {
        "house_number": "1003",
        "street_name": "FAIRVIEW—EAST",
        "occupant_name": "W A Manning",
        "occupant_description": "",
        "race_designation": "",
        "is_rear": "False",
        "canvas_fragment": "https://digitalcollections.tulsalibrary.org/iiif/2/p15020coll12:2857/manifest.json/canvas/319#xywh=177,1321,166,23",
        "norm_addr": "1003 E Fairview near N Greenwood Ave, Tulsa, OK"
      }
    },
    {
      "type": "Feature",
      "geometry": {
        "type": "Point",
        "coordinates": [
          -95.986799,
          36.1692523
        ]
      },
      "properties": {
        "house_number": "1004",
        "street_name": "FAIRVIEW—EAST",
        "occupant_name": "J F Minnick",
        "occupant_description": "",
        "race_designation": "",
        "is_rear": "False",
        "canvas_fragment": "https://digitalcollections.tulsalibrary.org/iiif/2/p15020coll12:2857/manifest.json/canvas/319#xywh=177,1344,166,23",
        "norm_addr": "1004 E Fairview near N Greenwood Ave, Tulsa, OK"
      }
    },
    {
      "type": "Feature",
      "geometry": {
        "type": "Point",
        "coordinates": [
          -95.986799,
          36.1692523
        ]
      },
      "properties": {
        "house_number": "1005",
        "street_name": "FAIRVIEW—EAST",
        "occupant_name": "E N Dotson",
        "occupant_description": "",
        "race_designation": "",
        "is_rear": "False",
        "canvas_fragment": "https://digitalcollections.tulsalibrary.org/iiif/2/p15020coll12:2857/manifest.json/canvas/319",
        "norm_addr": "1005 E Fairview near N Greenwood Ave, Tulsa, OK"
      }
    },
    {
      "type": "Feature",
      "geometry": {
        "type": "Point",
        "coordinates": [
          -95.986799,
          36.1692523
        ]
      },
      "properties": {
        "house_number": "1005",
        "street_name": "FAIRVIEW—EAST",
        "occupant_name": "B M Norwood",
        "occupant_description": "",
        "race_designation": "",
        "is_rear": "False",
        "canvas_fragment": "https://digitalcollections.tulsalibrary.org/iiif/2/p15020coll12:2857/manifest.json/canvas/319#xywh=177,1367,166,22",
        "norm_addr": "1005 E Fairview near N Greenwood Ave, Tulsa, OK"
      }
    },
    {
      "type": "Feature",
      "geometry": {
        "type": "Point",
        "coordinates": [
          -95.986799,
          36.1692523
        ]
      },
      "properties": {
        "house_number": "1007",
        "street_name": "FAIRVIEW—EAST",
        "occupant_name": "R E Marler",
        "occupant_description": "",
        "race_designation": "",
        "is_rear": "False",
        "canvas_fragment": "https://digitalcollections.tulsalibrary.org/iiif/2/p15020coll12:2857/manifest.json/canvas/319#xywh=177,1389,166,23",
        "norm_addr": "1007 E Fairview near N Greenwood Ave, Tulsa, OK"
      }
    },
    {
      "type": "Feature",
      "geometry": {
        "type": "Point",
        "coordinates": [
          -95.986799,
          36.1692523
        ]
      },
      "properties": {
        "house_number": "1007",
        "street_name": "FAIRVIEW—EAST",
        "occupant_name": "Edward Marler",
        "occupant_description": "",
        "race_designation": "",
        "is_rear": "False",
        "canvas_fragment": "https://digitalcollections.tulsalibrary.org/iiif/2/p15020coll12:2857/manifest.json/canvas/319#xywh=142,1398,24,17",
        "norm_addr": "1007 E Fairview near N Greenwood Ave, Tulsa, OK"
      }
    },
    {
      "type": "Feature",
      "geometry": {
        "type": "Point",
        "coordinates": [
          -95.986799,
          36.1692523
        ]
      },
      "properties": {
        "house_number": "1007",
        "street_name": "FAIRVIEW—EAST",
        "occupant_name": "Henry Rutledge",
        "occupant_description": "",
        "race_designation": "",
        "is_rear": "False",
        "canvas_fragment": "https://digitalcollections.tulsalibrary.org/iiif/2/p15020coll12:2857/manifest.json/canvas/319#xywh=184,1400,100,18",
        "norm_addr": "1007 E Fairview near N Greenwood Ave, Tulsa, OK"
      }
    },
    {
      "type": "Feature",
      "geometry": {
        "type": "Point",
        "coordinates": [
          -95.986799,
          36.1692523
        ]
      },
      "properties": {
        "house_number": "1008",
        "street_name": "FAIRVIEW—EAST",
        "occupant_name": "J N Sanders",
        "occupant_description": "",
        "race_designation": "",
        "is_rear": "False",
        "canvas_fragment": "https://digitalcollections.tulsalibrary.org/iiif/2/p15020coll12:2857/manifest.json/canvas/319#xywh=184,1418,78,17",
        "norm_addr": "1008 E Fairview near N Greenwood Ave, Tulsa, OK"
      }
    },
    {
      "type": "Feature",
      "geometry": {
        "type": "Point",
        "coordinates": [
          -95.986799,
          36.1692523
        ]
      },
      "properties": {
        "house_number": "1009",
        "street_name": "FAIRVIEW—EAST",
        "occupant_name": "N G Belloit",
        "occupant_description": "grocer",
        "race_designation": "",
        "is_rear": "False",
        "canvas_fragment": "https://digitalcollections.tulsalibrary.org/iiif/2/p15020coll12:2857/manifest.json/canvas/319#xywh=184,1433,120,22",
        "norm_addr": "1009 E Fairview near N Greenwood Ave, Tulsa, OK"
      }
    },
    {
      "type": "Feature",
      "geometry": {
        "type": "Point",
        "coordinates": [
          -95.986799,
          36.1692523
        ]
      },
      "properties": {
        "house_number": "1009",
        "street_name": "FAIRVIEW—EAST",
        "occupant_name": "Ed Haley",
        "occupant_description": "",
        "race_designation": "",
        "is_rear": "False",
        "canvas_fragment": "https://digitalcollections.tulsalibrary.org/iiif/2/p15020coll12:2857/manifest.json/canvas/319#xywh=182,1448,83,22",
        "norm_addr": "1009 E Fairview near N Greenwood Ave, Tulsa, OK"
      }
    },
    {
      "type": "Feature",
      "geometry": {
        "type": "Point",
        "coordinates": [
          -95.986799,
          36.1692523
        ]
      },
      "properties": {
        "house_number": "1012",
        "street_name": "FAIRVIEW—EAST",
        "occupant_name": "J V Taggert",
        "occupant_description": "",
        "race_designation": "",
        "is_rear": "False",
        "canvas_fragment": "https://digitalcollections.tulsalibrary.org/iiif/2/p15020coll12:2857/manifest.json/canvas/319#xywh=182,1470,83,20",
        "norm_addr": "1012 E Fairview near N Greenwood Ave, Tulsa, OK"
      }
    },
    {
      "type": "Feature",
      "geometry": {
        "type": "Point",
        "coordinates": [
          -95.986799,
          36.1692523
        ]
      },
      "properties": {
        "house_number": "1012",
        "street_name": "FAIRVIEW—EAST",
        "occupant_name": "James Troutman",
        "occupant_description": "",
        "race_designation": "",
        "is_rear": "False",
        "canvas_fragment": "https://digitalcollections.tulsalibrary.org/iiif/2/p15020coll12:2857/manifest.json/canvas/319#xywh=183,1484,111,20",
        "norm_addr": "1012 E Fairview near N Greenwood Ave, Tulsa, OK"
      }
    },
    {
      "type": "Feature",
      "geometry": {
        "type": "Point",
        "coordinates": [
          -95.986799,
          36.1692523
        ]
      },
      "properties": {
        "house_number": "1012",
        "street_name": "FAIRVIEW—EAST",
        "occupant_name": "Rev J T Williams",
        "occupant_description": "",
        "race_designation": "",
        "is_rear": "False",
        "canvas_fragment": "https://digitalcollections.tulsalibrary.org/iiif/2/p15020coll12:2857/manifest.json/canvas/319#xywh=183,1504,111,20",
        "norm_addr": "1012 E Fairview near N Greenwood Ave, Tulsa, OK"
      }
    },
    {
      "type": "Feature",
      "geometry": {
        "type": "Point",
        "coordinates": [
          -95.986799,
          36.1692523
        ]
      },
      "properties": {
        "house_number": "1015",
        "street_name": "FAIRVIEW—EAST",
        "occupant_name": "F P Lanhan",
        "occupant_description": "",
        "race_designation": "",
        "is_rear": "False",
        "canvas_fragment": "https://digitalcollections.tulsalibrary.org/iiif/2/p15020coll12:2857/manifest.json/canvas/319#xywh=183,1518,77,23",
        "norm_addr": "1015 E Fairview near N Greenwood Ave, Tulsa, OK"
      }
    },
    {
      "type": "Feature",
      "geometry": {
        "type": "Point",
        "coordinates": [
          -95.986799,
          36.1692523
        ]
      },
      "properties": {
        "house_number": "1016",
        "street_name": "FAIRVIEW—EAST",
        "occupant_name": "Wm Bobzien",
        "occupant_description": "",
        "race_designation": "",
        "is_rear": "False",
        "canvas_fragment": "https://digitalcollections.tulsalibrary.org/iiif/2/p15020coll12:2857/manifest.json/canvas/319#xywh=118,847,13,41",
        "norm_addr": "1016 E Fairview near N Greenwood Ave, Tulsa, OK"
      }
    },
    {
      "type": "Feature",
      "geometry": {
        "type": "Point",
        "coordinates": [
          -95.986799,
          36.1692523
        ]
      },
      "properties": {
        "house_number": "1019",
        "street_name": "FAIRVIEW—EAST",
        "occupant_name": "E W Houston",
        "occupant_description": "",
        "race_designation": "",
        "is_rear": "False",
        "canvas_fragment": "https://digitalcollections.tulsalibrary.org/iiif/2/p15020coll12:2857/manifest.json/canvas/319#xywh=46,1562,85,26",
        "norm_addr": "1019 E Fairview near N Greenwood Ave, Tulsa, OK"
      }
    },
    {
      "type": "Feature",
      "geometry": {
        "type": "Point",
        "coordinates": [
          -95.986799,
          36.1692523
        ]
      },
      "properties": {
        "house_number": "1020",
        "street_name": "FAIRVIEW—EAST",
        "occupant_name": "Tulsa Saratoga Chip Co",
        "occupant_description": "",
        "race_designation": "",
        "is_rear": "False",
        "canvas_fragment": "https://digitalcollections.tulsalibrary.org/iiif/2/p15020coll12:2857/manifest.json/canvas/319#xywh=184,1572,152,21",
        "norm_addr": "1020 E Fairview near N Greenwood Ave, Tulsa, OK"
      }
    },
    {
      "type": "Feature",
      "geometry": {
        "type": "Point",
        "coordinates": [
          -95.986799,
          36.1692523
        ]
      },
      "properties": {
        "house_number": "1024",
        "street_name": "FAIRVIEW—EAST",
        "occupant_name": "D F Snoddy",
        "occupant_description": "",
        "race_designation": "",
        "is_rear": "False",
        "canvas_fragment": "https://digitalcollections.tulsalibrary.org/iiif/2/p15020coll12:2857/manifest.json/canvas/319#xywh=183,1590,77,18",
        "norm_addr": "1024 E Fairview near N Greenwood Ave, Tulsa, OK"
      }
    },
    {
      "type": "Feature",
      "geometry": {
        "type": "Point",
        "coordinates": [
          -95.986799,
          36.1692523
        ]
      },
      "properties": {
        "house_number": "1026",
        "street_name": "FAIRVIEW—EAST",
        "occupant_name": "W G Banks",
        "occupant_description": "",
        "race_designation": "",
        "is_rear": "False",
        "canvas_fragment": "https://digitalcollections.tulsalibrary.org/iiif/2/p15020coll12:2857/manifest.json/canvas/319",
        "norm_addr": "1026 E Fairview near N Greenwood Ave, Tulsa, OK"
      }
    },
    {
      "type": "Feature",
      "geometry": {
        "type": "Point",
        "coordinates": [
          -95.986799,
          36.1692523
        ]
      },
      "properties": {
        "house_number": "1026",
        "street_name": "FAIRVIEW—EAST",
        "occupant_name": "J E Dill",
        "occupant_description": "",
        "race_designation": "",
        "is_rear": "False",
        "canvas_fragment": "https://digitalcollections.tulsalibrary.org/iiif/2/p15020coll12:2857/manifest.json/canvas/319#xywh=140,1606,26,17",
        "norm_addr": "1026 E Fairview near N Greenwood Ave, Tulsa, OK"
      }
    },
    {
      "type": "Feature",
      "geometry": {
        "type": "Point",
        "coordinates": [
          -95.986799,
          36.1692523
        ]
      },
      "properties": {
        "house_number": "1026",
        "street_name": "FAIRVIEW—EAST",
        "occupant_name": "John Sprague",
        "occupant_description": "",
        "race_designation": "",
        "is_rear": "False",
        "canvas_fragment": "https://digitalcollections.tulsalibrary.org/iiif/2/p15020coll12:2857/manifest.json/canvas/319#xywh=434,210,90,20",
        "norm_addr": "1026 E Fairview near N Greenwood Ave, Tulsa, OK"
      }
    },
    {
      "type": "Feature",
      "geometry": {
        "type": "Point",
        "coordinates": [
          -95.986799,
          36.1692523
        ]
      },
      "properties": {
        "house_number": "1027",
        "street_name": "FAIRVIEW—EAST",
        "occupant_name": "Seth Allen",
        "occupant_description": "",
        "race_designation": "",
        "is_rear": "False",
        "canvas_fragment": "https://digitalcollections.tulsalibrary.org/iiif/2/p15020coll12:2857/manifest.json/canvas/319#xywh=434,230,90,21",
        "norm_addr": "1027 E Fairview near N Greenwood Ave, Tulsa, OK"
      }
    },
    {
      "type": "Feature",
      "geometry": {
        "type": "Point",
        "coordinates": [
          -95.986799,
          36.1692523
        ]
      },
      "properties": {
        "house_number": "1032",
        "street_name": "FAIRVIEW—EAST",
        "occupant_name": "T J Carter",
        "occupant_description": "",
        "race_designation": "",
        "is_rear": "False",
        "canvas_fragment": "https://digitalcollections.tulsalibrary.org/iiif/2/p15020coll12:2857/manifest.json/canvas/319#xywh=430,263,146,26",
        "norm_addr": "1032 E Fairview near N Greenwood Ave, Tulsa, OK"
      }
    },
    {
      "type": "Feature",
      "geometry": {
        "type": "Point",
        "coordinates": [
          -95.986799,
          36.1692523
        ]
      },
      "properties": {
        "house_number": "1032",
        "street_name": "FAIRVIEW—EAST",
        "occupant_name": "Dewey Duke",
        "occupant_description": "",
        "race_designation": "",
        "is_rear": "False",
        "canvas_fragment": "https://digitalcollections.tulsalibrary.org/iiif/2/p15020coll12:2857/manifest.json/canvas/319#xywh=430,289,146,24",
        "norm_addr": "1032 E Fairview near N Greenwood Ave, Tulsa, OK"
      }
    },
    {
      "type": "Feature",
      "geometry": {
        "type": "Point",
        "coordinates": [
          -95.986799,
          36.1692523
        ]
      },
      "properties": {
        "house_number": "1037",
        "street_name": "FAIRVIEW—EAST",
        "occupant_name": "W A Parsons",
        "occupant_description": "",
        "race_designation": "",
        "is_rear": "False",
        "canvas_fragment": "https://digitalcollections.tulsalibrary.org/iiif/2/p15020coll12:2857/manifest.json/canvas/319#xywh=430,313,146,26",
        "norm_addr": "1037 E Fairview near N Greenwood Ave, Tulsa, OK"
      }
    },
    {
      "type": "Feature",
      "geometry": {
        "type": "Point",
        "coordinates": [
          -95.986799,
          36.1692523
        ]
      },
      "properties": {
        "house_number": "1040",
        "street_name": "FAIRVIEW—EAST",
        "occupant_name": "J L McLaughlin",
        "occupant_description": "",
        "race_designation": "",
        "is_rear": "False",
        "canvas_fragment": "https://digitalcollections.tulsalibrary.org/iiif/2/p15020coll12:2857/manifest.json/canvas/319#xywh=430,339,146,24",
        "norm_addr": "1040 E Fairview near N Greenwood Ave, Tulsa, OK"
      }
    },
    {
      "type": "Feature",
      "geometry": {
        "type": "Point",
        "coordinates": [
          -95.986799,
          36.1692523
        ]
      },
      "properties": {
        "house_number": "1044",
        "street_name": "FAIRVIEW—EAST",
        "occupant_name": "George Ice",
        "occupant_description": "",
        "race_designation": "",
        "is_rear": "False",
        "canvas_fragment": "https://digitalcollections.tulsalibrary.org/iiif/2/p15020coll12:2857/manifest.json/canvas/319#xywh=430,363,146,25",
        "norm_addr": "1044 E Fairview near N Greenwood Ave, Tulsa, OK"
      }
    },
    {
      "type": "Feature",
      "geometry": {
        "type": "Point",
        "coordinates": [
          -95.986799,
          36.1692523
        ]
      },
      "properties": {
        "house_number": "1201",
        "street_name": "FAIRVIEW—EAST",
        "occupant_name": "J H Tomlinson",
        "occupant_description": "",
        "race_designation": "",
        "is_rear": "False",
        "canvas_fragment": "https://digitalcollections.tulsalibrary.org/iiif/2/p15020coll12:2857/manifest.json/canvas/319#xywh=430,388,146,24",
        "norm_addr": "1201 E Fairview near N Greenwood Ave, Tulsa, OK"
      }
    },
    {
      "type": "Feature",
      "geometry": {
        "type": "Point",
        "coordinates": [
          -95.986799,
          36.1692523
        ]
      },
      "properties": {
        "house_number": "1205",
        "street_name": "FAIRVIEW—EAST",
        "occupant_name": "J H Haney",
        "occupant_description": "",
        "race_designation": "",
        "is_rear": "False",
        "canvas_fragment": "https://digitalcollections.tulsalibrary.org/iiif/2/p15020coll12:2857/manifest.json/canvas/319#xywh=390,389,27,20",
        "norm_addr": "1205 E Fairview near N Greenwood Ave, Tulsa, OK"
      }
    },
    {
      "type": "Feature",
      "geometry": {
        "type": "Point",
        "coordinates": [
          -95.986799,
          36.1692523
        ]
      },
      "properties": {
        "house_number": "1207",
        "street_name": "FAIRVIEW—EAST",
        "occupant_name": "C L Crawford",
        "occupant_description": "",
        "race_designation": "",
        "is_rear": "False",
        "canvas_fragment": "https://digitalcollections.tulsalibrary.org/iiif/2/p15020coll12:2857/manifest.json/canvas/319#xywh=388,399,29,19",
        "norm_addr": "1207 E Fairview near N Greenwood Ave, Tulsa, OK"
      }
    },
    {
      "type": "Feature",
      "geometry": {
        "type": "Point",
        "coordinates": [
          -95.986799,
          36.1692523
        ]
      },
      "properties": {
        "house_number": "1210",
        "street_name": "FAIRVIEW—EAST",
        "occupant_name": "W H Whisman",
        "occupant_description": "",
        "race_designation": "",
        "is_rear": "False",
        "canvas_fragment": "https://digitalcollections.tulsalibrary.org/iiif/2/p15020coll12:2857/manifest.json/canvas/319#xywh=430,412,146,26",
        "norm_addr": "1210 E Fairview near N Greenwood Ave, Tulsa, OK"
      }
    },
    {
      "type": "Feature",
      "geometry": {
        "type": "Point",
        "coordinates": [
          -95.986799,
          36.1692523
        ]
      },
      "properties": {
        "house_number": "1211",
        "street_name": "FAIRVIEW—EAST",
        "occupant_name": "Joseph Abbott",
        "occupant_description": "",
        "race_designation": "",
        "is_rear": "False",
        "canvas_fragment": "https://digitalcollections.tulsalibrary.org/iiif/2/p15020coll12:2857/manifest.json/canvas/319#xywh=388,418,29,20",
        "norm_addr": "1211 E Fairview near N Greenwood Ave, Tulsa, OK"
      }
    },
    {
      "type": "Feature",
      "geometry": {
        "type": "Point",
        "coordinates": [
          -95.986799,
          36.1692523
        ]
      },
      "properties": {
        "house_number": "1211",
        "street_name": "FAIRVIEW—EAST",
        "occupant_name": "H W Rutledge",
        "occupant_description": "",
        "race_designation": "",
        "is_rear": "False",
        "canvas_fragment": "https://digitalcollections.tulsalibrary.org/iiif/2/p15020coll12:2857/manifest.json/canvas/319#xywh=388,438,29,20",
        "norm_addr": "1211 E Fairview near N Greenwood Ave, Tulsa, OK"
      }
    },
    {
      "type": "Feature",
      "geometry": {
        "type": "Point",
        "coordinates": [
          -95.986799,
          36.1692523
        ]
      },
      "properties": {
        "house_number": "1212",
        "street_name": "FAIRVIEW—EAST",
        "occupant_name": "L L Bush",
        "occupant_description": "",
        "race_designation": "",
        "is_rear": "False",
        "canvas_fragment": "https://digitalcollections.tulsalibrary.org/iiif/2/p15020coll12:2857/manifest.json/canvas/319#xywh=388,458,29,19",
        "norm_addr": "1212 E Fairview near N Greenwood Ave, Tulsa, OK"
      }
    },
    {
      "type": "Feature",
      "geometry": {
        "type": "Point",
        "coordinates": [
          -95.986799,
          36.1692523
        ]
      },
      "properties": {
        "house_number": "1213",
        "street_name": "FAIRVIEW—EAST",
        "occupant_name": "Mrs Minnie Fields",
        "occupant_description": "",
        "race_designation": "",
        "is_rear": "False",
        "canvas_fragment": "https://digitalcollections.tulsalibrary.org/iiif/2/p15020coll12:2857/manifest.json/canvas/319#xywh=388,477,29,20",
        "norm_addr": "1213 E Fairview near N Greenwood Ave, Tulsa, OK"
      }
    },
    {
      "type": "Feature",
      "geometry": {
        "type": "Point",
        "coordinates": [
          -95.986799,
          36.1692523
        ]
      },
      "properties": {
        "house_number": "1213",
        "street_name": "FAIRVIEW—EAST",
        "occupant_name": "O E McPherson",
        "occupant_description": "",
        "race_designation": "",
        "is_rear": "False",
        "canvas_fragment": "https://digitalcollections.tulsalibrary.org/iiif/2/p15020coll12:2857/manifest.json/canvas/319#xywh=430,488,146,24",
        "norm_addr": "1213 E Fairview near N Greenwood Ave, Tulsa, OK"
      }
    },
    {
      "type": "Feature",
      "geometry": {
        "type": "Point",
        "coordinates": [
          -95.986799,
          36.1692523
        ]
      },
      "properties": {
        "house_number": "1213",
        "street_name": "FAIRVIEW—EAST",
        "occupant_name": "Shelby Gray",
        "occupant_description": "",
        "race_designation": "",
        "is_rear": "False",
        "canvas_fragment": "https://digitalcollections.tulsalibrary.org/iiif/2/p15020coll12:2857/manifest.json/canvas/319#xywh=388,497,29,19",
        "norm_addr": "1213 E Fairview near N Greenwood Ave, Tulsa, OK"
      }
    },
    {
      "type": "Feature",
      "geometry": {
        "type": "Point",
        "coordinates": [
          -95.986799,
          36.1692523
        ]
      },
      "properties": {
        "house_number": "1216",
        "street_name": "FAIRVIEW—EAST",
        "occupant_name": "Ted Lancaster",
        "occupant_description": "",
        "race_designation": "",
        "is_rear": "False",
        "canvas_fragment": "https://digitalcollections.tulsalibrary.org/iiif/2/p15020coll12:2857/manifest.json/canvas/319#xywh=430,512,146,25",
        "norm_addr": "1216 E Fairview near N Greenwood Ave, Tulsa, OK"
      }
    },
    {
      "type": "Feature",
      "geometry": {
        "type": "Point",
        "coordinates": [
          -95.986799,
          36.1692523
        ]
      },
      "properties": {
        "house_number": "1218",
        "street_name": "FAIRVIEW—EAST",
        "occupant_name": "J H Keller",
        "occupant_description": "",
        "race_designation": "",
        "is_rear": "False",
        "canvas_fragment": "https://digitalcollections.tulsalibrary.org/iiif/2/p15020coll12:2857/manifest.json/canvas/319#xywh=388,536,29,20",
        "norm_addr": "1218 E Fairview near N Greenwood Ave, Tulsa, OK"
      }
    },
    {
      "type": "Feature",
      "geometry": {
        "type": "Point",
        "coordinates": [
          -95.986799,
          36.1692523
        ]
      },
      "properties": {
        "house_number": "1222",
        "street_name": "FAIRVIEW—EAST",
        "occupant_name": "W P Balay",
        "occupant_description": "",
        "race_designation": "",
        "is_rear": "False",
        "canvas_fragment": "https://digitalcollections.tulsalibrary.org/iiif/2/p15020coll12:2857/manifest.json/canvas/319#xywh=391,546,25,20",
        "norm_addr": "1222 E Fairview near N Greenwood Ave, Tulsa, OK"
      }
    },
    {
      "type": "Feature",
      "geometry": {
        "type": "Point",
        "coordinates": [
          -95.986799,
          36.1692523
        ]
      },
      "properties": {
        "house_number": "1224",
        "street_name": "FAIRVIEW—EAST",
        "occupant_name": "James White",
        "occupant_description": "",
        "race_designation": "",
        "is_rear": "False",
        "canvas_fragment": "https://digitalcollections.tulsalibrary.org/iiif/2/p15020coll12:2857/manifest.json/canvas/319#xywh=390,558,27,20",
        "norm_addr": "1224 E Fairview near N Greenwood Ave, Tulsa, OK"
      }
    },
    {
      "type": "Feature",
      "geometry": {
        "type": "Point",
        "coordinates": [
          -95.986799,
          36.1692523
        ]
      },
      "properties": {
        "house_number": "1225",
        "street_name": "FAIRVIEW—EAST",
        "occupant_name": "J J Williams",
        "occupant_description": "",
        "race_designation": "",
        "is_rear": "False",
        "canvas_fragment": "https://digitalcollections.tulsalibrary.org/iiif/2/p15020coll12:2857/manifest.json/canvas/319#xywh=390,578,27,19",
        "norm_addr": "1225 E Fairview near N Greenwood Ave, Tulsa, OK"
      }
    },
    {
      "type": "Feature",
      "geometry": {
        "type": "Point",
        "coordinates": [
          -95.986799,
          36.1692523
        ]
      },
      "properties": {
        "house_number": "1226",
        "street_name": "FAIRVIEW—EAST",
        "occupant_name": "Mrs Minnie B Mathis",
        "occupant_description": "",
        "race_designation": "",
        "is_rear": "False",
        "canvas_fragment": "https://digitalcollections.tulsalibrary.org/iiif/2/p15020coll12:2857/manifest.json/canvas/319#xywh=390,597,27,20",
        "norm_addr": "1226 E Fairview near N Greenwood Ave, Tulsa, OK"
      }
    },
    {
      "type": "Feature",
      "geometry": {
        "type": "Point",
        "coordinates": [
          -95.986799,
          36.1692523
        ]
      },
      "properties": {
        "house_number": "1227",
        "street_name": "FAIRVIEW—EAST",
        "occupant_name": "Mrs Emily J Stewart",
        "occupant_description": "",
        "race_designation": "",
        "is_rear": "False",
        "canvas_fragment": "https://digitalcollections.tulsalibrary.org/iiif/2/p15020coll12:2857/manifest.json/canvas/319#xywh=390,617,27,20",
        "norm_addr": "1227 E Fairview near N Greenwood Ave, Tulsa, OK"
      }
    },
    {
      "type": "Feature",
      "geometry": {
        "type": "Point",
        "coordinates": [
          -95.986799,
          36.1692523
        ]
      },
      "properties": {
        "house_number": "1229",
        "street_name": "FAIRVIEW—EAST",
        "occupant_name": "E J Massey",
        "occupant_description": "",
        "race_designation": "",
        "is_rear": "False",
        "canvas_fragment": "https://digitalcollections.tulsalibrary.org/iiif/2/p15020coll12:2857/manifest.json/canvas/319#xywh=432,629,95,20",
        "norm_addr": "1229 E Fairview near N Greenwood Ave, Tulsa, OK"
      }
    },
    {
      "type": "Feature",
      "geometry": {
        "type": "Point",
        "coordinates": [
          -95.986799,
          36.1692523
        ]
      },
      "properties": {
        "house_number": "1234",
        "street_name": "FAIRVIEW—EAST",
        "occupant_name": "C B Crisman",
        "occupant_description": "",
        "race_designation": "",
        "is_rear": "False",
        "canvas_fragment": "https://digitalcollections.tulsalibrary.org/iiif/2/p15020coll12:2857/manifest.json/canvas/319#xywh=432,649,95,21",
        "norm_addr": "1234 E Fairview near N Greenwood Ave, Tulsa, OK"
      }
    },
    {
      "type": "Feature",
      "geometry": {
        "type": "Point",
        "coordinates": [
          -95.986799,
          36.1692523
        ]
      },
      "properties": {
        "house_number": "1237",
        "street_name": "FAIRVIEW—EAST",
        "occupant_name": "O E Crabaugh",
        "occupant_description": "",
        "race_designation": "",
        "is_rear": "False",
        "canvas_fragment": "https://digitalcollections.tulsalibrary.org/iiif/2/p15020coll12:2857/manifest.json/canvas/319#xywh=432,670,95,21",
        "norm_addr": "1237 E Fairview near N Greenwood Ave, Tulsa, OK"
      }
    },
    {
      "type": "Feature",
      "geometry": {
        "type": "Point",
        "coordinates": [
          -95.986799,
          36.1692523
        ]
      },
      "properties": {
        "house_number": "1237",
        "street_name": "FAIRVIEW—EAST",
        "occupant_name": "F G Grant",
        "occupant_description": "",
        "race_designation": "",
        "is_rear": "False",
        "canvas_fragment": "https://digitalcollections.tulsalibrary.org/iiif/2/p15020coll12:2857/manifest.json/canvas/319#xywh=434,685,67,20",
        "norm_addr": "1237 E Fairview near N Greenwood Ave, Tulsa, OK"
      }
    },
    {
      "type": "Feature",
      "geometry": {
        "type": "Point",
        "coordinates": [
          -95.986799,
          36.1692523
        ]
      },
      "properties": {
        "house_number": "1238",
        "street_name": "FAIRVIEW—EAST",
        "occupant_name": "Roy Lynch",
        "occupant_description": "",
        "race_designation": "",
        "is_rear": "False",
        "canvas_fragment": "https://digitalcollections.tulsalibrary.org/iiif/2/p15020coll12:2857/manifest.json/canvas/319#xywh=431,694,161,21",
        "norm_addr": "1238 E Fairview near N Greenwood Ave, Tulsa, OK"
      }
    },
    {
      "type": "Feature",
      "geometry": {
        "type": "Point",
        "coordinates": [
          -95.986799,
          36.1692523
        ]
      },
      "properties": {
        "house_number": "1244",
        "street_name": "FAIRVIEW—EAST",
        "occupant_name": "D J Crawley",
        "occupant_description": "",
        "race_designation": "",
        "is_rear": "False",
        "canvas_fragment": "https://digitalcollections.tulsalibrary.org/iiif/2/p15020coll12:2857/manifest.json/canvas/319#xywh=431,715,161,21",
        "norm_addr": "1244 E Fairview near N Greenwood Ave, Tulsa, OK"
      }
    },
    {
      "type": "Feature",
      "geometry": {
        "type": "Point",
        "coordinates": [
          -95.986799,
          36.1692523
        ]
      },
      "properties": {
        "house_number": "1247",
        "street_name": "FAIRVIEW—EAST",
        "occupant_name": "G J Strickelman",
        "occupant_description": "notions",
        "race_designation": "",
        "is_rear": "False",
        "canvas_fragment": "https://digitalcollections.tulsalibrary.org/iiif/2/p15020coll12:2857/manifest.json/canvas/319#xywh=431,736,161,21",
        "norm_addr": "1247 E Fairview near N Greenwood Ave, Tulsa, OK"
      }
    },
    {
      "type": "Feature",
      "geometry": {
        "type": "Point",
        "coordinates": [
          -95.986799,
          36.1692523
        ]
      },
      "properties": {
        "house_number": "1247",
        "street_name": "FAIRVIEW—EAST",
        "occupant_name": "A S Stockdale",
        "occupant_description": "",
        "race_designation": "",
        "is_rear": "False",
        "canvas_fragment": "https://digitalcollections.tulsalibrary.org/iiif/2/p15020coll12:2857/manifest.json/canvas/319#xywh=431,757,161,21",
        "norm_addr": "1247 E Fairview near N Greenwood Ave, Tulsa, OK"
      }
    },
    {
      "type": "Feature",
      "geometry": {
        "type": "Point",
        "coordinates": [
          -95.986799,
          36.1692523
        ]
      },
      "properties": {
        "house_number": "1444",
        "street_name": "FAIRVIEW—EAST",
        "occupant_name": "J R Metcalf",
        "occupant_description": "",
        "race_designation": "",
        "is_rear": "False",
        "canvas_fragment": "https://digitalcollections.tulsalibrary.org/iiif/2/p15020coll12:2857/manifest.json/canvas/319#xywh=390,773,26,18",
        "norm_addr": "1444 E Fairview near N Greenwood Ave, Tulsa, OK"
      }
    },
    {
      "type": "Feature",
      "geometry": {
        "type": "Point",
        "coordinates": [
          -95.986799,
          36.1692523
        ]
      },
      "properties": {
        "house_number": "1016",
        "street_name": "FAIRVIEW—EAST",
        "occupant_name": "Wm Bobzien",
        "occupant_description": "",
        "race_designation": "",
        "is_rear": "False",
        "canvas_fragment": "https://digitalcollections.tulsalibrary.org/iiif/2/p15020coll12:2857/manifest.json/canvas/319",
        "norm_addr": "1016 E Fairview near N Greenwood Ave, Tulsa, OK"
      }
    },
    {
      "type": "Feature",
      "geometry": {
        "type": "Point",
        "coordinates": [
          -95.989012,
          36.167953
        ]
      },
      "properties": {
        "house_number": "801",
        "street_name": "FRANKFORT AV—SOUTH",
        "occupant_name": "Eugene Sullivan",
        "occupant_description": "",
        "race_designation": "",
        "is_rear": "False",
        "canvas_fragment": "https://digitalcollections.tulsalibrary.org/iiif/2/p15020coll12:2857/manifest.json/canvas/327#xywh=710,614,179,25",
        "norm_addr": "801 Frankfort Ave, Tulsa, OK"
      }
    },
    {
      "type": "Feature",
      "geometry": {
        "type": "Point",
        "coordinates": [
          -95.9860649,
          36.1598051
        ]
      },
      "properties": {
        "house_number": "24",
        "street_name": "GREENWOOD AV",
        "occupant_name": "Tulsa Public Health Association No 2",
        "occupant_description": "",
        "race_designation": "",
        "is_rear": "False",
        "canvas_fragment": "https://digitalcollections.tulsalibrary.org/iiif/2/p15020coll12:2857/manifest.json/canvas/329#xywh=458,1517,120,18",
        "norm_addr": "24 Greenwood Ave, Tulsa, OK"
      }
    },
    {
      "type": "Feature",
      "geometry": {
        "type": "Point",
        "coordinates": [
          -95.9859453,
          36.1599864
        ]
      },
      "properties": {
        "house_number": "101",
        "street_name": "GREENWOOD AV",
        "occupant_name": "Earl Real Estate Co",
        "occupant_description": "",
        "race_designation": "(c)",
        "is_rear": "False",
        "canvas_fragment": "https://digitalcollections.tulsalibrary.org/iiif/2/p15020coll12:2857/manifest.json/canvas/329#xywh=442,1569,156,19",
        "norm_addr": "101 Greenwood Ave, Tulsa, OK"
      }
    },
    {
      "type": "Feature",
      "geometry": {
        "type": "Point",
        "coordinates": [
          -95.986603,
          36.160322
        ]
      },
      "properties": {
        "house_number": "102",
        "street_name": "GREENWOOD AV",
        "occupant_name": "J J McKeever",
        "occupant_description": "dentist",
        "race_designation": "(c)",
        "is_rear": "False",
        "canvas_fragment": "https://digitalcollections.tulsalibrary.org/iiif/2/p15020coll12:2857/manifest.json/canvas/329#xywh=441,1604,172,22",
        "norm_addr": "102 Greenwood Ave, Tulsa, OK"
      }
    },
    {
      "type": "Feature",
      "geometry": {
        "type": "Point",
        "coordinates": [
          -95.986603,
          36.160322
        ]
      },
      "properties": {
        "house_number": "102",
        "street_name": "GREENWOOD AV",
        "occupant_name": "J W Williams",
        "occupant_description": "",
        "race_designation": "(c)",
        "is_rear": "False",
        "canvas_fragment": "https://digitalcollections.tulsalibrary.org/iiif/2/p15020coll12:2857/manifest.json/canvas/329#xywh=441,1639,116,17",
        "norm_addr": "102 Greenwood Ave, Tulsa, OK"
      }
    },
    {
      "type": "Feature",
      "geometry": {
        "type": "Point",
        "coordinates": [
          -95.9859453,
          36.1599864
        ]
      },
      "properties": {
        "house_number": "101 1/2",
        "street_name": "GREENWOOD AV",
        "occupant_name": "Oklahoma Sun",
        "occupant_description": "",
        "race_designation": "(c)",
        "is_rear": "False",
        "canvas_fragment": "https://digitalcollections.tulsalibrary.org/iiif/2/p15020coll12:2857/manifest.json/canvas/329#xywh=125,1744,24,55",
        "norm_addr": "101 1/2 Greenwood Ave, Tulsa, OK"
      }
    },
    {
      "type": "Feature",
      "geometry": {
        "type": "Point",
        "coordinates": [
          -95.986603,
          36.160322
        ]
      },
      "properties": {
        "house_number": "102",
        "street_name": "GREENWOOD AV",
        "occupant_name": "Williams Building",
        "occupant_description": "",
        "race_designation": "(c)",
        "is_rear": "False",
        "canvas_fragment": "https://digitalcollections.tulsalibrary.org/iiif/2/p15020coll12:2857/manifest.json/canvas/329",
        "norm_addr": "102 Greenwood Ave, Tulsa, OK"
      }
    },
    {
      "type": "Feature",
      "geometry": {
        "type": "Point",
        "coordinates": [
          -95.986603,
          36.160322
        ]
      },
      "properties": {
        "house_number": "102",
        "street_name": "GREENWOOD AV",
        "occupant_name": "Mrs Lulu Williams",
        "occupant_description": "",
        "race_designation": "(c)",
        "is_rear": "False",
        "canvas_fragment": "https://digitalcollections.tulsalibrary.org/iiif/2/p15020coll12:2857/manifest.json/canvas/329#xywh=899,60,59,28",
        "norm_addr": "102 Greenwood Ave, Tulsa, OK"
      }
    },
    {
      "type": "Feature",
      "geometry": {
        "type": "Point",
        "coordinates": [
          -95.9860232,
          36.1600763
        ]
      },
      "properties": {
        "house_number": "105",
        "street_name": "GREENWOOD AV",
        "occupant_name": "H L Byars",
        "occupant_description": "tailor",
        "race_designation": "(c)",
        "is_rear": "False",
        "canvas_fragment": "https://digitalcollections.tulsalibrary.org/iiif/2/p15020coll12:2857/manifest.json/canvas/329#xywh=691,325,212,19",
        "norm_addr": "105 Greenwood Ave, Tulsa, OK"
      }
    },
    {
      "type": "Feature",
      "geometry": {
        "type": "Point",
        "coordinates": [
          -95.9860232,
          36.1600763
        ]
      },
      "properties": {
        "house_number": "105",
        "street_name": "GREENWOOD AV",
        "occupant_name": "Woods Building",
        "occupant_description": "",
        "race_designation": "(c)",
        "is_rear": "False",
        "canvas_fragment": "https://digitalcollections.tulsalibrary.org/iiif/2/p15020coll12:2857/manifest.json/canvas/329#xywh=691,344,212,20",
        "norm_addr": "105 Greenwood Ave, Tulsa, OK"
      }
    },
    {
      "type": "Feature",
      "geometry": {
        "type": "Point",
        "coordinates": [
          -95.9860607,
          36.160094
        ]
      },
      "properties": {
        "house_number": "107",
        "street_name": "GREENWOOD AV",
        "occupant_name": "Sonnie Frasier",
        "occupant_description": "barber",
        "race_designation": "(c)",
        "is_rear": "False",
        "canvas_fragment": "https://digitalcollections.tulsalibrary.org/iiif/2/p15020coll12:2857/manifest.json/canvas/329#xywh=691,364,212,21",
        "norm_addr": "107 Greenwood Ave, Tulsa, OK"
      }
    },
    {
      "type": "Feature",
      "geometry": {
        "type": "Point",
        "coordinates": [
          -95.98636,
          36.1600768
        ]
      },
      "properties": {
        "house_number": "108",
        "street_name": "GREENWOOD AV",
        "occupant_name": "Economy Drug Co",
        "occupant_description": "",
        "race_designation": "(c)",
        "is_rear": "False",
        "canvas_fragment": "https://digitalcollections.tulsalibrary.org/iiif/2/p15020coll12:2857/manifest.json/canvas/329#xywh=689,513,245,70",
        "norm_addr": "108 Greenwood Ave, Tulsa, OK"
      }
    },
    {
      "type": "Feature",
      "geometry": {
        "type": "Point",
        "coordinates": [
          -95.9860833,
          36.1601365
        ]
      },
      "properties": {
        "house_number": "109",
        "street_name": "GREENWOOD AV",
        "occupant_name": "Hulit Dillard",
        "occupant_description": "shoe shiner",
        "race_designation": "(c)",
        "is_rear": "False",
        "canvas_fragment": "https://digitalcollections.tulsalibrary.org/iiif/2/p15020coll12:2857/manifest.json/canvas/329#xywh=689,583,245,70",
        "norm_addr": "109 Greenwood Ave, Tulsa, OK"
      }
    },
    {
      "type": "Feature",
      "geometry": {
        "type": "Point",
        "coordinates": [
          -95.9863963,
          36.1601507
        ]
      },
      "properties": {
        "house_number": "112",
        "street_name": "GREENWOOD AV",
        "occupant_name": "Gurley Bldg",
        "occupant_description": "",
        "race_designation": "",
        "is_rear": "False",
        "canvas_fragment": "https://digitalcollections.tulsalibrary.org/iiif/2/p15020coll12:2857/manifest.json/canvas/329#xywh=1031,165,134,30",
        "norm_addr": "112 Greenwood Ave, Tulsa, OK"
      }
    },
    {
      "type": "Feature",
      "geometry": {
        "type": "Point",
        "coordinates": [
          -95.9863963,
          36.1601507
        ]
      },
      "properties": {
        "house_number": "112",
        "street_name": "GREENWOOD AV",
        "occupant_name": "W W Shobe",
        "occupant_description": "billiards",
        "race_designation": "(c)",
        "is_rear": "False",
        "canvas_fragment": "https://digitalcollections.tulsalibrary.org/iiif/2/p15020coll12:2857/manifest.json/canvas/329#xywh=1193,187,42,47",
        "norm_addr": "112 Greenwood Ave, Tulsa, OK"
      }
    },
    {
      "type": "Feature",
      "geometry": {
        "type": "Point",
        "coordinates": [
          -95.9864306,
          36.1601881
        ]
      },
      "properties": {
        "house_number": "116",
        "street_name": "GREENWOOD AV",
        "occupant_name": "T E Hughes",
        "occupant_description": "restaurant",
        "race_designation": "(c)",
        "is_rear": "False",
        "canvas_fragment": "https://digitalcollections.tulsalibrary.org/iiif/2/p15020coll12:2857/manifest.json/canvas/329",
        "norm_addr": "116 Greenwood Ave, Tulsa, OK"
      }
    },
    {
      "type": "Feature",
      "geometry": {
        "type": "Point",
        "coordinates": [
          -95.9864333,
          36.1602101
        ]
      },
      "properties": {
        "house_number": "118",
        "street_name": "GREENWOOD AV",
        "occupant_name": "John Bell",
        "occupant_description": "barber",
        "race_designation": "(c)",
        "is_rear": "False",
        "canvas_fragment": "https://digitalcollections.tulsalibrary.org/iiif/2/p15020coll12:2857/manifest.json/canvas/329#xywh=696,846,207,27",
        "norm_addr": "118 Greenwood Ave, Tulsa, OK"
      }
    },
    {
      "type": "Feature",
      "geometry": {
        "type": "Point",
        "coordinates": [
          -95.9865087,
          36.1603191
        ]
      },
      "properties": {
        "house_number": "120",
        "street_name": "GREENWOOD AV",
        "occupant_name": "Dixie Theatre",
        "occupant_description": "",
        "race_designation": "",
        "is_rear": "False",
        "canvas_fragment": "https://digitalcollections.tulsalibrary.org/iiif/2/p15020coll12:2857/manifest.json/canvas/329#xywh=698,1027,34,20",
        "norm_addr": "120 Greenwood Ave, Tulsa, OK"
      }
    },
    {
      "type": "Feature",
      "geometry": {
        "type": "Point",
        "coordinates": [
          -95.9865087,
          36.1603191
        ]
      },
      "properties": {
        "house_number": "120",
        "street_name": "GREENWOOD AV",
        "occupant_name": "Samuel Stokenberry",
        "occupant_description": "shoe shiner",
        "race_designation": "(c)",
        "is_rear": "False",
        "canvas_fragment": "https://digitalcollections.tulsalibrary.org/iiif/2/p15020coll12:2857/manifest.json/canvas/329#xywh=943,1032,20,17",
        "norm_addr": "120 Greenwood Ave, Tulsa, OK"
      }
    },
    {
      "type": "Feature",
      "geometry": {
        "type": "Point",
        "coordinates": [
          -95.9860129,
          36.1601811
        ]
      },
      "properties": {
        "house_number": "121",
        "street_name": "GREENWOOD AV",
        "occupant_name": "J S Gist",
        "occupant_description": "barber",
        "race_designation": "",
        "is_rear": "False",
        "canvas_fragment": "https://digitalcollections.tulsalibrary.org/iiif/2/p15020coll12:2857/manifest.json/canvas/329#xywh=696,819,207,27",
        "norm_addr": "121 Greenwood Ave, Tulsa, OK"
      }
    },
    {
      "type": "Feature",
      "geometry": {
        "type": "Point",
        "coordinates": [
          -95.9860129,
          36.1601811
        ]
      },
      "properties": {
        "house_number": "121",
        "street_name": "GREENWOOD AV",
        "occupant_name": "Katie Ward",
        "occupant_description": "",
        "race_designation": "(c)",
        "is_rear": "True",
        "canvas_fragment": "https://digitalcollections.tulsalibrary.org/iiif/2/p15020coll12:2857/manifest.json/canvas/329#xywh=696,873,207,26",
        "norm_addr": "121 Greenwood Ave, Tulsa, OK"
      }
    },
    {
      "type": "Feature",
      "geometry": {
        "type": "Point",
        "coordinates": [
          -95.9865779,
          36.1605002
        ]
      },
      "properties": {
        "house_number": "124",
        "street_name": "GREENWOOD AV",
        "occupant_name": "Elliott & Hooker",
        "occupant_description": "clothing",
        "race_designation": "(c)",
        "is_rear": "False",
        "canvas_fragment": "https://digitalcollections.tulsalibrary.org/iiif/2/p15020coll12:2857/manifest.json/canvas/329#xywh=697,1129,239,35",
        "norm_addr": "124 Greenwood Ave, Tulsa, OK"
      }
    },
    {
      "type": "Feature",
      "geometry": {
        "type": "Point",
        "coordinates": [
          -95.9865908,
          36.161286
        ]
      },
      "properties": {
        "house_number": "302",
        "street_name": "GREENWOOD AV",
        "occupant_name": "J H Hodnett",
        "occupant_description": "contr",
        "race_designation": "(c)",
        "is_rear": "False",
        "canvas_fragment": "https://digitalcollections.tulsalibrary.org/iiif/2/p15020coll12:2857/manifest.json/canvas/329#xywh=739,1409,150,21",
        "norm_addr": "302 Greenwood Ave, Tulsa, OK"
      }
    },
    {
      "type": "Feature",
      "geometry": {
        "type": "Point",
        "coordinates": [
          -95.9865929,
          36.161381
        ]
      },
      "properties": {
        "house_number": "304",
        "street_name": "GREENWOOD AV",
        "occupant_name": "W H Johnson",
        "occupant_description": "",
        "race_designation": "(c)",
        "is_rear": "True",
        "canvas_fragment": "https://digitalcollections.tulsalibrary.org/iiif/2/p15020coll12:2857/manifest.json/canvas/329#xywh=740,1427,139,22",
        "norm_addr": "304 Greenwood Ave, Tulsa, OK"
      }
    },
    {
      "type": "Feature",
      "geometry": {
        "type": "Point",
        "coordinates": [
          -95.9865949,
          36.1614761
        ]
      },
      "properties": {
        "house_number": "306",
        "street_name": "GREENWOOD AV",
        "occupant_name": "W C Lewis",
        "occupant_description": "",
        "race_designation": "(c)",
        "is_rear": "False",
        "canvas_fragment": "https://digitalcollections.tulsalibrary.org/iiif/2/p15020coll12:2857/manifest.json/canvas/329#xywh=703,1442,194,20",
        "norm_addr": "306 Greenwood Ave, Tulsa, OK"
      }
    },
    {
      "type": "Feature",
      "geometry": {
        "type": "Point",
        "coordinates": [
          -95.9865949,
          36.1614761
        ]
      },
      "properties": {
        "house_number": "306-A",
        "street_name": "GREENWOOD AV",
        "occupant_name": "E W Vaden",
        "occupant_description": "",
        "race_designation": "(c)",
        "is_rear": "False",
        "canvas_fragment": "https://digitalcollections.tulsalibrary.org/iiif/2/p15020coll12:2857/manifest.json/canvas/329#xywh=703,1462,194,19",
        "norm_addr": "306-A Greenwood Ave, Tulsa, OK"
      }
    },
    {
      "type": "Feature",
      "geometry": {
        "type": "Point",
        "coordinates": [
          -95.986597,
          36.1615711
        ]
      },
      "properties": {
        "house_number": "308",
        "street_name": "GREENWOOD AV",
        "occupant_name": "Mrs F Jane Johnson",
        "occupant_description": "",
        "race_designation": "(c)",
        "is_rear": "False",
        "canvas_fragment": "https://digitalcollections.tulsalibrary.org/iiif/2/p15020coll12:2857/manifest.json/canvas/329#xywh=703,1481,194,20",
        "norm_addr": "308 Greenwood Ave, Tulsa, OK"
      }
    },
    {
      "type": "Feature",
      "geometry": {
        "type": "Point",
        "coordinates": [
          -95.986597,
          36.1615711
        ]
      },
      "properties": {
        "house_number": "308",
        "street_name": "GREENWOOD AV",
        "occupant_name": "Rev J A Johnson",
        "occupant_description": "",
        "race_designation": "(c)",
        "is_rear": "False",
        "canvas_fragment": "https://digitalcollections.tulsalibrary.org/iiif/2/p15020coll12:2857/manifest.json/canvas/329#xywh=703,1501,194,20",
        "norm_addr": "308 Greenwood Ave, Tulsa, OK"
      }
    },
    {
      "type": "Feature",
      "geometry": {
        "type": "Point",
        "coordinates": [
          -95.9862799,
          36.1614966
        ]
      },
      "properties": {
        "house_number": "309",
        "street_name": "GREENWOOD AV",
        "occupant_name": "Alex Bayne",
        "occupant_description": "",
        "race_designation": "(c)",
        "is_rear": "False",
        "canvas_fragment": "https://digitalcollections.tulsalibrary.org/iiif/2/p15020coll12:2857/manifest.json/canvas/329#xywh=741,1514,98,19",
        "norm_addr": "309 Greenwood Ave, Tulsa, OK"
      }
    },
    {
      "type": "Feature",
      "geometry": {
        "type": "Point",
        "coordinates": [
          -95.9865989,
          36.1616662
        ]
      },
      "properties": {
        "house_number": "310",
        "street_name": "GREENWOOD AV",
        "occupant_name": "J E Fields",
        "occupant_description": "",
        "race_designation": "(c)",
        "is_rear": "False",
        "canvas_fragment": "https://digitalcollections.tulsalibrary.org/iiif/2/p15020coll12:2857/manifest.json/canvas/329#xywh=739,1531,103,20",
        "norm_addr": "310 Greenwood Ave, Tulsa, OK"
      }
    },
    {
      "type": "Feature",
      "geometry": {
        "type": "Point",
        "coordinates": [
          -95.9862823,
          36.1616147
        ]
      },
      "properties": {
        "house_number": "311",
        "street_name": "GREENWOOD AV",
        "occupant_name": "Wm Kyle",
        "occupant_description": "",
        "race_designation": "(c)",
        "is_rear": "False",
        "canvas_fragment": "https://digitalcollections.tulsalibrary.org/iiif/2/p15020coll12:2857/manifest.json/canvas/329",
        "norm_addr": "311 Greenwood Ave, Tulsa, OK"
      }
    },
    {
      "type": "Feature",
      "geometry": {
        "type": "Point",
        "coordinates": [
          -95.9866001,
          36.1618411
        ]
      },
      "properties": {
        "house_number": "314",
        "street_name": "GREENWOOD AV",
        "occupant_name": "Scott Robert",
        "occupant_description": "",
        "race_designation": "(c)",
        "is_rear": "False",
        "canvas_fragment": "https://digitalcollections.tulsalibrary.org/iiif/2/p15020coll12:2857/manifest.json/canvas/329#xywh=740,1562,106,20",
        "norm_addr": "314 Greenwood Ave, Tulsa, OK"
      }
    },
    {
      "type": "Feature",
      "geometry": {
        "type": "Point",
        "coordinates": [
          -95.9862813,
          36.161562
        ]
      },
      "properties": {
        "house_number": "315",
        "street_name": "GREENWOOD AV",
        "occupant_name": "R L Mller",
        "occupant_description": "",
        "race_designation": "(c)",
        "is_rear": "False",
        "canvas_fragment": "https://digitalcollections.tulsalibrary.org/iiif/2/p15020coll12:2857/manifest.json/canvas/329#xywh=740,1582,106,21",
        "norm_addr": "315 Greenwood Ave, Tulsa, OK"
      }
    },
    {
      "type": "Feature",
      "geometry": {
        "type": "Point",
        "coordinates": [
          -95.9866001,
          36.1618411
        ]
      },
      "properties": {
        "house_number": "316",
        "street_name": "GREENWOOD AV",
        "occupant_name": "C E Turner",
        "occupant_description": "",
        "race_designation": "(c)",
        "is_rear": "False",
        "canvas_fragment": "https://digitalcollections.tulsalibrary.org/iiif/2/p15020coll12:2857/manifest.json/canvas/329#xywh=740,1603,106,20",
        "norm_addr": "316 Greenwood Ave, Tulsa, OK"
      }
    },
    {
      "type": "Feature",
      "geometry": {
        "type": "Point",
        "coordinates": [
          -95.9862815,
          36.1615683
        ]
      },
      "properties": {
        "house_number": "317",
        "street_name": "GREENWOOD AV",
        "occupant_name": "George Jasper",
        "occupant_description": "",
        "race_designation": "(c)",
        "is_rear": "False",
        "canvas_fragment": "https://digitalcollections.tulsalibrary.org/iiif/2/p15020coll12:2857/manifest.json/canvas/329#xywh=741,1617,117,20",
        "norm_addr": "317 Greenwood Ave, Tulsa, OK"
      }
    },
    {
      "type": "Feature",
      "geometry": {
        "type": "Point",
        "coordinates": [
          -95.9866007,
          36.1619345
        ]
      },
      "properties": {
        "house_number": "318",
        "street_name": "GREENWOOD AV",
        "occupant_name": "Anderson Parker",
        "occupant_description": "",
        "race_designation": "(c)",
        "is_rear": "False",
        "canvas_fragment": "https://digitalcollections.tulsalibrary.org/iiif/2/p15020coll12:2857/manifest.json/canvas/329#xywh=742,1634,135,18",
        "norm_addr": "318 Greenwood Ave, Tulsa, OK"
      }
    },
    {
      "type": "Feature",
      "geometry": {
        "type": "Point",
        "coordinates": [
          -95.9862816,
          36.1615747
        ]
      },
      "properties": {
        "house_number": "319",
        "street_name": "GREENWOOD AV",
        "occupant_name": "Edwin Moore",
        "occupant_description": "",
        "race_designation": "(c)",
        "is_rear": "False",
        "canvas_fragment": "https://digitalcollections.tulsalibrary.org/iiif/2/p15020coll12:2857/manifest.json/canvas/329#xywh=974,240,108,21",
        "norm_addr": "319 Greenwood Ave, Tulsa, OK"
      }
    },
    {
      "type": "Feature",
      "geometry": {
        "type": "Point",
        "coordinates": [
          -95.9862817,
          36.161581
        ]
      },
      "properties": {
        "house_number": "321",
        "street_name": "GREENWOOD AV",
        "occupant_name": "Newman & Howard",
        "occupant_description": "restaurant",
        "race_designation": "(c)",
        "is_rear": "False",
        "canvas_fragment": "https://digitalcollections.tulsalibrary.org/iiif/2/p15020coll12:2857/manifest.json/canvas/329#xywh=972,261,195,19",
        "norm_addr": "321 Greenwood Ave, Tulsa, OK"
      }
    },
    {
      "type": "Feature",
      "geometry": {
        "type": "Point",
        "coordinates": [
          -95.9866015,
          36.1621004
        ]
      },
      "properties": {
        "house_number": "400",
        "street_name": "GREENWOOD AV",
        "occupant_name": "Emma Washington",
        "occupant_description": "",
        "race_designation": "(c)",
        "is_rear": "False",
        "canvas_fragment": "https://digitalcollections.tulsalibrary.org/iiif/2/p15020coll12:2857/manifest.json/canvas/329#xywh=974,292,138,22",
        "norm_addr": "400 Greenwood Ave, Tulsa, OK"
      }
    },
    {
      "type": "Feature",
      "geometry": {
        "type": "Point",
        "coordinates": [
          -95.9866015,
          36.1621004
        ]
      },
      "properties": {
        "house_number": "401",
        "street_name": "GREENWOOD AV",
        "occupant_name": "Maurice Walker",
        "occupant_description": "",
        "race_designation": "(c)",
        "is_rear": "False",
        "canvas_fragment": "https://digitalcollections.tulsalibrary.org/iiif/2/p15020coll12:2857/manifest.json/canvas/329#xywh=974,309,134,20",
        "norm_addr": "401 Greenwood Ave, Tulsa, OK"
      }
    },
    {
      "type": "Feature",
      "geometry": {
        "type": "Point",
        "coordinates": [
          -95.9866006,
          36.1621184
        ]
      },
      "properties": {
        "house_number": "402",
        "street_name": "GREENWOOD AV",
        "occupant_name": "Seymour Johnson",
        "occupant_description": "",
        "race_designation": "(c)",
        "is_rear": "False",
        "canvas_fragment": "https://digitalcollections.tulsalibrary.org/iiif/2/p15020coll12:2857/manifest.json/canvas/329#xywh=974,329,134,20",
        "norm_addr": "402 Greenwood Ave, Tulsa, OK"
      }
    },
    {
      "type": "Feature",
      "geometry": {
        "type": "Point",
        "coordinates": [
          -95.9866006,
          36.1621184
        ]
      },
      "properties": {
        "house_number": "402",
        "street_name": "GREENWOOD AV",
        "occupant_name": "W J Wood",
        "occupant_description": "phys",
        "race_designation": "(c)",
        "is_rear": "False",
        "canvas_fragment": "https://digitalcollections.tulsalibrary.org/iiif/2/p15020coll12:2857/manifest.json/canvas/329#xywh=971,358,185,40",
        "norm_addr": "402 Greenwood Ave, Tulsa, OK"
      }
    },
    {
      "type": "Feature",
      "geometry": {
        "type": "Point",
        "coordinates": [
          -95.9866006,
          36.1621184
        ]
      },
      "properties": {
        "house_number": "403",
        "street_name": "GREENWOOD AV",
        "occupant_name": "Edward Waters",
        "occupant_description": "",
        "race_designation": "(c)",
        "is_rear": "False",
        "canvas_fragment": "https://digitalcollections.tulsalibrary.org/iiif/2/p15020coll12:2857/manifest.json/canvas/329#xywh=938,359,20,19",
        "norm_addr": "403 Greenwood Ave, Tulsa, OK"
      }
    },
    {
      "type": "Feature",
      "geometry": {
        "type": "Point",
        "coordinates": [
          -95.9865998,
          36.1621365
        ]
      },
      "properties": {
        "house_number": "404",
        "street_name": "GREENWOOD AV",
        "occupant_name": "Mrs Patsy Brothers",
        "occupant_description": "",
        "race_designation": "(c)",
        "is_rear": "False",
        "canvas_fragment": "https://digitalcollections.tulsalibrary.org/iiif/2/p15020coll12:2857/manifest.json/canvas/329#xywh=938,378,19,17",
        "norm_addr": "404 Greenwood Ave, Tulsa, OK"
      }
    },
    {
      "type": "Feature",
      "geometry": {
        "type": "Point",
        "coordinates": [
          -95.9865998,
          36.1621365
        ]
      },
      "properties": {
        "house_number": "405",
        "street_name": "GREENWOOD AV",
        "occupant_name": "Mrs Delphie Rice",
        "occupant_description": "",
        "race_designation": "(c)",
        "is_rear": "False",
        "canvas_fragment": "https://digitalcollections.tulsalibrary.org/iiif/2/p15020coll12:2857/manifest.json/canvas/329#xywh=971,398,185,40",
        "norm_addr": "405 Greenwood Ave, Tulsa, OK"
      }
    },
    {
      "type": "Feature",
      "geometry": {
        "type": "Point",
        "coordinates": [
          -95.986599,
          36.1621546
        ]
      },
      "properties": {
        "house_number": "406",
        "street_name": "GREENWOOD AV",
        "occupant_name": "Mrs Ida Berry",
        "occupant_description": "",
        "race_designation": "(c)",
        "is_rear": "False",
        "canvas_fragment": "https://digitalcollections.tulsalibrary.org/iiif/2/p15020coll12:2857/manifest.json/canvas/329#xywh=939,410,19,19",
        "norm_addr": "406 Greenwood Ave, Tulsa, OK"
      }
    },
    {
      "type": "Feature",
      "geometry": {
        "type": "Point",
        "coordinates": [
          -95.986599,
          36.1621546
        ]
      },
      "properties": {
        "house_number": "406",
        "street_name": "GREENWOOD AV",
        "occupant_name": "Emma Washington",
        "occupant_description": "",
        "race_designation": "(c)",
        "is_rear": "False",
        "canvas_fragment": "https://digitalcollections.tulsalibrary.org/iiif/2/p15020coll12:2857/manifest.json/canvas/329",
        "norm_addr": "406 Greenwood Ave, Tulsa, OK"
      }
    },
    {
      "type": "Feature",
      "geometry": {
        "type": "Point",
        "coordinates": [
          -95.986599,
          36.1621546
        ]
      },
      "properties": {
        "house_number": "407",
        "street_name": "GREENWOOD AV",
        "occupant_name": "Mrs Pearl Young",
        "occupant_description": "",
        "race_designation": "(c)",
        "is_rear": "False",
        "canvas_fragment": "https://digitalcollections.tulsalibrary.org/iiif/2/p15020coll12:2857/manifest.json/canvas/329#xywh=971,438,185,40",
        "norm_addr": "407 Greenwood Ave, Tulsa, OK"
      }
    },
    {
      "type": "Feature",
      "geometry": {
        "type": "Point",
        "coordinates": [
          -95.9865981,
          36.1621727
        ]
      },
      "properties": {
        "house_number": "408",
        "street_name": "GREENWOOD AV",
        "occupant_name": "Mrs Minnie L Sander",
        "occupant_description": "",
        "race_designation": "(c)",
        "is_rear": "False",
        "canvas_fragment": "https://digitalcollections.tulsalibrary.org/iiif/2/p15020coll12:2857/manifest.json/canvas/329#xywh=938,444,21,38",
        "norm_addr": "408 Greenwood Ave, Tulsa, OK"
      }
    },
    {
      "type": "Feature",
      "geometry": {
        "type": "Point",
        "coordinates": [
          -95.9865981,
          36.1621727
        ]
      },
      "properties": {
        "house_number": "409",
        "street_name": "GREENWOOD AV",
        "occupant_name": "Lulu Jamerson",
        "occupant_description": "",
        "race_designation": "(c)",
        "is_rear": "False",
        "canvas_fragment": "https://digitalcollections.tulsalibrary.org/iiif/2/p15020coll12:2857/manifest.json/canvas/329#xywh=939,480,34,18",
        "norm_addr": "409 Greenwood Ave, Tulsa, OK"
      }
    },
    {
      "type": "Feature",
      "geometry": {
        "type": "Point",
        "coordinates": [
          -95.9865973,
          36.1621908
        ]
      },
      "properties": {
        "house_number": "411",
        "street_name": "GREENWOOD AV",
        "occupant_name": "Wm Lockett",
        "occupant_description": "",
        "race_designation": "(c)",
        "is_rear": "False",
        "canvas_fragment": "https://digitalcollections.tulsalibrary.org/iiif/2/p15020coll12:2857/manifest.json/canvas/329#xywh=939,496,21,21",
        "norm_addr": "411 Greenwood Ave, Tulsa, OK"
      }
    },
    {
      "type": "Feature",
      "geometry": {
        "type": "Point",
        "coordinates": [
          -95.9865973,
          36.1621908
        ]
      },
      "properties": {
        "house_number": "411",
        "street_name": "GREENWOOD AV",
        "occupant_name": "J W Williams",
        "occupant_description": "",
        "race_designation": "(c)",
        "is_rear": "False",
        "canvas_fragment": "https://digitalcollections.tulsalibrary.org/iiif/2/p15020coll12:2857/manifest.json/canvas/329#xywh=971,517,185,39",
        "norm_addr": "411 Greenwood Ave, Tulsa, OK"
      }
    },
    {
      "type": "Feature",
      "geometry": {
        "type": "Point",
        "coordinates": [
          -95.9865965,
          36.1622088
        ]
      },
      "properties": {
        "house_number": "412",
        "street_name": "GREENWOOD AV",
        "occupant_name": "Henry Johnson",
        "occupant_description": "",
        "race_designation": "(c)",
        "is_rear": "False",
        "canvas_fragment": "https://digitalcollections.tulsalibrary.org/iiif/2/p15020coll12:2857/manifest.json/canvas/329#xywh=940,549,20,19",
        "norm_addr": "412 Greenwood Ave, Tulsa, OK"
      }
    },
    {
      "type": "Feature",
      "geometry": {
        "type": "Point",
        "coordinates": [
          -95.9865965,
          36.1622088
        ]
      },
      "properties": {
        "house_number": "413",
        "street_name": "GREENWOOD AV",
        "occupant_name": "R C Carter",
        "occupant_description": "",
        "race_designation": "(c)",
        "is_rear": "False",
        "canvas_fragment": "https://digitalcollections.tulsalibrary.org/iiif/2/p15020coll12:2857/manifest.json/canvas/329#xywh=971,556,185,40",
        "norm_addr": "413 Greenwood Ave, Tulsa, OK"
      }
    },
    {
      "type": "Feature",
      "geometry": {
        "type": "Point",
        "coordinates": [
          -95.9865956,
          36.1622269
        ]
      },
      "properties": {
        "house_number": "414",
        "street_name": "GREENWOOD AV",
        "occupant_name": "James King",
        "occupant_description": "",
        "race_designation": "(c)",
        "is_rear": "False",
        "canvas_fragment": "https://digitalcollections.tulsalibrary.org/iiif/2/p15020coll12:2857/manifest.json/canvas/329#xywh=940,566,20,17",
        "norm_addr": "414 Greenwood Ave, Tulsa, OK"
      }
    },
    {
      "type": "Feature",
      "geometry": {
        "type": "Point",
        "coordinates": [
          -95.9865956,
          36.1622269
        ]
      },
      "properties": {
        "house_number": "415",
        "street_name": "GREENWOOD AV",
        "occupant_name": "P J Eldridge",
        "occupant_description": "restaurant",
        "race_designation": "(c)",
        "is_rear": "False",
        "canvas_fragment": "https://digitalcollections.tulsalibrary.org/iiif/2/p15020coll12:2857/manifest.json/canvas/329",
        "norm_addr": "415 Greenwood Ave, Tulsa, OK"
      }
    },
    {
      "type": "Feature",
      "geometry": {
        "type": "Point",
        "coordinates": [
          -95.9865956,
          36.1622269
        ]
      },
      "properties": {
        "house_number": "415",
        "street_name": "GREENWOOD AV",
        "occupant_name": "Bud Thomas",
        "occupant_description": "",
        "race_designation": "(c)",
        "is_rear": "False",
        "canvas_fragment": "https://digitalcollections.tulsalibrary.org/iiif/2/p15020coll12:2857/manifest.json/canvas/329#xywh=940,619,20,17",
        "norm_addr": "415 Greenwood Ave, Tulsa, OK"
      }
    },
    {
      "type": "Feature",
      "geometry": {
        "type": "Point",
        "coordinates": [
          -95.9865948,
          36.162245
        ]
      },
      "properties": {
        "house_number": "417",
        "street_name": "GREENWOOD AV",
        "occupant_name": "H A Person",
        "occupant_description": "",
        "race_designation": "(c)",
        "is_rear": "False",
        "canvas_fragment": "https://digitalcollections.tulsalibrary.org/iiif/2/p15020coll12:2857/manifest.json/canvas/329#xywh=971,636,185,40",
        "norm_addr": "417 Greenwood Ave, Tulsa, OK"
      }
    },
    {
      "type": "Feature",
      "geometry": {
        "type": "Point",
        "coordinates": [
          -95.9865948,
          36.162245
        ]
      },
      "properties": {
        "house_number": "418",
        "street_name": "GREENWOOD AV",
        "occupant_name": "Samuel Mackey",
        "occupant_description": "",
        "race_designation": "(c)",
        "is_rear": "False",
        "canvas_fragment": "https://digitalcollections.tulsalibrary.org/iiif/2/p15020coll12:2857/manifest.json/canvas/329#xywh=971,676,185,39",
        "norm_addr": "418 Greenwood Ave, Tulsa, OK"
      }
    },
    {
      "type": "Feature",
      "geometry": {
        "type": "Point",
        "coordinates": [
          -95.9865939,
          36.1622638
        ]
      },
      "properties": {
        "house_number": "421",
        "street_name": "GREENWOOD AV",
        "occupant_name": "Mrs Odessa Blevins",
        "occupant_description": "",
        "race_designation": "(c)",
        "is_rear": "False",
        "canvas_fragment": "https://digitalcollections.tulsalibrary.org/iiif/2/p15020coll12:2857/manifest.json/canvas/329#xywh=975,679,180,18",
        "norm_addr": "421 Greenwood Ave, Tulsa, OK"
      }
    },
    {
      "type": "Feature",
      "geometry": {
        "type": "Point",
        "coordinates": [
          -95.9863652,
          36.1629705
        ]
      },
      "properties": {
        "house_number": "501",
        "street_name": "GREENWOOD AV",
        "occupant_name": "L C Anderson",
        "occupant_description": "grocer",
        "race_designation": "(c)",
        "is_rear": "False",
        "canvas_fragment": "https://digitalcollections.tulsalibrary.org/iiif/2/p15020coll12:2857/manifest.json/canvas/329#xywh=975,697,180,17",
        "norm_addr": "501 Greenwood Ave, Tulsa, OK"
      }
    },
    {
      "type": "Feature",
      "geometry": {
        "type": "Point",
        "coordinates": [
          -95.9863652,
          36.1629705
        ]
      },
      "properties": {
        "house_number": "501",
        "street_name": "GREENWOOD AV",
        "occupant_name": "Cleaver & Cherry Building",
        "occupant_description": "",
        "race_designation": "",
        "is_rear": "False",
        "canvas_fragment": "https://digitalcollections.tulsalibrary.org/iiif/2/p15020coll12:2857/manifest.json/canvas/329#xywh=975,714,180,17",
        "norm_addr": "501 Greenwood Ave, Tulsa, OK"
      }
    },
    {
      "type": "Feature",
      "geometry": {
        "type": "Point",
        "coordinates": [
          -95.9863652,
          36.1629705
        ]
      },
      "properties": {
        "house_number": "501",
        "street_name": "GREENWOOD AV",
        "occupant_name": "Knights of Pythias Hall",
        "occupant_description": "",
        "race_designation": "(c)",
        "is_rear": "False",
        "canvas_fragment": "https://digitalcollections.tulsalibrary.org/iiif/2/p15020coll12:2857/manifest.json/canvas/329#xywh=948,1528,19,17",
        "norm_addr": "501 Greenwood Ave, Tulsa, OK"
      }
    },
    {
      "type": "Feature",
      "geometry": {
        "type": "Point",
        "coordinates": [
          -95.9863652,
          36.1629705
        ]
      },
      "properties": {
        "house_number": "501",
        "street_name": "GREENWOOD AV",
        "occupant_name": "Masonic Hall",
        "occupant_description": "",
        "race_designation": "(c)",
        "is_rear": "False",
        "canvas_fragment": "https://digitalcollections.tulsalibrary.org/iiif/2/p15020coll12:2857/manifest.json/canvas/329#xywh=975,748,180,17",
        "norm_addr": "501 Greenwood Ave, Tulsa, OK"
      }
    },
    {
      "type": "Feature",
      "geometry": {
        "type": "Point",
        "coordinates": [
          -95.9863652,
          36.1629705
        ]
      },
      "properties": {
        "house_number": "501",
        "street_name": "GREENWOOD AV",
        "occupant_name": "Odd Fellows Hall",
        "occupant_description": "",
        "race_designation": "(c)",
        "is_rear": "False",
        "canvas_fragment": "https://digitalcollections.tulsalibrary.org/iiif/2/p15020coll12:2857/manifest.json/canvas/329#xywh=975,765,180,17",
        "norm_addr": "501 Greenwood Ave, Tulsa, OK"
      }
    },
    {
      "type": "Feature",
      "geometry": {
        "type": "Point",
        "coordinates": [
          -95.9873691,
          36.163033
        ]
      },
      "properties": {
        "house_number": "502",
        "street_name": "GREENWOOD AV",
        "occupant_name": "Emmett Gordon",
        "occupant_description": "",
        "race_designation": "(c)",
        "is_rear": "False",
        "canvas_fragment": "https://digitalcollections.tulsalibrary.org/iiif/2/p15020coll12:2857/manifest.json/canvas/329#xywh=975,782,180,18",
        "norm_addr": "502 Greenwood Ave, Tulsa, OK"
      }
    },
    {
      "type": "Feature",
      "geometry": {
        "type": "Point",
        "coordinates": [
          -95.9856904,
          36.1629709
        ]
      },
      "properties": {
        "house_number": "503",
        "street_name": "GREENWOOD AV",
        "occupant_name": "A C Jackson",
        "occupant_description": "phys",
        "race_designation": "(c)",
        "is_rear": "False",
        "canvas_fragment": "https://digitalcollections.tulsalibrary.org/iiif/2/p15020coll12:2857/manifest.json/canvas/329#xywh=976,793,153,17",
        "norm_addr": "503 Greenwood Ave, Tulsa, OK"
      }
    },
    {
      "type": "Feature",
      "geometry": {
        "type": "Point",
        "coordinates": [
          -95.9873679,
          36.1630507
        ]
      },
      "properties": {
        "house_number": "504",
        "street_name": "GREENWOOD AV",
        "occupant_name": "Love Williams",
        "occupant_description": "",
        "race_designation": "(c)",
        "is_rear": "False",
        "canvas_fragment": "https://digitalcollections.tulsalibrary.org/iiif/2/p15020coll12:2857/manifest.json/canvas/329#xywh=942,806,21,37",
        "norm_addr": "504 Greenwood Ave, Tulsa, OK"
      }
    },
    {
      "type": "Feature",
      "geometry": {
        "type": "Point",
        "coordinates": [
          -95.9856883,
          36.1630014
        ]
      },
      "properties": {
        "house_number": "505",
        "street_name": "GREENWOOD AV",
        "occupant_name": "A W Williams",
        "occupant_description": "",
        "race_designation": "(c)",
        "is_rear": "False",
        "canvas_fragment": "https://digitalcollections.tulsalibrary.org/iiif/2/p15020coll12:2857/manifest.json/canvas/329#xywh=976,826,153,18",
        "norm_addr": "505 Greenwood Ave, Tulsa, OK"
      }
    },
    {
      "type": "Feature",
      "geometry": {
        "type": "Point",
        "coordinates": [
          -95.9873667,
          36.1630683
        ]
      },
      "properties": {
        "house_number": "506",
        "street_name": "GREENWOOD AV",
        "occupant_name": "Mrs Jannie Russel",
        "occupant_description": "",
        "race_designation": "(c)",
        "is_rear": "False",
        "canvas_fragment": "https://digitalcollections.tulsalibrary.org/iiif/2/p15020coll12:2857/manifest.json/canvas/329#xywh=942,841,21,18",
        "norm_addr": "506 Greenwood Ave, Tulsa, OK"
      }
    },
    {
      "type": "Feature",
      "geometry": {
        "type": "Point",
        "coordinates": [
          -95.9856862,
          36.1630319
        ]
      },
      "properties": {
        "house_number": "507",
        "street_name": "GREENWOOD AV",
        "occupant_name": "Rayfield Wharton",
        "occupant_description": "",
        "race_designation": "(c)",
        "is_rear": "False",
        "canvas_fragment": "https://digitalcollections.tulsalibrary.org/iiif/2/p15020coll12:2857/manifest.json/canvas/329#xywh=976,860,153,17",
        "norm_addr": "507 Greenwood Ave, Tulsa, OK"
      }
    },
    {
      "type": "Feature",
      "geometry": {
        "type": "Point",
        "coordinates": [
          -95.9873655,
          36.163086
        ]
      },
      "properties": {
        "house_number": "508",
        "street_name": "GREENWOOD AV",
        "occupant_name": "Barney Clover",
        "occupant_description": "",
        "race_designation": "(c)",
        "is_rear": "False",
        "canvas_fragment": "https://digitalcollections.tulsalibrary.org/iiif/2/p15020coll12:2857/manifest.json/canvas/329#xywh=976,894,153,17",
        "norm_addr": "508 Greenwood Ave, Tulsa, OK"
      }
    },
    {
      "type": "Feature",
      "geometry": {
        "type": "Point",
        "coordinates": [
          -95.9856835,
          36.1631086
        ]
      },
      "properties": {
        "house_number": "509",
        "street_name": "GREENWOOD AV",
        "occupant_name": "Lulu Fulton",
        "occupant_description": "",
        "race_designation": "(c)",
        "is_rear": "False",
        "canvas_fragment": "https://digitalcollections.tulsalibrary.org/iiif/2/p15020coll12:2857/manifest.json/canvas/329#xywh=942,894,21,17",
        "norm_addr": "509 Greenwood Ave, Tulsa, OK"
      }
    },
    {
      "type": "Feature",
      "geometry": {
        "type": "Point",
        "coordinates": [
          -95.9873643,
          36.1631037
        ]
      },
      "properties": {
        "house_number": "510",
        "street_name": "GREENWOOD AV",
        "occupant_name": "Mrs Luda Cruel",
        "occupant_description": "",
        "race_designation": "(c)",
        "is_rear": "False",
        "canvas_fragment": "https://digitalcollections.tulsalibrary.org/iiif/2/p15020coll12:2857/manifest.json/canvas/329#xywh=976,927,153,18",
        "norm_addr": "510 Greenwood Ave, Tulsa, OK"
      }
    },
    {
      "type": "Feature",
      "geometry": {
        "type": "Point",
        "coordinates": [
          -95.9873643,
          36.1631037
        ]
      },
      "properties": {
        "house_number": "510",
        "street_name": "GREENWOOD AV",
        "occupant_name": "Lewis Evans",
        "occupant_description": "",
        "race_designation": "(c)",
        "is_rear": "False",
        "canvas_fragment": "https://digitalcollections.tulsalibrary.org/iiif/2/p15020coll12:2857/manifest.json/canvas/329#xywh=941,939,177,20",
        "norm_addr": "510 Greenwood Ave, Tulsa, OK"
      }
    },
    {
      "type": "Feature",
      "geometry": {
        "type": "Point",
        "coordinates": [
          -95.9856846,
          36.1631391
        ]
      },
      "properties": {
        "house_number": "511",
        "street_name": "GREENWOOD AV",
        "occupant_name": "Jeffery Wilkerson",
        "occupant_description": "",
        "race_designation": "(c)",
        "is_rear": "False",
        "canvas_fragment": "https://digitalcollections.tulsalibrary.org/iiif/2/p15020coll12:2857/manifest.json/canvas/329#xywh=941,959,177,19",
        "norm_addr": "511 Greenwood Ave, Tulsa, OK"
      }
    },
    {
      "type": "Feature",
      "geometry": {
        "type": "Point",
        "coordinates": [
          -95.9873631,
          36.1631213
        ]
      },
      "properties": {
        "house_number": "512",
        "street_name": "GREENWOOD AV",
        "occupant_name": "J H Golden",
        "occupant_description": "",
        "race_designation": "(c)",
        "is_rear": "False",
        "canvas_fragment": "https://digitalcollections.tulsalibrary.org/iiif/2/p15020coll12:2857/manifest.json/canvas/329#xywh=941,998,177,20",
        "norm_addr": "512 Greenwood Ave, Tulsa, OK"
      }
    },
    {
      "type": "Feature",
      "geometry": {
        "type": "Point",
        "coordinates": [
          -95.9856857,
          36.1631696
        ]
      },
      "properties": {
        "house_number": "513",
        "street_name": "GREENWOOD AV",
        "occupant_name": "J B Beeson",
        "occupant_description": "",
        "race_designation": "",
        "is_rear": "False",
        "canvas_fragment": "https://digitalcollections.tulsalibrary.org/iiif/2/p15020coll12:2857/manifest.json/canvas/329#xywh=941,1018,177,19",
        "norm_addr": "513 Greenwood Ave, Tulsa, OK"
      }
    },
    {
      "type": "Feature",
      "geometry": {
        "type": "Point",
        "coordinates": [
          -95.9856857,
          36.1631696
        ]
      },
      "properties": {
        "house_number": "513",
        "street_name": "GREENWOOD AV",
        "occupant_name": "Benjan in Ellis",
        "occupant_description": "",
        "race_designation": "(c)",
        "is_rear": "False",
        "canvas_fragment": "https://digitalcollections.tulsalibrary.org/iiif/2/p15020coll12:2857/manifest.json/canvas/329#xywh=978,1023,144,20",
        "norm_addr": "513 Greenwood Ave, Tulsa, OK"
      }
    },
    {
      "type": "Feature",
      "geometry": {
        "type": "Point",
        "coordinates": [
          -95.9873632,
          36.16307
        ]
      },
      "properties": {
        "house_number": "514",
        "street_name": "GREENWOOD AV",
        "occupant_name": "Mrs Katie Johnson",
        "occupant_description": "",
        "race_designation": "(c)",
        "is_rear": "False",
        "canvas_fragment": "https://digitalcollections.tulsalibrary.org/iiif/2/p15020coll12:2857/manifest.json/canvas/329#xywh=978,1043,144,20",
        "norm_addr": "514 Greenwood Ave, Tulsa, OK"
      }
    },
    {
      "type": "Feature",
      "geometry": {
        "type": "Point",
        "coordinates": [
          -95.9856868,
          36.1632001
        ]
      },
      "properties": {
        "house_number": "515",
        "street_name": "GREENWOOD AV",
        "occupant_name": "A F Bryant",
        "occupant_description": "",
        "race_designation": "(c)",
        "is_rear": "False",
        "canvas_fragment": "https://digitalcollections.tulsalibrary.org/iiif/2/p15020coll12:2857/manifest.json/canvas/329#xywh=978,1063,144,20",
        "norm_addr": "515 Greenwood Ave, Tulsa, OK"
      }
    },
    {
      "type": "Feature",
      "geometry": {
        "type": "Point",
        "coordinates": [
          -95.9873639,
          36.1630876
        ]
      },
      "properties": {
        "house_number": "516",
        "street_name": "GREENWOOD AV",
        "occupant_name": "W C Bell",
        "occupant_description": "",
        "race_designation": "(c)",
        "is_rear": "False",
        "canvas_fragment": "https://digitalcollections.tulsalibrary.org/iiif/2/p15020coll12:2857/manifest.json/canvas/329#xywh=978,1083,144,19",
        "norm_addr": "516 Greenwood Ave, Tulsa, OK"
      }
    },
    {
      "type": "Feature",
      "geometry": {
        "type": "Point",
        "coordinates": [
          -95.9873639,
          36.1630876
        ]
      },
      "properties": {
        "house_number": "516",
        "street_name": "GREENWOOD AV",
        "occupant_name": "Mrs Josie Daniels",
        "occupant_description": "",
        "race_designation": "(c)",
        "is_rear": "False",
        "canvas_fragment": "https://digitalcollections.tulsalibrary.org/iiif/2/p15020coll12:2857/manifest.json/canvas/329#xywh=978,1102,144,20",
        "norm_addr": "516 Greenwood Ave, Tulsa, OK"
      }
    },
    {
      "type": "Feature",
      "geometry": {
        "type": "Point",
        "coordinates": [
          -95.985699,
          36.1633049
        ]
      },
      "properties": {
        "house_number": "517",
        "street_name": "GREENWOOD AV",
        "occupant_name": "James Thomas",
        "occupant_description": "",
        "race_designation": "(c)",
        "is_rear": "False",
        "canvas_fragment": "https://digitalcollections.tulsalibrary.org/iiif/2/p15020coll12:2857/manifest.json/canvas/329#xywh=980,1115,115,19",
        "norm_addr": "517 Greenwood Ave, Tulsa, OK"
      }
    },
    {
      "type": "Feature",
      "geometry": {
        "type": "Point",
        "coordinates": [
          -95.9857053,
          36.163335
        ]
      },
      "properties": {
        "house_number": "519",
        "street_name": "GREENWOOD AV",
        "occupant_name": "Mrs Etta Brooks",
        "occupant_description": "",
        "race_designation": "(c)",
        "is_rear": "False",
        "canvas_fragment": "https://digitalcollections.tulsalibrary.org/iiif/2/p15020coll12:2857/manifest.json/canvas/329#xywh=978,1135,196,22",
        "norm_addr": "519 Greenwood Ave, Tulsa, OK"
      }
    },
    {
      "type": "Feature",
      "geometry": {
        "type": "Point",
        "coordinates": [
          -95.9857053,
          36.163335
        ]
      },
      "properties": {
        "house_number": "519",
        "street_name": "GREENWOOD AV",
        "occupant_name": "Mrs Etta Muckroy",
        "occupant_description": "",
        "race_designation": "(c)",
        "is_rear": "False",
        "canvas_fragment": "https://digitalcollections.tulsalibrary.org/iiif/2/p15020coll12:2857/manifest.json/canvas/329#xywh=978,1157,196,22",
        "norm_addr": "519 Greenwood Ave, Tulsa, OK"
      }
    },
    {
      "type": "Feature",
      "geometry": {
        "type": "Point",
        "coordinates": [
          -95.9873652,
          36.163123
        ]
      },
      "properties": {
        "house_number": "520",
        "street_name": "GREENWOOD AV",
        "occupant_name": "Mary M Hoard",
        "occupant_description": "hairdresser",
        "race_designation": "(c)",
        "is_rear": "False",
        "canvas_fragment": "https://digitalcollections.tulsalibrary.org/iiif/2/p15020coll12:2857/manifest.json/canvas/329#xywh=978,1179,196,22",
        "norm_addr": "520 Greenwood Ave, Tulsa, OK"
      }
    },
    {
      "type": "Feature",
      "geometry": {
        "type": "Point",
        "coordinates": [
          -95.9873658,
          36.1631407
        ]
      },
      "properties": {
        "house_number": "522",
        "street_name": "GREENWOOD AV",
        "occupant_name": "Robert Greer",
        "occupant_description": "",
        "race_designation": "(c)",
        "is_rear": "False",
        "canvas_fragment": "https://digitalcollections.tulsalibrary.org/iiif/2/p15020coll12:2857/manifest.json/canvas/329#xywh=978,1201,196,22",
        "norm_addr": "522 Greenwood Ave, Tulsa, OK"
      }
    },
    {
      "type": "Feature",
      "geometry": {
        "type": "Point",
        "coordinates": [
          -95.9863822,
          36.1633047
        ]
      },
      "properties": {
        "house_number": "523",
        "street_name": "GREENWOOD AV",
        "occupant_name": "J H Rollerson",
        "occupant_description": "grocer",
        "race_designation": "(c)",
        "is_rear": "False",
        "canvas_fragment": "https://digitalcollections.tulsalibrary.org/iiif/2/p15020coll12:2857/manifest.json/canvas/329#xywh=978,1223,196,22",
        "norm_addr": "523 Greenwood Ave, Tulsa, OK"
      }
    },
    {
      "type": "Feature",
      "geometry": {
        "type": "Point",
        "coordinates": [
          -95.9863822,
          36.1633047
        ]
      },
      "properties": {
        "house_number": "523",
        "street_name": "GREENWOOD AV",
        "occupant_name": "Andrew Smith",
        "occupant_description": "",
        "race_designation": "(c)",
        "is_rear": "False",
        "canvas_fragment": "https://digitalcollections.tulsalibrary.org/iiif/2/p15020coll12:2857/manifest.json/canvas/329#xywh=978,1245,196,22",
        "norm_addr": "523 Greenwood Ave, Tulsa, OK"
      }
    },
    {
      "type": "Feature",
      "geometry": {
        "type": "Point",
        "coordinates": [
          -95.9873665,
          36.1631583
        ]
      },
      "properties": {
        "house_number": "524",
        "street_name": "GREENWOOD AV",
        "occupant_name": "Andrew Streeter",
        "occupant_description": "",
        "race_designation": "(c)",
        "is_rear": "False",
        "canvas_fragment": "https://digitalcollections.tulsalibrary.org/iiif/2/p15020coll12:2857/manifest.json/canvas/329#xywh=978,1267,196,22",
        "norm_addr": "524 Greenwood Ave, Tulsa, OK"
      }
    },
    {
      "type": "Feature",
      "geometry": {
        "type": "Point",
        "coordinates": [
          -95.9863822,
          36.1633047
        ]
      },
      "properties": {
        "house_number": "603",
        "street_name": "GREENWOOD AV",
        "occupant_name": "Charles Williams",
        "occupant_description": "",
        "race_designation": "(c)",
        "is_rear": "False",
        "canvas_fragment": "https://digitalcollections.tulsalibrary.org/iiif/2/p15020coll12:2857/manifest.json/canvas/329#xywh=978,1289,196,22",
        "norm_addr": "603 Greenwood Ave, Tulsa, OK"
      }
    },
    {
      "type": "Feature",
      "geometry": {
        "type": "Point",
        "coordinates": [
          -95.9863822,
          36.1633047
        ]
      },
      "properties": {
        "house_number": "605",
        "street_name": "GREENWOOD AV",
        "occupant_name": "Monroe Maddox",
        "occupant_description": "",
        "race_designation": "(c)",
        "is_rear": "False",
        "canvas_fragment": "https://digitalcollections.tulsalibrary.org/iiif/2/p15020coll12:2857/manifest.json/canvas/329#xywh=978,1311,196,22",
        "norm_addr": "605 Greenwood Ave, Tulsa, OK"
      }
    },
    {
      "type": "Feature",
      "geometry": {
        "type": "Point",
        "coordinates": [
          -95.9874481,
          36.163245
        ]
      },
      "properties": {
        "house_number": "606",
        "street_name": "GREENWOOD AV",
        "occupant_name": "George Burchsy",
        "occupant_description": "",
        "race_designation": "(c)",
        "is_rear": "False",
        "canvas_fragment": "https://digitalcollections.tulsalibrary.org/iiif/2/p15020coll12:2857/manifest.json/canvas/329#xywh=978,1333,196,22",
        "norm_addr": "606 Greenwood Ave, Tulsa, OK"
      }
    },
    {
      "type": "Feature",
      "geometry": {
        "type": "Point",
        "coordinates": [
          -95.9863822,
          36.1633047
        ]
      },
      "properties": {
        "house_number": "607",
        "street_name": "GREENWOOD AV",
        "occupant_name": "F J McDonald",
        "occupant_description": "furn rms",
        "race_designation": "(c)",
        "is_rear": "False",
        "canvas_fragment": "https://digitalcollections.tulsalibrary.org/iiif/2/p15020coll12:2857/manifest.json/canvas/329#xywh=1216,1528,14,80",
        "norm_addr": "607 Greenwood Ave, Tulsa, OK"
      }
    },
    {
      "type": "Feature",
      "geometry": {
        "type": "Point",
        "coordinates": [
          -95.9863822,
          36.1633047
        ]
      },
      "properties": {
        "house_number": "609",
        "street_name": "GREENWOOD AV",
        "occupant_name": "Crate Larry",
        "occupant_description": "",
        "race_designation": "(c)",
        "is_rear": "False",
        "canvas_fragment": "https://digitalcollections.tulsalibrary.org/iiif/2/p15020coll12:2857/manifest.json/canvas/329#xywh=948,1579,21,19",
        "norm_addr": "609 Greenwood Ave, Tulsa, OK"
      }
    },
    {
      "type": "Feature",
      "geometry": {
        "type": "Point",
        "coordinates": [
          -95.9874763,
          36.1632702
        ]
      },
      "properties": {
        "house_number": "610",
        "street_name": "GREENWOOD AV",
        "occupant_name": "David Thompson",
        "occupant_description": "",
        "race_designation": "(c)",
        "is_rear": "False",
        "canvas_fragment": "https://digitalcollections.tulsalibrary.org/iiif/2/p15020coll12:2857/manifest.json/canvas/329#xywh=982,1336,129,20",
        "norm_addr": "610 Greenwood Ave, Tulsa, OK"
      }
    },
    {
      "type": "Feature",
      "geometry": {
        "type": "Point",
        "coordinates": [
          -95.9863822,
          36.1633047
        ]
      },
      "properties": {
        "house_number": "615",
        "street_name": "GREENWOOD AV",
        "occupant_name": "Arthur Scarbough",
        "occupant_description": "tailor",
        "race_designation": "(c)",
        "is_rear": "False",
        "canvas_fragment": "https://digitalcollections.tulsalibrary.org/iiif/2/p15020coll12:2857/manifest.json/canvas/329#xywh=983,1347,177,30",
        "norm_addr": "615 Greenwood Ave, Tulsa, OK"
      }
    },
    {
      "type": "Feature",
      "geometry": {
        "type": "Point",
        "coordinates": [
          -95.9863822,
          36.1633047
        ]
      },
      "properties": {
        "house_number": "623",
        "street_name": "GREENWOOD AV",
        "occupant_name": "John Adams",
        "occupant_description": "",
        "race_designation": "(c)",
        "is_rear": "False",
        "canvas_fragment": "https://digitalcollections.tulsalibrary.org/iiif/2/p15020coll12:2857/manifest.json/canvas/329#xywh=982,1371,114,19",
        "norm_addr": "623 Greenwood Ave, Tulsa, OK"
      }
    },
    {
      "type": "Feature",
      "geometry": {
        "type": "Point",
        "coordinates": [
          -95.9880553,
          36.1638478
        ]
      },
      "properties": {
        "house_number": "700",
        "street_name": "GREENWOOD AV",
        "occupant_name": "B H Williams",
        "occupant_description": "",
        "race_designation": "(c)",
        "is_rear": "False",
        "canvas_fragment": "https://digitalcollections.tulsalibrary.org/iiif/2/p15020coll12:2857/manifest.json/canvas/329#xywh=982,1390,114,18",
        "norm_addr": "700 Greenwood Ave, Tulsa, OK"
      }
    },
    {
      "type": "Feature",
      "geometry": {
        "type": "Point",
        "coordinates": [
          -95.9873529,
          36.1644753
        ]
      },
      "properties": {
        "house_number": "702",
        "street_name": "GREENWOOD AV",
        "occupant_name": "James Cherry",
        "occupant_description": "",
        "race_designation": "(c)",
        "is_rear": "False",
        "canvas_fragment": "https://digitalcollections.tulsalibrary.org/iiif/2/p15020coll12:2857/manifest.json/canvas/329#xywh=983,1404,113,23",
        "norm_addr": "702 Greenwood Ave, Tulsa, OK"
      }
    },
    {
      "type": "Feature",
      "geometry": {
        "type": "Point",
        "coordinates": [
          -95.986449,
          36.1639389
        ]
      },
      "properties": {
        "house_number": "705",
        "street_name": "GREENWOOD AV",
        "occupant_name": "J W Franklin",
        "occupant_description": "",
        "race_designation": "(c)",
        "is_rear": "False",
        "canvas_fragment": "https://digitalcollections.tulsalibrary.org/iiif/2/p15020coll12:2857/manifest.json/canvas/329#xywh=948,1407,18,17",
        "norm_addr": "705 Greenwood Ave, Tulsa, OK"
      }
    },
    {
      "type": "Feature",
      "geometry": {
        "type": "Point",
        "coordinates": [
          -95.9872121,
          36.164613
        ]
      },
      "properties": {
        "house_number": "708",
        "street_name": "GREENWOOD AV",
        "occupant_name": "Henry Whiteside",
        "occupant_description": "",
        "race_designation": "(c)",
        "is_rear": "False",
        "canvas_fragment": "https://digitalcollections.tulsalibrary.org/iiif/2/p15020coll12:2857/manifest.json/canvas/329#xywh=984,1440,131,19",
        "norm_addr": "708 Greenwood Ave, Tulsa, OK"
      }
    },
    {
      "type": "Feature",
      "geometry": {
        "type": "Point",
        "coordinates": [
          -95.9863486,
          36.164038
        ]
      },
      "properties": {
        "house_number": "709",
        "street_name": "GREENWOOD AV",
        "occupant_name": "Mrs Mary Ware",
        "occupant_description": "grocer",
        "race_designation": "(c)",
        "is_rear": "False",
        "canvas_fragment": "https://digitalcollections.tulsalibrary.org/iiif/2/p15020coll12:2857/manifest.json/canvas/329#xywh=985,1452,179,26",
        "norm_addr": "709 Greenwood Ave, Tulsa, OK"
      }
    },
    {
      "type": "Feature",
      "geometry": {
        "type": "Point",
        "coordinates": [
          -95.9874767,
          36.1648284
        ]
      },
      "properties": {
        "house_number": "710",
        "street_name": "GREENWOOD AV",
        "occupant_name": "John Emerson",
        "occupant_description": "",
        "race_designation": "(c)",
        "is_rear": "False",
        "canvas_fragment": "https://digitalcollections.tulsalibrary.org/iiif/2/p15020coll12:2857/manifest.json/canvas/329#xywh=985,1473,114,21",
        "norm_addr": "710 Greenwood Ave, Tulsa, OK"
      }
    },
    {
      "type": "Feature",
      "geometry": {
        "type": "Point",
        "coordinates": [
          -95.9862563,
          36.1641399
        ]
      },
      "properties": {
        "house_number": "711",
        "street_name": "GREENWOOD AV",
        "occupant_name": "Samuel Lark",
        "occupant_description": "",
        "race_designation": "(c)",
        "is_rear": "False",
        "canvas_fragment": "https://digitalcollections.tulsalibrary.org/iiif/2/p15020coll12:2857/manifest.json/canvas/329#xywh=948,1495,19,21",
        "norm_addr": "711 Greenwood Ave, Tulsa, OK"
      }
    },
    {
      "type": "Feature",
      "geometry": {
        "type": "Point",
        "coordinates": [
          -95.987132,
          36.1647125
        ]
      },
      "properties": {
        "house_number": "712",
        "street_name": "GREENWOOD AV",
        "occupant_name": "Wm Janes",
        "occupant_description": "",
        "race_designation": "(c)",
        "is_rear": "False",
        "canvas_fragment": "https://digitalcollections.tulsalibrary.org/iiif/2/p15020coll12:2857/manifest.json/canvas/329#xywh=984,1508,106,18",
        "norm_addr": "712 Greenwood Ave, Tulsa, OK"
      }
    },
    {
      "type": "Feature",
      "geometry": {
        "type": "Point",
        "coordinates": [
          -95.987132,
          36.1647125
        ]
      },
      "properties": {
        "house_number": "712",
        "street_name": "GREENWOOD AV",
        "occupant_name": "John Vaughn",
        "occupant_description": "",
        "race_designation": "(c)",
        "is_rear": "False",
        "canvas_fragment": "https://digitalcollections.tulsalibrary.org/iiif/2/p15020coll12:2857/manifest.json/canvas/329#xywh=984,1526,106,19",
        "norm_addr": "712 Greenwood Ave, Tulsa, OK"
      }
    },
    {
      "type": "Feature",
      "geometry": {
        "type": "Point",
        "coordinates": [
          -95.9870964,
          36.1647641
        ]
      },
      "properties": {
        "house_number": "714",
        "street_name": "GREENWOOD AV",
        "occupant_name": "H S Hughes",
        "occupant_description": "",
        "race_designation": "(c)",
        "is_rear": "False",
        "canvas_fragment": "https://digitalcollections.tulsalibrary.org/iiif/2/p15020coll12:2857/manifest.json/canvas/329#xywh=985,1540,103,21",
        "norm_addr": "714 Greenwood Ave, Tulsa, OK"
      }
    },
    {
      "type": "Feature",
      "geometry": {
        "type": "Point",
        "coordinates": [
          -95.9869845,
          36.1647849
        ]
      },
      "properties": {
        "house_number": "716",
        "street_name": "GREENWOOD AV",
        "occupant_name": "A L Phillips",
        "occupant_description": "",
        "race_designation": "(c)",
        "is_rear": "False",
        "canvas_fragment": "https://digitalcollections.tulsalibrary.org/iiif/2/p15020coll12:2857/manifest.json/canvas/329#xywh=985,1560,101,17",
        "norm_addr": "716 Greenwood Ave, Tulsa, OK"
      }
    },
    {
      "type": "Feature",
      "geometry": {
        "type": "Point",
        "coordinates": [
          -95.9869845,
          36.1647849
        ]
      },
      "properties": {
        "house_number": "716",
        "street_name": "GREENWOOD AV",
        "occupant_name": "Adolph Rogers",
        "occupant_description": "",
        "race_designation": "(c)",
        "is_rear": "False",
        "canvas_fragment": "https://digitalcollections.tulsalibrary.org/iiif/2/p15020coll12:2857/manifest.json/canvas/329#xywh=985,1575,128,20",
        "norm_addr": "716 Greenwood Ave, Tulsa, OK"
      }
    },
    {
      "type": "Feature",
      "geometry": {
        "type": "Point",
        "coordinates": [
          -95.9869845,
          36.1647849
        ]
      },
      "properties": {
        "house_number": "718",
        "street_name": "GREENWOOD AV",
        "occupant_name": "Marion Kruchin",
        "occupant_description": "",
        "race_designation": "(c)",
        "is_rear": "False",
        "canvas_fragment": "https://digitalcollections.tulsalibrary.org/iiif/2/p15020coll12:2857/manifest.json/canvas/329#xywh=985,1595,128,18",
        "norm_addr": "718 Greenwood Ave, Tulsa, OK"
      }
    },
    {
      "type": "Feature",
      "geometry": {
        "type": "Point",
        "coordinates": [
          -95.9868054,
          36.1659881
        ]
      },
      "properties": {
        "house_number": "801",
        "street_name": "GREENWOOD AV",
        "occupant_name": "Charles Matthews",
        "occupant_description": "restaurant",
        "race_designation": "(c)",
        "is_rear": "False",
        "canvas_fragment": "https://digitalcollections.tulsalibrary.org/iiif/2/p15020coll12:2857/manifest.json/canvas/329#xywh=985,1608,193,20",
        "norm_addr": "801 Greenwood Ave, Tulsa, OK"
      }
    },
    {
      "type": "Feature",
      "geometry": {
        "type": "Point",
        "coordinates": [
          -95.9860757,
          36.159825
        ]
      },
      "properties": {
        "house_number": "35",
        "street_name": "GREENWOOD AV",
        "occupant_name": "J C Brown",
        "occupant_description": "",
        "race_designation": "",
        "is_rear": "False",
        "canvas_fragment": "https://digitalcollections.tulsalibrary.org/iiif/2/p15020coll12:2857/manifest.json/canvas/330#xywh=130,210,153,22",
        "norm_addr": "35 Greenwood Ave, Tulsa, OK"
      }
    },
    {
      "type": "Feature",
      "geometry": {
        "type": "Point",
        "coordinates": [
          -95.9860757,
          36.159825
        ]
      },
      "properties": {
        "house_number": "35",
        "street_name": "GREENWOOD AV",
        "occupant_name": "W S Warner",
        "occupant_description": "",
        "race_designation": "",
        "is_rear": "False",
        "canvas_fragment": "https://digitalcollections.tulsalibrary.org/iiif/2/p15020coll12:2857/manifest.json/canvas/330#xywh=130,232,153,22",
        "norm_addr": "35 Greenwood Ave, Tulsa, OK"
      }
    },
    {
      "type": "Feature",
      "geometry": {
        "type": "Point",
        "coordinates": [
          -95.9860757,
          36.159825
        ]
      },
      "properties": {
        "house_number": "35",
        "street_name": "GREENWOOD AV",
        "occupant_name": "J A Carrens",
        "occupant_description": "",
        "race_designation": "",
        "is_rear": "False",
        "canvas_fragment": "https://digitalcollections.tulsalibrary.org/iiif/2/p15020coll12:2857/manifest.json/canvas/330#xywh=130,254,153,21",
        "norm_addr": "35 Greenwood Ave, Tulsa, OK"
      }
    },
    {
      "type": "Feature",
      "geometry": {
        "type": "Point",
        "coordinates": [
          -95.9860757,
          36.159825
        ]
      },
      "properties": {
        "house_number": "35",
        "street_name": "GREENWOOD AV",
        "occupant_name": "Benjamin Penn",
        "occupant_description": "",
        "race_designation": "",
        "is_rear": "False",
        "canvas_fragment": "https://digitalcollections.tulsalibrary.org/iiif/2/p15020coll12:2857/manifest.json/canvas/330#xywh=130,297,153,22",
        "norm_addr": "35 Greenwood Ave, Tulsa, OK"
      }
    },
    {
      "type": "Feature",
      "geometry": {
        "type": "Point",
        "coordinates": [
          -95.9859106,
          36.1598869
        ]
      },
      "properties": {
        "house_number": "37",
        "street_name": "GREENWOOD AV",
        "occupant_name": "A C Stevens",
        "occupant_description": "",
        "race_designation": "",
        "is_rear": "False",
        "canvas_fragment": "https://digitalcollections.tulsalibrary.org/iiif/2/p15020coll12:2857/manifest.json/canvas/330#xywh=132,346,170,23",
        "norm_addr": "37 Greenwood Ave, Tulsa, OK"
      }
    },
    {
      "type": "Feature",
      "geometry": {
        "type": "Point",
        "coordinates": [
          -95.9859122,
          36.1598898
        ]
      },
      "properties": {
        "house_number": "39",
        "street_name": "GREENWOOD AV",
        "occupant_name": "Robert Barnes",
        "occupant_description": "",
        "race_designation": "",
        "is_rear": "False",
        "canvas_fragment": "https://digitalcollections.tulsalibrary.org/iiif/2/p15020coll12:2857/manifest.json/canvas/330#xywh=164,357,100,29",
        "norm_addr": "39 Greenwood Ave, Tulsa, OK"
      }
    },
    {
      "type": "Feature",
      "geometry": {
        "type": "Point",
        "coordinates": [
          -95.9859138,
          36.1598928
        ]
      },
      "properties": {
        "house_number": "41",
        "street_name": "GREENWOOD AV",
        "occupant_name": "Ida Hisson",
        "occupant_description": "",
        "race_designation": "",
        "is_rear": "False",
        "canvas_fragment": "https://digitalcollections.tulsalibrary.org/iiif/2/p15020coll12:2857/manifest.json/canvas/330#xywh=163,374,108,22",
        "norm_addr": "41 Greenwood Ave, Tulsa, OK"
      }
    },
    {
      "type": "Feature",
      "geometry": {
        "type": "Point",
        "coordinates": [
          -95.9859138,
          36.1598928
        ]
      },
      "properties": {
        "house_number": "41",
        "street_name": "GREENWOOD AV",
        "occupant_name": "W E McConnell",
        "occupant_description": "",
        "race_designation": "",
        "is_rear": "False",
        "canvas_fragment": "https://digitalcollections.tulsalibrary.org/iiif/2/p15020coll12:2857/manifest.json/canvas/330#xywh=163,396,108,21",
        "norm_addr": "41 Greenwood Ave, Tulsa, OK"
      }
    },
    {
      "type": "Feature",
      "geometry": {
        "type": "Point",
        "coordinates": [
          -95.9865931,
          36.1622826
        ]
      },
      "properties": {
        "house_number": "422",
        "street_name": "GREENWOOD AV",
        "occupant_name": "J D McLain",
        "occupant_description": "",
        "race_designation": "",
        "is_rear": "False",
        "canvas_fragment": "https://digitalcollections.tulsalibrary.org/iiif/2/p15020coll12:2857/manifest.json/canvas/330#xywh=163,417,108,22",
        "norm_addr": "422 Greenwood Ave, Tulsa, OK"
      }
    },
    {
      "type": "Feature",
      "geometry": {
        "type": "Point",
        "coordinates": [
          -95.9905829,
          36.1658688
        ]
      },
      "properties": {
        "house_number": "314",
        "street_name": "INDEPENDENCE—WEST",
        "occupant_name": "C C Herndon",
        "occupant_description": "",
        "race_designation": "",
        "is_rear": "False",
        "canvas_fragment": "https://digitalcollections.tulsalibrary.org/iiif/2/p15020coll12:2857/manifest.json/canvas/332#xywh=429,964,111,21",
        "norm_addr": "314 Independence, Tulsa, OK"
      }
    },
    {
      "type": "Feature",
      "geometry": {
        "type": "Point",
        "coordinates": [
          -95.9908095,
          36.165918
        ]
      },
      "properties": {
        "house_number": "411",
        "street_name": "INDEPENDENCE—WEST",
        "occupant_name": "W R Daniel",
        "occupant_description": "grocer",
        "race_designation": "",
        "is_rear": "False",
        "canvas_fragment": "https://digitalcollections.tulsalibrary.org/iiif/2/p15020coll12:2857/manifest.json/canvas/332#xywh=175,974,125,21",
        "norm_addr": "411 Independence, Tulsa, OK"
      }
    },
    {
      "type": "Feature",
      "geometry": {
        "type": "Point",
        "coordinates": [
          -95.9904161,
          36.1658689
        ]
      },
      "properties": {
        "house_number": "412",
        "street_name": "INDEPENDENCE—WEST",
        "occupant_name": "L G Donohue",
        "occupant_description": "",
        "race_designation": "",
        "is_rear": "False",
        "canvas_fragment": "https://digitalcollections.tulsalibrary.org/iiif/2/p15020coll12:2857/manifest.json/canvas/332#xywh=429,985,111,22",
        "norm_addr": "412 Independence, Tulsa, OK"
      }
    },
    {
      "type": "Feature",
      "geometry": {
        "type": "Point",
        "coordinates": [
          -95.9806151,
          36.1707927
        ]
      },
      "properties": {
        "house_number": "1133",
        "street_name": "LANSING AV—NORTH",
        "occupant_name": "John Claybon",
        "occupant_description": "",
        "race_designation": "(c)",
        "is_rear": "False",
        "canvas_fragment": "https://digitalcollections.tulsalibrary.org/iiif/2/p15020coll12:2857/manifest.json/canvas/333#xywh=724,1227,210,21",
        "norm_addr": "1133 Lansing Ave, Tulsa, OK"
      }
    },
    {
      "type": "Feature",
      "geometry": {
        "type": "Point",
        "coordinates": [
          -95.9806582,
          36.1719206
        ]
      },
      "properties": {
        "house_number": "1201",
        "street_name": "LANSING AV—NORTH",
        "occupant_name": "Monsieur Cotton",
        "occupant_description": "grocer",
        "race_designation": "(c)",
        "is_rear": "False",
        "canvas_fragment": "https://digitalcollections.tulsalibrary.org/iiif/2/p15020coll12:2857/manifest.json/canvas/333#xywh=724,1248,210,20",
        "norm_addr": "1201 Lansing Ave, Tulsa, OK"
      }
    },
    {
      "type": "Feature",
      "geometry": {
        "type": "Point",
        "coordinates": [
          -95.9811706,
          36.1719487
        ]
      },
      "properties": {
        "house_number": "1202",
        "street_name": "LANSING AV—NORTH",
        "occupant_name": "Beaurgard Garland",
        "occupant_description": "grocer",
        "race_designation": "(c)",
        "is_rear": "False",
        "canvas_fragment": "https://digitalcollections.tulsalibrary.org/iiif/2/p15020coll12:2857/manifest.json/canvas/333#xywh=724,1268,210,19",
        "norm_addr": "1202 Lansing Ave, Tulsa, OK"
      }
    },
    {
      "type": "Feature",
      "geometry": {
        "type": "Point",
        "coordinates": [
          -95.9801753,
          36.1721711
        ]
      },
      "properties": {
        "house_number": "1205",
        "street_name": "LANSING AV—NORTH",
        "occupant_name": "Mrs Susie Kemp",
        "occupant_description": "",
        "race_designation": "(c)",
        "is_rear": "False",
        "canvas_fragment": "https://digitalcollections.tulsalibrary.org/iiif/2/p15020coll12:2857/manifest.json/canvas/333#xywh=724,1287,210,21",
        "norm_addr": "1205 Lansing Ave, Tulsa, OK"
      }
    },
    {
      "type": "Feature",
      "geometry": {
        "type": "Point",
        "coordinates": [
          -95.9811755,
          36.1720726
        ]
      },
      "properties": {
        "house_number": "1208",
        "street_name": "LANSING AV—NORTH",
        "occupant_name": "John Pierce",
        "occupant_description": "",
        "race_designation": "(c)",
        "is_rear": "False",
        "canvas_fragment": "https://digitalcollections.tulsalibrary.org/iiif/2/p15020coll12:2857/manifest.json/canvas/333#xywh=726,1301,103,18",
        "norm_addr": "1208 Lansing Ave, Tulsa, OK"
      }
    },
    {
      "type": "Feature",
      "geometry": {
        "type": "Point",
        "coordinates": [
          -95.9811788,
          36.1721552
        ]
      },
      "properties": {
        "house_number": "1212",
        "street_name": "LANSING AV—NORTH",
        "occupant_name": "Alex Griffin",
        "occupant_description": "",
        "race_designation": "(c)",
        "is_rear": "False",
        "canvas_fragment": "https://digitalcollections.tulsalibrary.org/iiif/2/p15020coll12:2857/manifest.json/canvas/333#xywh=726,1319,104,19",
        "norm_addr": "1212 Lansing Ave, Tulsa, OK"
      }
    },
    {
      "type": "Feature",
      "geometry": {
        "type": "Point",
        "coordinates": [
          -95.9813161,
          36.1724315
        ]
      },
      "properties": {
        "house_number": "1216",
        "street_name": "LANSING AV—NORTH",
        "occupant_name": "Aaron Narrow",
        "occupant_description": "",
        "race_designation": "(c)",
        "is_rear": "False",
        "canvas_fragment": "https://digitalcollections.tulsalibrary.org/iiif/2/p15020coll12:2857/manifest.json/canvas/333#xywh=727,1338,114,18",
        "norm_addr": "1216 Lansing Ave, Tulsa, OK"
      }
    },
    {
      "type": "Feature",
      "geometry": {
        "type": "Point",
        "coordinates": [
          -95.9806829,
          36.1726528
        ]
      },
      "properties": {
        "house_number": "1217",
        "street_name": "LANSING AV—NORTH",
        "occupant_name": "David Omphrey",
        "occupant_description": "",
        "race_designation": "(c)",
        "is_rear": "False",
        "canvas_fragment": "https://digitalcollections.tulsalibrary.org/iiif/2/p15020coll12:2857/manifest.json/canvas/333#xywh=727,1355,124,19",
        "norm_addr": "1217 Lansing Ave, Tulsa, OK"
      }
    },
    {
      "type": "Feature",
      "geometry": {
        "type": "Point",
        "coordinates": [
          -95.9811882,
          36.1724467
        ]
      },
      "properties": {
        "house_number": "1220",
        "street_name": "LANSING AV—NORTH",
        "occupant_name": "J H Potts",
        "occupant_description": "",
        "race_designation": "(c)",
        "is_rear": "False",
        "canvas_fragment": "https://digitalcollections.tulsalibrary.org/iiif/2/p15020coll12:2857/manifest.json/canvas/333#xywh=726,1378,88,17",
        "norm_addr": "1220 Lansing Ave, Tulsa, OK"
      }
    },
    {
      "type": "Feature",
      "geometry": {
        "type": "Point",
        "coordinates": [
          -95.9806805,
          36.1728241
        ]
      },
      "properties": {
        "house_number": "1221",
        "street_name": "LANSING AV—NORTH",
        "occupant_name": "Charles Pitts",
        "occupant_description": "",
        "race_designation": "(c)",
        "is_rear": "False",
        "canvas_fragment": "https://digitalcollections.tulsalibrary.org/iiif/2/p15020coll12:2857/manifest.json/canvas/333#xywh=727,1392,110,22",
        "norm_addr": "1221 Lansing Ave, Tulsa, OK"
      }
    },
    {
      "type": "Feature",
      "geometry": {
        "type": "Point",
        "coordinates": [
          -95.9811892,
          36.1724825
        ]
      },
      "properties": {
        "house_number": "1224",
        "street_name": "LANSING AV—NORTH",
        "occupant_name": "E L Williams",
        "occupant_description": "",
        "race_designation": "",
        "is_rear": "False",
        "canvas_fragment": "https://digitalcollections.tulsalibrary.org/iiif/2/p15020coll12:2857/manifest.json/canvas/333#xywh=726,1410,85,20",
        "norm_addr": "1224 Lansing Ave, Tulsa, OK"
      }
    },
    {
      "type": "Feature",
      "geometry": {
        "type": "Point",
        "coordinates": [
          -95.9800781,
          36.173412
        ]
      },
      "properties": {
        "house_number": "1225",
        "street_name": "LANSING AV—NORTH",
        "occupant_name": "George Griffin",
        "occupant_description": "",
        "race_designation": "(c)",
        "is_rear": "False",
        "canvas_fragment": "https://digitalcollections.tulsalibrary.org/iiif/2/p15020coll12:2857/manifest.json/canvas/333#xywh=683,1411,24,19",
        "norm_addr": "1225 Lansing Ave, Tulsa, OK"
      }
    },
    {
      "type": "Feature",
      "geometry": {
        "type": "Point",
        "coordinates": [
          -95.9811897,
          36.1725003
        ]
      },
      "properties": {
        "house_number": "1226",
        "street_name": "LANSING AV—NORTH",
        "occupant_name": "James Bruce",
        "occupant_description": "",
        "race_designation": "(c)",
        "is_rear": "False",
        "canvas_fragment": "https://digitalcollections.tulsalibrary.org/iiif/2/p15020coll12:2857/manifest.json/canvas/333#xywh=684,1429,25,19",
        "norm_addr": "1226 Lansing Ave, Tulsa, OK"
      }
    },
    {
      "type": "Feature",
      "geometry": {
        "type": "Point",
        "coordinates": [
          -95.9801906,
          36.1732019
        ]
      },
      "properties": {
        "house_number": "1227",
        "street_name": "LANSING AV—NORTH",
        "occupant_name": "Berry Flipins",
        "occupant_description": "",
        "race_designation": "(c)",
        "is_rear": "False",
        "canvas_fragment": "https://digitalcollections.tulsalibrary.org/iiif/2/p15020coll12:2857/manifest.json/canvas/333#xywh=727,1430,118,18",
        "norm_addr": "1227 Lansing Ave, Tulsa, OK"
      }
    },
    {
      "type": "Feature",
      "geometry": {
        "type": "Point",
        "coordinates": [
          -95.9811903,
          36.1725182
        ]
      },
      "properties": {
        "house_number": "1228",
        "street_name": "LANSING AV—NORTH",
        "occupant_name": "Mrs Clara Mason",
        "occupant_description": "",
        "race_designation": "(c)",
        "is_rear": "False",
        "canvas_fragment": "https://digitalcollections.tulsalibrary.org/iiif/2/p15020coll12:2857/manifest.json/canvas/333#xywh=683,1444,26,38",
        "norm_addr": "1228 Lansing Ave, Tulsa, OK"
      }
    },
    {
      "type": "Feature",
      "geometry": {
        "type": "Point",
        "coordinates": [
          -95.9811913,
          36.172554
        ]
      },
      "properties": {
        "house_number": "1232",
        "street_name": "LANSING AV—NORTH",
        "occupant_name": "Roy Taylor",
        "occupant_description": "",
        "race_designation": "(c)",
        "is_rear": "False",
        "canvas_fragment": "https://digitalcollections.tulsalibrary.org/iiif/2/p15020coll12:2857/manifest.json/canvas/333#xywh=727,1445,115,19",
        "norm_addr": "1232 Lansing Ave, Tulsa, OK"
      }
    },
    {
      "type": "Feature",
      "geometry": {
        "type": "Point",
        "coordinates": [
          -95.9801916,
          36.1733463
        ]
      },
      "properties": {
        "house_number": "1233",
        "street_name": "LANSING AV—NORTH",
        "occupant_name": "Bart Holmes",
        "occupant_description": "",
        "race_designation": "(c)",
        "is_rear": "False",
        "canvas_fragment": "https://digitalcollections.tulsalibrary.org/iiif/2/p15020coll12:2857/manifest.json/canvas/333#xywh=727,1464,115,20",
        "norm_addr": "1233 Lansing Ave, Tulsa, OK"
      }
    },
    {
      "type": "Feature",
      "geometry": {
        "type": "Point",
        "coordinates": [
          -95.9811918,
          36.1725719
        ]
      },
      "properties": {
        "house_number": "1234",
        "street_name": "LANSING AV—NORTH",
        "occupant_name": "George Starr",
        "occupant_description": "",
        "race_designation": "(c)",
        "is_rear": "False",
        "canvas_fragment": "https://digitalcollections.tulsalibrary.org/iiif/2/p15020coll12:2857/manifest.json/canvas/333#xywh=727,1479,135,18",
        "norm_addr": "1234 Lansing Ave, Tulsa, OK"
      }
    },
    {
      "type": "Feature",
      "geometry": {
        "type": "Point",
        "coordinates": [
          -95.9801919,
          36.1733944
        ]
      },
      "properties": {
        "house_number": "1235",
        "street_name": "LANSING AV—NORTH",
        "occupant_name": "L M Sudden",
        "occupant_description": "",
        "race_designation": "(c)",
        "is_rear": "False",
        "canvas_fragment": "https://digitalcollections.tulsalibrary.org/iiif/2/p15020coll12:2857/manifest.json/canvas/333#xywh=684,1481,25,17",
        "norm_addr": "1235 Lansing Ave, Tulsa, OK"
      }
    },
    {
      "type": "Feature",
      "geometry": {
        "type": "Point",
        "coordinates": [
          -95.9806852,
          36.1734884
        ]
      },
      "properties": {
        "house_number": "1241",
        "street_name": "LANSING AV—NORTH",
        "occupant_name": "Walter Towery",
        "occupant_description": "",
        "race_designation": "(c)",
        "is_rear": "False",
        "canvas_fragment": "https://digitalcollections.tulsalibrary.org/iiif/2/p15020coll12:2857/manifest.json/canvas/333#xywh=727,1498,100,19",
        "norm_addr": "1241 Lansing Ave, Tulsa, OK"
      }
    },
    {
      "type": "Feature",
      "geometry": {
        "type": "Point",
        "coordinates": [
          -95.9806851,
          36.1735006
        ]
      },
      "properties": {
        "house_number": "1243",
        "street_name": "LANSING AV—NORTH",
        "occupant_name": "D W Pitts",
        "occupant_description": "",
        "race_designation": "(c)",
        "is_rear": "False",
        "canvas_fragment": "https://digitalcollections.tulsalibrary.org/iiif/2/p15020coll12:2857/manifest.json/canvas/333#xywh=684,1500,25,17",
        "norm_addr": "1243 Lansing Ave, Tulsa, OK"
      }
    },
    {
      "type": "Feature",
      "geometry": {
        "type": "Point",
        "coordinates": [
          -95.9806829,
          36.1726528
        ]
      },
      "properties": {
        "house_number": "1244",
        "street_name": "LANSING AV—NORTH",
        "occupant_name": "Edward Mathews",
        "occupant_description": "billiards",
        "race_designation": "(c)",
        "is_rear": "False",
        "canvas_fragment": "https://digitalcollections.tulsalibrary.org/iiif/2/p15020coll12:2857/manifest.json/canvas/333#xywh=727,1516,114,18",
        "norm_addr": "1244 Lansing Ave, Tulsa, OK"
      }
    },
    {
      "type": "Feature",
      "geometry": {
        "type": "Point",
        "coordinates": [
          -95.9800818,
          36.1735328
        ]
      },
      "properties": {
        "house_number": "1249",
        "street_name": "LANSING AV—NORTH",
        "occupant_name": "Henry Jones",
        "occupant_description": "",
        "race_designation": "(c)",
        "is_rear": "False",
        "canvas_fragment": "https://digitalcollections.tulsalibrary.org/iiif/2/p15020coll12:2857/manifest.json/canvas/333#xywh=683,1517,26,17",
        "norm_addr": "1249 Lansing Ave, Tulsa, OK"
      }
    },
    {
      "type": "Feature",
      "geometry": {
        "type": "Point",
        "coordinates": [
          -95.9800817,
          36.173545
        ]
      },
      "properties": {
        "house_number": "1251",
        "street_name": "LANSING AV—NORTH",
        "occupant_name": "Elbert Collie",
        "occupant_description": "",
        "race_designation": "(c)",
        "is_rear": "False",
        "canvas_fragment": "https://digitalcollections.tulsalibrary.org/iiif/2/p15020coll12:2857/manifest.json/canvas/333",
        "norm_addr": "1251 Lansing Ave, Tulsa, OK"
      }
    },
    {
      "type": "Feature",
      "geometry": {
        "type": "Point",
        "coordinates": [
          -95.9806807,
          36.1728573
        ]
      },
      "properties": {
        "house_number": "1258",
        "street_name": "LANSING AV—NORTH",
        "occupant_name": "Wm McCoy",
        "occupant_description": "",
        "race_designation": "(c)",
        "is_rear": "False",
        "canvas_fragment": "https://digitalcollections.tulsalibrary.org/iiif/2/p15020coll12:2857/manifest.json/canvas/333",
        "norm_addr": "1258 Lansing Ave, Tulsa, OK"
      }
    },
    {
      "type": "Feature",
      "geometry": {
        "type": "Point",
        "coordinates": [
          -95.9800807,
          36.1736306
        ]
      },
      "properties": {
        "house_number": "1265",
        "street_name": "LANSING AV—NORTH",
        "occupant_name": "Allan Quinn",
        "occupant_description": "",
        "race_designation": "(c)",
        "is_rear": "False",
        "canvas_fragment": "https://digitalcollections.tulsalibrary.org/iiif/2/p15020coll12:2857/manifest.json/canvas/333",
        "norm_addr": "1265 Lansing Ave, Tulsa, OK"
      }
    },
    {
      "type": "Feature",
      "geometry": {
        "type": "Point",
        "coordinates": [
          -95.9806851,
          36.1735006
        ]
      },
      "properties": {
        "house_number": "1243",
        "street_name": "LANSING AV—NORTH",
        "occupant_name": "Elias White",
        "occupant_description": "",
        "race_designation": "(c)",
        "is_rear": "False",
        "canvas_fragment": "https://digitalcollections.tulsalibrary.org/iiif/2/p15020coll12:2857/manifest.json/canvas/333",
        "norm_addr": "1243 Lansing Ave, Tulsa, OK"
      }
    },
    {
      "type": "Feature",
      "geometry": {
        "type": "Point",
        "coordinates": [
          -95.9811918,
          36.1725719
        ]
      },
      "properties": {
        "house_number": "1234",
        "street_name": "LANSING AV—NORTH",
        "occupant_name": "Lonnie Braggs",
        "occupant_description": "",
        "race_designation": "(c)",
        "is_rear": "False",
        "canvas_fragment": "https://digitalcollections.tulsalibrary.org/iiif/2/p15020coll12:2857/manifest.json/canvas/333",
        "norm_addr": "1234 Lansing Ave, Tulsa, OK"
      }
    },
    {
      "type": "Feature",
      "geometry": {
        "type": "Point",
        "coordinates": [
          -95.9811941,
          36.1731871
        ]
      },
      "properties": {
        "house_number": "1278",
        "street_name": "LANSING AV—NORTH",
        "occupant_name": "Thomas Bowles",
        "occupant_description": "",
        "race_designation": "(c)",
        "is_rear": "False",
        "canvas_fragment": "https://digitalcollections.tulsalibrary.org/iiif/2/p15020coll12:2857/manifest.json/canvas/333",
        "norm_addr": "1278 Lansing Ave, Tulsa, OK"
      }
    },
    {
      "type": "Feature",
      "geometry": {
        "type": "Point",
        "coordinates": [
          -95.9806825,
          36.1737207
        ]
      },
      "properties": {
        "house_number": "1279",
        "street_name": "LANSING AV—NORTH",
        "occupant_name": "S E Lewis",
        "occupant_description": "",
        "race_designation": "(c)",
        "is_rear": "False",
        "canvas_fragment": "https://digitalcollections.tulsalibrary.org/iiif/2/p15020coll12:2857/manifest.json/canvas/333",
        "norm_addr": "1279 Lansing Ave, Tulsa, OK"
      }
    },
    {
      "type": "Feature",
      "geometry": {
        "type": "Point",
        "coordinates": [
          -95.9811948,
          36.1732868
        ]
      },
      "properties": {
        "house_number": "1284",
        "street_name": "LANSING AV—NORTH",
        "occupant_name": "I B Wilson",
        "occupant_description": "",
        "race_designation": "(c)",
        "is_rear": "False",
        "canvas_fragment": "https://digitalcollections.tulsalibrary.org/iiif/2/p15020coll12:2857/manifest.json/canvas/333",
        "norm_addr": "1284 Lansing Ave, Tulsa, OK"
      }
    },
    {
      "type": "Feature",
      "geometry": {
        "type": "Point",
        "coordinates": [
          -95.9811957,
          36.1734196
        ]
      },
      "properties": {
        "house_number": "1292",
        "street_name": "LANSING AV—NORTH",
        "occupant_name": "Olive B Mann",
        "occupant_description": "",
        "race_designation": "(c)",
        "is_rear": "False",
        "canvas_fragment": "https://digitalcollections.tulsalibrary.org/iiif/2/p15020coll12:2857/manifest.json/canvas/333",
        "norm_addr": "1292 Lansing Ave, Tulsa, OK"
      }
    },
    {
      "type": "Feature",
      "geometry": {
        "type": "Point",
        "coordinates": [
          -95.980685,
          36.1734552
        ]
      },
      "properties": {
        "house_number": "1294",
        "street_name": "LANSING AV—NORTH",
        "occupant_name": "Mann Bros",
        "occupant_description": "grocers",
        "race_designation": "(c)",
        "is_rear": "False",
        "canvas_fragment": "https://digitalcollections.tulsalibrary.org/iiif/2/p15020coll12:2857/manifest.json/canvas/333",
        "norm_addr": "1294 Lansing Ave, Tulsa, OK"
      }
    },
    {
      "type": "Feature",
      "geometry": {
        "type": "Point",
        "coordinates": [
          -95.9806824,
          36.1737329
        ]
      },
      "properties": {
        "house_number": "1304",
        "street_name": "LANSING AV—NORTH",
        "occupant_name": "C H Allen",
        "occupant_description": "",
        "race_designation": "(c)",
        "is_rear": "False",
        "canvas_fragment": "https://digitalcollections.tulsalibrary.org/iiif/2/p15020coll12:2857/manifest.json/canvas/333",
        "norm_addr": "1304 Lansing Ave, Tulsa, OK"
      }
    },
    {
      "type": "Feature",
      "geometry": {
        "type": "Point",
        "coordinates": [
          -95.9830841,
          36.1705241
        ]
      },
      "properties": {
        "house_number": "1107",
        "street_name": "POCAHONTAS",
        "occupant_name": "Mrs Ella Taylor",
        "occupant_description": "",
        "race_designation": "(c)",
        "is_rear": "False",
        "canvas_fragment": "https://digitalcollections.tulsalibrary.org/iiif/2/p15020coll12:2857/manifest.json/canvas/349#xywh=100,555,16,330",
        "norm_addr": "1107 Iroquois Ave, Tulsa, OK"
      }
    },
    {
      "type": "Feature",
      "geometry": {
        "type": "Point",
        "coordinates": [
          -95.9830894,
          36.1708096
        ]
      },
      "properties": {
        "house_number": "1112",
        "street_name": "POCAHONTAS",
        "occupant_name": "Arthur Taylor",
        "occupant_description": "",
        "race_designation": "(c)",
        "is_rear": "False",
        "canvas_fragment": "https://digitalcollections.tulsalibrary.org/iiif/2/p15020coll12:2857/manifest.json/canvas/349#xywh=181,557,118,20",
        "norm_addr": "1112 Iroquois Ave, Tulsa, OK"
      }
    },
    {
      "type": "Feature",
      "geometry": {
        "type": "Point",
        "coordinates": [
          -95.9830894,
          36.1708158
        ]
      },
      "properties": {
        "house_number": "1113",
        "street_name": "POCAHONTAS",
        "occupant_name": "Mrs Nannie Carter",
        "occupant_description": "",
        "race_designation": "(c)",
        "is_rear": "False",
        "canvas_fragment": "https://digitalcollections.tulsalibrary.org/iiif/2/p15020coll12:2857/manifest.json/canvas/349#xywh=138,558,25,21",
        "norm_addr": "1113 Iroquois Ave, Tulsa, OK"
      }
    },
    {
      "type": "Feature",
      "geometry": {
        "type": "Point",
        "coordinates": [
          -95.9830893,
          36.1708171
        ]
      },
      "properties": {
        "house_number": "1116",
        "street_name": "POCAHONTAS",
        "occupant_name": "Eugene Barton",
        "occupant_description": "",
        "race_designation": "(c)",
        "is_rear": "False",
        "canvas_fragment": "https://digitalcollections.tulsalibrary.org/iiif/2/p15020coll12:2857/manifest.json/canvas/349#xywh=179,565,152,23",
        "norm_addr": "1116 Iroquois Ave, Tulsa, OK"
      }
    },
    {
      "type": "Feature",
      "geometry": {
        "type": "Point",
        "coordinates": [
          -95.983523,
          36.1708449
        ]
      },
      "properties": {
        "house_number": "1130",
        "street_name": "POCAHONTAS",
        "occupant_name": "James Thomas",
        "occupant_description": "",
        "race_designation": "(c)",
        "is_rear": "False",
        "canvas_fragment": "https://digitalcollections.tulsalibrary.org/iiif/2/p15020coll12:2857/manifest.json/canvas/349#xywh=138,577,25,18",
        "norm_addr": "1130 Iroquois Ave, Tulsa, OK"
      }
    },
    {
      "type": "Feature",
      "geometry": {
        "type": "Point",
        "coordinates": [
          -95.9823007,
          36.1714716
        ]
      },
      "properties": {
        "house_number": "1175",
        "street_name": "POCAHONTAS",
        "occupant_name": "Mrs Hattie Washington",
        "occupant_description": "",
        "race_designation": "(c)",
        "is_rear": "False",
        "canvas_fragment": "https://digitalcollections.tulsalibrary.org/iiif/2/p15020coll12:2857/manifest.json/canvas/349#xywh=179,588,152,22",
        "norm_addr": "1175 Iroquois Ave, Tulsa, OK"
      }
    },
    {
      "type": "Feature",
      "geometry": {
        "type": "Point",
        "coordinates": [
          -95.9830852,
          36.171727
        ]
      },
      "properties": {
        "house_number": "1201",
        "street_name": "POCAHONTAS",
        "occupant_name": "Benjamin Williams",
        "occupant_description": "",
        "race_designation": "(c)",
        "is_rear": "False",
        "canvas_fragment": "https://digitalcollections.tulsalibrary.org/iiif/2/p15020coll12:2857/manifest.json/canvas/349#xywh=180,431,175,28",
        "norm_addr": "1201 Iroquois Ave, Tulsa, OK"
      }
    },
    {
      "type": "Feature",
      "geometry": {
        "type": "Point",
        "coordinates": [
          -95.9830852,
          36.171727
        ]
      },
      "properties": {
        "house_number": "1202",
        "street_name": "POCAHONTAS",
        "occupant_name": "George Woods",
        "occupant_description": "",
        "race_designation": "(c)",
        "is_rear": "False",
        "canvas_fragment": "https://digitalcollections.tulsalibrary.org/iiif/2/p15020coll12:2857/manifest.json/canvas/349#xywh=138,595,25,19",
        "norm_addr": "1202 Iroquois Ave, Tulsa, OK"
      }
    },
    {
      "type": "Feature",
      "geometry": {
        "type": "Point",
        "coordinates": [
          -95.9830852,
          36.171727
        ]
      },
      "properties": {
        "house_number": "1203",
        "street_name": "POCAHONTAS",
        "occupant_name": "Henry Johnson",
        "occupant_description": "",
        "race_designation": "(c)",
        "is_rear": "False",
        "canvas_fragment": "https://digitalcollections.tulsalibrary.org/iiif/2/p15020coll12:2857/manifest.json/canvas/349#xywh=179,610,152,22",
        "norm_addr": "1203 Iroquois Ave, Tulsa, OK"
      }
    },
    {
      "type": "Feature",
      "geometry": {
        "type": "Point",
        "coordinates": [
          -95.9830852,
          36.171727
        ]
      },
      "properties": {
        "house_number": "1210",
        "street_name": "POCAHONTAS",
        "occupant_name": "Edward Strong",
        "occupant_description": "",
        "race_designation": "(c)",
        "is_rear": "False",
        "canvas_fragment": "https://digitalcollections.tulsalibrary.org/iiif/2/p15020coll12:2857/manifest.json/canvas/349#xywh=138,614,25,18",
        "norm_addr": "1210 Iroquois Ave, Tulsa, OK"
      }
    },
    {
      "type": "Feature",
      "geometry": {
        "type": "Point",
        "coordinates": [
          -95.9830852,
          36.171727
        ]
      },
      "properties": {
        "house_number": "1214",
        "street_name": "POCAHONTAS",
        "occupant_name": "Squire Brisker",
        "occupant_description": "clnr",
        "race_designation": "(c)",
        "is_rear": "False",
        "canvas_fragment": "https://digitalcollections.tulsalibrary.org/iiif/2/p15020coll12:2857/manifest.json/canvas/349#xywh=179,632,152,24",
        "norm_addr": "1214 Iroquois Ave, Tulsa, OK"
      }
    },
    {
      "type": "Feature",
      "geometry": {
        "type": "Point",
        "coordinates": [
          -95.9830852,
          36.171727
        ]
      },
      "properties": {
        "house_number": "1219",
        "street_name": "POCAHONTAS",
        "occupant_name": "Leo Griffin",
        "occupant_description": "",
        "race_designation": "(c)",
        "is_rear": "False",
        "canvas_fragment": "https://digitalcollections.tulsalibrary.org/iiif/2/p15020coll12:2857/manifest.json/canvas/349#xywh=137,632,26,18",
        "norm_addr": "1219 Iroquois Ave, Tulsa, OK"
      }
    },
    {
      "type": "Feature",
      "geometry": {
        "type": "Point",
        "coordinates": [
          -95.9830852,
          36.171727
        ]
      },
      "properties": {
        "house_number": "1220",
        "street_name": "POCAHONTAS",
        "occupant_name": "Wm Brown",
        "occupant_description": "",
        "race_designation": "(c)",
        "is_rear": "False",
        "canvas_fragment": "https://digitalcollections.tulsalibrary.org/iiif/2/p15020coll12:2857/manifest.json/canvas/349#xywh=180,638,158,26",
        "norm_addr": "1220 Iroquois Ave, Tulsa, OK"
      }
    },
    {
      "type": "Feature",
      "geometry": {
        "type": "Point",
        "coordinates": [
          -95.9830852,
          36.171727
        ]
      },
      "properties": {
        "house_number": "1222",
        "street_name": "POCAHONTAS",
        "occupant_name": "Robert Frazier",
        "occupant_description": "",
        "race_designation": "(c)",
        "is_rear": "False",
        "canvas_fragment": "https://digitalcollections.tulsalibrary.org/iiif/2/p15020coll12:2857/manifest.json/canvas/349#xywh=180,441,124,27",
        "norm_addr": "1222 Iroquois Ave, Tulsa, OK"
      }
    },
    {
      "type": "Feature",
      "geometry": {
        "type": "Point",
        "coordinates": [
          -95.9830852,
          36.171727
        ]
      },
      "properties": {
        "house_number": "1223",
        "street_name": "POCAHONTAS",
        "occupant_name": "Mrs Eliza Richards",
        "occupant_description": "",
        "race_designation": "(c)",
        "is_rear": "False",
        "canvas_fragment": "https://digitalcollections.tulsalibrary.org/iiif/2/p15020coll12:2857/manifest.json/canvas/349#xywh=137,650,25,18",
        "norm_addr": "1223 Iroquois Ave, Tulsa, OK"
      }
    },
    {
      "type": "Feature",
      "geometry": {
        "type": "Point",
        "coordinates": [
          -95.9830852,
          36.171727
        ]
      },
      "properties": {
        "house_number": "1228",
        "street_name": "POCAHONTAS",
        "occupant_name": "Mrs Dora Herron",
        "occupant_description": "",
        "race_designation": "(c)",
        "is_rear": "False",
        "canvas_fragment": "https://digitalcollections.tulsalibrary.org/iiif/2/p15020coll12:2857/manifest.json/canvas/349#xywh=180,664,158,25",
        "norm_addr": "1228 Iroquois Ave, Tulsa, OK"
      }
    },
    {
      "type": "Feature",
      "geometry": {
        "type": "Point",
        "coordinates": [
          -95.9830852,
          36.171727
        ]
      },
      "properties": {
        "house_number": "1229",
        "street_name": "POCAHONTAS",
        "occupant_name": "M C Hill",
        "occupant_description": "",
        "race_designation": "(c)",
        "is_rear": "False",
        "canvas_fragment": "https://digitalcollections.tulsalibrary.org/iiif/2/p15020coll12:2857/manifest.json/canvas/349#xywh=180,676,119,21",
        "norm_addr": "1229 Iroquois Ave, Tulsa, OK"
      }
    },
    {
      "type": "Feature",
      "geometry": {
        "type": "Point",
        "coordinates": [
          -95.9830852,
          36.171727
        ]
      },
      "properties": {
        "house_number": "1230",
        "street_name": "POCAHONTAS",
        "occupant_name": "James Latimer",
        "occupant_description": "",
        "race_designation": "(c)",
        "is_rear": "False",
        "canvas_fragment": "https://digitalcollections.tulsalibrary.org/iiif/2/p15020coll12:2857/manifest.json/canvas/349#xywh=180,697,119,21",
        "norm_addr": "1230 Iroquois Ave, Tulsa, OK"
      }
    },
    {
      "type": "Feature",
      "geometry": {
        "type": "Point",
        "coordinates": [
          -95.9830852,
          36.171727
        ]
      },
      "properties": {
        "house_number": "1231",
        "street_name": "POCAHONTAS",
        "occupant_name": "Mrs Lindy Hampton",
        "occupant_description": "",
        "race_designation": "(c)",
        "is_rear": "False",
        "canvas_fragment": "https://digitalcollections.tulsalibrary.org/iiif/2/p15020coll12:2857/manifest.json/canvas/349#xywh=138,703,26,17",
        "norm_addr": "1231 Iroquois Ave, Tulsa, OK"
      }
    },
    {
      "type": "Feature",
      "geometry": {
        "type": "Point",
        "coordinates": [
          -95.9830852,
          36.171727
        ]
      },
      "properties": {
        "house_number": "1233",
        "street_name": "POCAHONTAS",
        "occupant_name": "Mrs Ora Henderson",
        "occupant_description": "",
        "race_designation": "(c)",
        "is_rear": "False",
        "canvas_fragment": "https://digitalcollections.tulsalibrary.org/iiif/2/p15020coll12:2857/manifest.json/canvas/349#xywh=180,718,119,21",
        "norm_addr": "1233 Iroquois Ave, Tulsa, OK"
      }
    },
    {
      "type": "Feature",
      "geometry": {
        "type": "Point",
        "coordinates": [
          -95.9830852,
          36.171727
        ]
      },
      "properties": {
        "house_number": "1233",
        "street_name": "POCAHONTAS",
        "occupant_name": "James Todd",
        "occupant_description": "",
        "race_designation": "(c)",
        "is_rear": "False",
        "canvas_fragment": "https://digitalcollections.tulsalibrary.org/iiif/2/p15020coll12:2857/manifest.json/canvas/349#xywh=137,719,27,19",
        "norm_addr": "1233 Iroquois Ave, Tulsa, OK"
      }
    },
    {
      "type": "Feature",
      "geometry": {
        "type": "Point",
        "coordinates": [
          -95.9830852,
          36.171727
        ]
      },
      "properties": {
        "house_number": "1235",
        "street_name": "POCAHONTAS",
        "occupant_name": "Joseph Wesley",
        "occupant_description": "",
        "race_designation": "(c)",
        "is_rear": "False",
        "canvas_fragment": "https://digitalcollections.tulsalibrary.org/iiif/2/p15020coll12:2857/manifest.json/canvas/349#xywh=180,730,139,23",
        "norm_addr": "1235 Iroquois Ave, Tulsa, OK"
      }
    },
    {
      "type": "Feature",
      "geometry": {
        "type": "Point",
        "coordinates": [
          -95.9830852,
          36.171727
        ]
      },
      "properties": {
        "house_number": "1238",
        "street_name": "POCAHONTAS",
        "occupant_name": "Edward Crane",
        "occupant_description": "",
        "race_designation": "(c)",
        "is_rear": "False",
        "canvas_fragment": "https://digitalcollections.tulsalibrary.org/iiif/2/p15020coll12:2857/manifest.json/canvas/349#xywh=138,1003,25,19",
        "norm_addr": "1238 Iroquois Ave, Tulsa, OK"
      }
    },
    {
      "type": "Feature",
      "geometry": {
        "type": "Point",
        "coordinates": [
          -95.9830852,
          36.171727
        ]
      },
      "properties": {
        "house_number": "1240",
        "street_name": "POCAHONTAS",
        "occupant_name": "Joseph Bennett",
        "occupant_description": "",
        "race_designation": "",
        "is_rear": "False",
        "canvas_fragment": "https://digitalcollections.tulsalibrary.org/iiif/2/p15020coll12:2857/manifest.json/canvas/349#xywh=137,738,26,17",
        "norm_addr": "1240 Iroquois Ave, Tulsa, OK"
      }
    },
    {
      "type": "Feature",
      "geometry": {
        "type": "Point",
        "coordinates": [
          -95.9830852,
          36.171727
        ]
      },
      "properties": {
        "house_number": "1240",
        "street_name": "POCAHONTAS",
        "occupant_name": "Rev W S Mitchell",
        "occupant_description": "",
        "race_designation": "(c)",
        "is_rear": "False",
        "canvas_fragment": "https://digitalcollections.tulsalibrary.org/iiif/2/p15020coll12:2857/manifest.json/canvas/349#xywh=180,753,139,23",
        "norm_addr": "1240 Iroquois Ave, Tulsa, OK"
      }
    },
    {
      "type": "Feature",
      "geometry": {
        "type": "Point",
        "coordinates": [
          -95.9830852,
          36.171727
        ]
      },
      "properties": {
        "house_number": "1249",
        "street_name": "POCAHONTAS",
        "occupant_name": "G W Wilson",
        "occupant_description": "",
        "race_designation": "(c)",
        "is_rear": "False",
        "canvas_fragment": "https://digitalcollections.tulsalibrary.org/iiif/2/p15020coll12:2857/manifest.json/canvas/349#xywh=181,770,106,20",
        "norm_addr": "1249 Iroquois Ave, Tulsa, OK"
      }
    },
    {
      "type": "Feature",
      "geometry": {
        "type": "Point",
        "coordinates": [
          -95.9830852,
          36.171727
        ]
      },
      "properties": {
        "house_number": "1254",
        "street_name": "POCAHONTAS",
        "occupant_name": "Rufus Taylor",
        "occupant_description": "",
        "race_designation": "(c)",
        "is_rear": "False",
        "canvas_fragment": "https://digitalcollections.tulsalibrary.org/iiif/2/p15020coll12:2857/manifest.json/canvas/349#xywh=180,781,134,22",
        "norm_addr": "1254 Iroquois Ave, Tulsa, OK"
      }
    },
    {
      "type": "Feature",
      "geometry": {
        "type": "Point",
        "coordinates": [
          -95.9830852,
          36.171727
        ]
      },
      "properties": {
        "house_number": "1255",
        "street_name": "POCAHONTAS",
        "occupant_name": "Frank Ogan",
        "occupant_description": "",
        "race_designation": "(c)",
        "is_rear": "False",
        "canvas_fragment": "https://digitalcollections.tulsalibrary.org/iiif/2/p15020coll12:2857/manifest.json/canvas/349#xywh=180,803,134,23",
        "norm_addr": "1255 Iroquois Ave, Tulsa, OK"
      }
    },
    {
      "type": "Feature",
      "geometry": {
        "type": "Point",
        "coordinates": [
          -95.9830852,
          36.171727
        ]
      },
      "properties": {
        "house_number": "1257",
        "street_name": "POCAHONTAS",
        "occupant_name": "George Kennedy",
        "occupant_description": "",
        "race_designation": "(c)",
        "is_rear": "False",
        "canvas_fragment": "https://digitalcollections.tulsalibrary.org/iiif/2/p15020coll12:2857/manifest.json/canvas/349#xywh=180,826,134,22",
        "norm_addr": "1257 Iroquois Ave, Tulsa, OK"
      }
    },
    {
      "type": "Feature",
      "geometry": {
        "type": "Point",
        "coordinates": [
          -95.9830852,
          36.171727
        ]
      },
      "properties": {
        "house_number": "1258",
        "street_name": "POCAHONTAS",
        "occupant_name": "Mrs Amanda Dotson",
        "occupant_description": "",
        "race_designation": "",
        "is_rear": "False",
        "canvas_fragment": "https://digitalcollections.tulsalibrary.org/iiif/2/p15020coll12:2857/manifest.json/canvas/349#xywh=181,839,134,20",
        "norm_addr": "1258 Iroquois Ave, Tulsa, OK"
      }
    },
    {
      "type": "Feature",
      "geometry": {
        "type": "Point",
        "coordinates": [
          -95.9830852,
          36.171727
        ]
      },
      "properties": {
        "house_number": "1259",
        "street_name": "POCAHONTAS",
        "occupant_name": "Curly Damzy",
        "occupant_description": "",
        "race_designation": "(c)",
        "is_rear": "False",
        "canvas_fragment": "https://digitalcollections.tulsalibrary.org/iiif/2/p15020coll12:2857/manifest.json/canvas/349#xywh=181,859,134,21",
        "norm_addr": "1259 Iroquois Ave, Tulsa, OK"
      }
    },
    {
      "type": "Feature",
      "geometry": {
        "type": "Point",
        "coordinates": [
          -95.9830852,
          36.171727
        ]
      },
      "properties": {
        "house_number": "1263",
        "street_name": "POCAHONTAS",
        "occupant_name": "Eugene Kirsh",
        "occupant_description": "",
        "race_designation": "(c)",
        "is_rear": "False",
        "canvas_fragment": "https://digitalcollections.tulsalibrary.org/iiif/2/p15020coll12:2857/manifest.json/canvas/349#xywh=181,875,115,25",
        "norm_addr": "1263 Iroquois Ave, Tulsa, OK"
      }
    },
    {
      "type": "Feature",
      "geometry": {
        "type": "Point",
        "coordinates": [
          -95.9830852,
          36.171727
        ]
      },
      "properties": {
        "house_number": "1269",
        "street_name": "POCAHONTAS",
        "occupant_name": "J M Sartin",
        "occupant_description": "",
        "race_designation": "(c)",
        "is_rear": "False",
        "canvas_fragment": "https://digitalcollections.tulsalibrary.org/iiif/2/p15020coll12:2857/manifest.json/canvas/349#xywh=181,894,95,21",
        "norm_addr": "1269 Iroquois Ave, Tulsa, OK"
      }
    },
    {
      "type": "Feature",
      "geometry": {
        "type": "Point",
        "coordinates": [
          -95.9830852,
          36.171727
        ]
      },
      "properties": {
        "house_number": "1270",
        "street_name": "POCAHONTAS",
        "occupant_name": "S E Smith",
        "occupant_description": "",
        "race_designation": "(c)",
        "is_rear": "False",
        "canvas_fragment": "https://digitalcollections.tulsalibrary.org/iiif/2/p15020coll12:2857/manifest.json/canvas/349#xywh=181,912,90,22",
        "norm_addr": "1270 Iroquois Ave, Tulsa, OK"
      }
    },
    {
      "type": "Feature",
      "geometry": {
        "type": "Point",
        "coordinates": [
          -95.9830852,
          36.171727
        ]
      },
      "properties": {
        "house_number": "1271",
        "street_name": "POCAHONTAS",
        "occupant_name": "Rev Moses Brewer",
        "occupant_description": "",
        "race_designation": "",
        "is_rear": "False",
        "canvas_fragment": "https://digitalcollections.tulsalibrary.org/iiif/2/p15020coll12:2857/manifest.json/canvas/349#xywh=181,930,121,20",
        "norm_addr": "1271 Iroquois Ave, Tulsa, OK"
      }
    },
    {
      "type": "Feature",
      "geometry": {
        "type": "Point",
        "coordinates": [
          -95.9830852,
          36.171727
        ]
      },
      "properties": {
        "house_number": "1304",
        "street_name": "POCAHONTAS",
        "occupant_name": "Fred McDonald",
        "occupant_description": "",
        "race_designation": "(c)",
        "is_rear": "False",
        "canvas_fragment": "https://digitalcollections.tulsalibrary.org/iiif/2/p15020coll12:2857/manifest.json/canvas/349#xywh=181,950,123,17",
        "norm_addr": "1304 Iroquois Ave, Tulsa, OK"
      }
    },
    {
      "type": "Feature",
      "geometry": {
        "type": "Point",
        "coordinates": [
          -95.9830852,
          36.171727
        ]
      },
      "properties": {
        "house_number": "1309",
        "street_name": "POCAHONTAS",
        "occupant_name": "James Ingram",
        "occupant_description": "",
        "race_designation": "(c)",
        "is_rear": "False",
        "canvas_fragment": "https://digitalcollections.tulsalibrary.org/iiif/2/p15020coll12:2857/manifest.json/canvas/349#xywh=181,965,118,21",
        "norm_addr": "1309 Iroquois Ave, Tulsa, OK"
      }
    },
    {
      "type": "Feature",
      "geometry": {
        "type": "Point",
        "coordinates": [
          -95.9830852,
          36.171727
        ]
      },
      "properties": {
        "house_number": "1321",
        "street_name": "POCAHONTAS",
        "occupant_name": "Rev Allen Wright",
        "occupant_description": "",
        "race_designation": "(c)",
        "is_rear": "False",
        "canvas_fragment": "https://digitalcollections.tulsalibrary.org/iiif/2/p15020coll12:2857/manifest.json/canvas/349#xywh=180,978,141,22",
        "norm_addr": "1321 Iroquois Ave, Tulsa, OK"
      }
    },
    {
      "type": "Feature",
      "geometry": {
        "type": "Point",
        "coordinates": [
          -95.9830852,
          36.171727
        ]
      },
      "properties": {
        "house_number": "1323",
        "street_name": "POCAHONTAS",
        "occupant_name": "D L Lacy",
        "occupant_description": "",
        "race_designation": "(c)",
        "is_rear": "False",
        "canvas_fragment": "https://digitalcollections.tulsalibrary.org/iiif/2/p15020coll12:2857/manifest.json/canvas/349#xywh=180,1000,141,22",
        "norm_addr": "1323 Iroquois Ave, Tulsa, OK"
      }
    },
    {
      "type": "Feature",
      "geometry": {
        "type": "Point",
        "coordinates": [
          -95.9830852,
          36.171727
        ]
      },
      "properties": {
        "house_number": "1326",
        "street_name": "POCAHONTAS",
        "occupant_name": "Henry Jeffery",
        "occupant_description": "",
        "race_designation": "(c)",
        "is_rear": "False",
        "canvas_fragment": "https://digitalcollections.tulsalibrary.org/iiif/2/p15020coll12:2857/manifest.json/canvas/349#xywh=180,1022,141,20",
        "norm_addr": "1326 Iroquois Ave, Tulsa, OK"
      }
    },
    {
      "type": "Feature",
      "geometry": {
        "type": "Point",
        "coordinates": [
          -95.9830852,
          36.171727
        ]
      },
      "properties": {
        "house_number": "1329",
        "street_name": "POCAHONTAS",
        "occupant_name": "Joseph Ross",
        "occupant_description": "",
        "race_designation": "(c)",
        "is_rear": "False",
        "canvas_fragment": "https://digitalcollections.tulsalibrary.org/iiif/2/p15020coll12:2857/manifest.json/canvas/349#xywh=180,1042,141,22",
        "norm_addr": "1329 Iroquois Ave, Tulsa, OK"
      }
    },
    {
      "type": "Feature",
      "geometry": {
        "type": "Point",
        "coordinates": [
          -95.9830852,
          36.171727
        ]
      },
      "properties": {
        "house_number": "1333",
        "street_name": "POCAHONTAS",
        "occupant_name": "Monroe Wiley",
        "occupant_description": "grocer",
        "race_designation": "(c)",
        "is_rear": "False",
        "canvas_fragment": "https://digitalcollections.tulsalibrary.org/iiif/2/p15020coll12:2857/manifest.json/canvas/349#xywh=180,1053,159,20",
        "norm_addr": "1333 Iroquois Ave, Tulsa, OK"
      }
    },
    {
      "type": "Feature",
      "geometry": {
        "type": "Point",
        "coordinates": [
          -95.9830852,
          36.171727
        ]
      },
      "properties": {
        "house_number": "1339",
        "street_name": "POCAHONTAS",
        "occupant_name": "Joseph Ard",
        "occupant_description": "",
        "race_designation": "(c)",
        "is_rear": "False",
        "canvas_fragment": "https://digitalcollections.tulsalibrary.org/iiif/2/p15020coll12:2857/manifest.json/canvas/349#xywh=180,1073,159,20",
        "norm_addr": "1339 Iroquois Ave, Tulsa, OK"
      }
    },
    {
      "type": "Feature",
      "geometry": {
        "type": "Point",
        "coordinates": [
          -95.9830852,
          36.171727
        ]
      },
      "properties": {
        "house_number": "1339",
        "street_name": "POCAHONTAS",
        "occupant_name": "Robert Moreno",
        "occupant_description": "",
        "race_designation": "(c)",
        "is_rear": "False",
        "canvas_fragment": "https://digitalcollections.tulsalibrary.org/iiif/2/p15020coll12:2857/manifest.json/canvas/349#xywh=180,1093,159,20",
        "norm_addr": "1339 Iroquois Ave, Tulsa, OK"
      }
    },
    {
      "type": "Feature",
      "geometry": {
        "type": "Point",
        "coordinates": [
          -95.9890127,
          36.1679717
        ]
      },
      "properties": {
        "house_number": "811",
        "street_name": "RUTH AV-NORTH",
        "occupant_name": "M B Taylor",
        "occupant_description": "",
        "race_designation": "(c)",
        "is_rear": "False",
        "canvas_fragment": "https://digitalcollections.tulsalibrary.org/iiif/2/p15020coll12:2857/manifest.json/canvas/353#xywh=180,1010,144,21",
        "norm_addr": "811 N Frankfort Ave, Tulsa, OK"
      }
    },
    {
      "type": "Feature",
      "geometry": {
        "type": "Point",
        "coordinates": [
          -95.9890186,
          36.1681439
        ]
      },
      "properties": {
        "house_number": "903",
        "street_name": "RUTH AV-NORTH",
        "occupant_name": "Mrs Cora B Jones",
        "occupant_description": "",
        "race_designation": "(c)",
        "is_rear": "False",
        "canvas_fragment": "https://digitalcollections.tulsalibrary.org/iiif/2/p15020coll12:2857/manifest.json/canvas/353#xywh=180,1031,144,23",
        "norm_addr": "903 N Frankfort Ave, Tulsa, OK"
      }
    },
    {
      "type": "Feature",
      "geometry": {
        "type": "Point",
        "coordinates": [
          -95.9890188,
          36.1681477
        ]
      },
      "properties": {
        "house_number": "904",
        "street_name": "RUTH AV-NORTH",
        "occupant_name": "Mrs Mattie Johnson",
        "occupant_description": "",
        "race_designation": "(c)",
        "is_rear": "False",
        "canvas_fragment": "https://digitalcollections.tulsalibrary.org/iiif/2/p15020coll12:2857/manifest.json/canvas/353#xywh=177,1056,170,27",
        "norm_addr": "904 N Frankfort Ave, Tulsa, OK"
      }
    },
    {
      "type": "Feature",
      "geometry": {
        "type": "Point",
        "coordinates": [
          -95.9890189,
          36.1681514
        ]
      },
      "properties": {
        "house_number": "906",
        "street_name": "RUTH AV-NORTH",
        "occupant_name": "Church of God",
        "occupant_description": "",
        "race_designation": "(c)",
        "is_rear": "False",
        "canvas_fragment": "https://digitalcollections.tulsalibrary.org/iiif/2/p15020coll12:2857/manifest.json/canvas/353#xywh=177,1083,170,29",
        "norm_addr": "906 N Frankfort Ave, Tulsa, OK"
      }
    },
    {
      "type": "Feature",
      "geometry": {
        "type": "Point",
        "coordinates": [
          -95.9890189,
          36.1681514
        ]
      },
      "properties": {
        "house_number": "907",
        "street_name": "RUTH AV-NORTH",
        "occupant_name": "Robert Jackson",
        "occupant_description": "",
        "race_designation": "(c)",
        "is_rear": "False",
        "canvas_fragment": "https://digitalcollections.tulsalibrary.org/iiif/2/p15020coll12:2857/manifest.json/canvas/353#xywh=177,1112,170,27",
        "norm_addr": "907 N Frankfort Ave, Tulsa, OK"
      }
    },
    {
      "type": "Feature",
      "geometry": {
        "type": "Point",
        "coordinates": [
          -95.989019,
          36.1681551
        ]
      },
      "properties": {
        "house_number": "908",
        "street_name": "RUTH AV-NORTH",
        "occupant_name": "W S Bartley",
        "occupant_description": "",
        "race_designation": "(c)",
        "is_rear": "False",
        "canvas_fragment": "https://digitalcollections.tulsalibrary.org/iiif/2/p15020coll12:2857/manifest.json/canvas/353#xywh=177,1139,170,28",
        "norm_addr": "908 N Frankfort Ave, Tulsa, OK"
      }
    },
    {
      "type": "Feature",
      "geometry": {
        "type": "Point",
        "coordinates": [
          -95.9890192,
          36.1681589
        ]
      },
      "properties": {
        "house_number": "910",
        "street_name": "RUTH AV-NORTH",
        "occupant_name": "Mrs Georgia A Rector",
        "occupant_description": "",
        "race_designation": "(c)",
        "is_rear": "False",
        "canvas_fragment": "https://digitalcollections.tulsalibrary.org/iiif/2/p15020coll12:2857/manifest.json/canvas/353#xywh=177,1167,170,27",
        "norm_addr": "910 N Frankfort Ave, Tulsa, OK"
      }
    },
    {
      "type": "Feature",
      "geometry": {
        "type": "Point",
        "coordinates": [
          -95.9890194,
          36.1681664
        ]
      },
      "properties": {
        "house_number": "914",
        "street_name": "RUTH AV-NORTH",
        "occupant_name": "Henry White",
        "occupant_description": "",
        "race_designation": "(c)",
        "is_rear": "False",
        "canvas_fragment": "https://digitalcollections.tulsalibrary.org/iiif/2/p15020coll12:2857/manifest.json/canvas/353#xywh=177,1194,170,28",
        "norm_addr": "914 N Frankfort Ave, Tulsa, OK"
      }
    },
    {
      "type": "Feature",
      "geometry": {
        "type": "Point",
        "coordinates": [
          -95.9890194,
          36.1681664
        ]
      },
      "properties": {
        "house_number": "915",
        "street_name": "RUTH AV-NORTH",
        "occupant_name": "Samuel Whiteside",
        "occupant_description": "",
        "race_designation": "(c)",
        "is_rear": "False",
        "canvas_fragment": "https://digitalcollections.tulsalibrary.org/iiif/2/p15020coll12:2857/manifest.json/canvas/353#xywh=177,1222,170,27",
        "norm_addr": "915 N Frankfort Ave, Tulsa, OK"
      }
    },
    {
      "type": "Feature",
      "geometry": {
        "type": "Point",
        "coordinates": [
          -95.9890197,
          36.1681739
        ]
      },
      "properties": {
        "house_number": "918",
        "street_name": "RUTH AV-NORTH",
        "occupant_name": "C H Wilson",
        "occupant_description": "grocer",
        "race_designation": "(c)",
        "is_rear": "False",
        "canvas_fragment": "https://digitalcollections.tulsalibrary.org/iiif/2/p15020coll12:2857/manifest.json/canvas/353#xywh=177,1249,170,28",
        "norm_addr": "918 N Frankfort Ave, Tulsa, OK"
      }
    },
    {
      "type": "Feature",
      "geometry": {
        "type": "Point",
        "coordinates": [
          -95.9874649,
          36.1690187
        ]
      },
      "properties": {
        "house_number": "536",
        "street_name": "WILLIAMS",
        "occupant_name": "Vann Dozier",
        "occupant_description": "",
        "race_designation": "(c)",
        "is_rear": "False",
        "canvas_fragment": "https://digitalcollections.tulsalibrary.org/iiif/2/p15020coll12:2857/manifest.json/canvas/366#xywh=961,256,110,21",
        "norm_addr": "536 E Latimer St, Tulsa, OK"
      }
    },
    {
      "type": "Feature",
      "geometry": {
        "type": "Point",
        "coordinates": [
          -95.9872783,
          36.1690117
        ]
      },
      "properties": {
        "house_number": "540",
        "street_name": "WILLIAMS",
        "occupant_name": "A R Harris",
        "occupant_description": "",
        "race_designation": "(c)",
        "is_rear": "False",
        "canvas_fragment": "https://digitalcollections.tulsalibrary.org/iiif/2/p15020coll12:2857/manifest.json/canvas/366#xywh=958,311,223,22",
        "norm_addr": "540 E Latimer St, Tulsa, OK"
      }
    },
    {
      "type": "Feature",
      "geometry": {
        "type": "Point",
        "coordinates": [
          -95.9871659,
          36.1690207
        ]
      },
      "properties": {
        "house_number": "542",
        "street_name": "WILLIAMS",
        "occupant_name": "Frank Graham",
        "occupant_description": "",
        "race_designation": "(c)",
        "is_rear": "False",
        "canvas_fragment": "https://digitalcollections.tulsalibrary.org/iiif/2/p15020coll12:2857/manifest.json/canvas/366#xywh=958,321,181,18",
        "norm_addr": "542 E Latimer St, Tulsa, OK"
      }
    },
    {
      "type": "Feature",
      "geometry": {
        "type": "Point",
        "coordinates": [
          -95.9867673,
          36.1692524
        ]
      },
      "properties": {
        "house_number": "606",
        "street_name": "WILLIAMS",
        "occupant_name": "Victor Hodge",
        "occupant_description": "",
        "race_designation": "(c)",
        "is_rear": "False",
        "canvas_fragment": "https://digitalcollections.tulsalibrary.org/iiif/2/p15020coll12:2857/manifest.json/canvas/366#xywh=958,339,181,17",
        "norm_addr": "606 E Latimer St, Tulsa, OK"
      }
    },
    {
      "type": "Feature",
      "geometry": {
        "type": "Point",
        "coordinates": [
          -95.9867492,
          36.1692524
        ]
      },
      "properties": {
        "house_number": "610",
        "street_name": "WILLIAMS",
        "occupant_name": "Jesse Erskin",
        "occupant_description": "",
        "race_designation": "(c)",
        "is_rear": "False",
        "canvas_fragment": "https://digitalcollections.tulsalibrary.org/iiif/2/p15020coll12:2857/manifest.json/canvas/366#xywh=958,356,181,18",
        "norm_addr": "610 E Latimer St, Tulsa, OK"
      }
    },
    {
      "type": "Feature",
      "geometry": {
        "type": "Point",
        "coordinates": [
          -95.986722,
          36.1692525
        ]
      },
      "properties": {
        "house_number": "617",
        "street_name": "WILLIAMS",
        "occupant_name": "Mozzell Johnson",
        "occupant_description": "",
        "race_designation": "(c)",
        "is_rear": "False",
        "canvas_fragment": "https://digitalcollections.tulsalibrary.org/iiif/2/p15020coll12:2857/manifest.json/canvas/366#xywh=957,376,220,23",
        "norm_addr": "617 E Latimer St, Tulsa, OK"
      }
    },
    {
      "type": "Feature",
      "geometry": {
        "type": "Point",
        "coordinates": [
          -95.986722,
          36.1692525
        ]
      },
      "properties": {
        "house_number": "617",
        "street_name": "WILLIAMS",
        "occupant_name": "Daniel Clark",
        "occupant_description": "",
        "race_designation": "(c)",
        "is_rear": "False",
        "canvas_fragment": "https://digitalcollections.tulsalibrary.org/iiif/2/p15020coll12:2857/manifest.json/canvas/366#xywh=957,399,220,23",
        "norm_addr": "617 E Latimer St, Tulsa, OK"
      }
    },
    {
      "type": "Feature",
      "geometry": {
        "type": "Point",
        "coordinates": [
          -95.986713,
          36.1692525
        ]
      },
      "properties": {
        "house_number": "619",
        "street_name": "WILLIAMS",
        "occupant_name": "George Carr",
        "occupant_description": "",
        "race_designation": "(c)",
        "is_rear": "False",
        "canvas_fragment": "https://digitalcollections.tulsalibrary.org/iiif/2/p15020coll12:2857/manifest.json/canvas/366#xywh=957,422,220,23",
        "norm_addr": "619 E Latimer St, Tulsa, OK"
      }
    },
    {
      "type": "Feature",
      "geometry": {
        "type": "Point",
        "coordinates": [
          -95.9867039,
          36.1692526
        ]
      },
      "properties": {
        "house_number": "621",
        "street_name": "WILLIAMS",
        "occupant_name": "A J Newman",
        "occupant_description": "",
        "race_designation": "(c)",
        "is_rear": "False",
        "canvas_fragment": "https://digitalcollections.tulsalibrary.org/iiif/2/p15020coll12:2857/manifest.json/canvas/366#xywh=957,445,220,23",
        "norm_addr": "621 E Latimer St, Tulsa, OK"
      }
    },
    {
      "type": "Feature",
      "geometry": {
        "type": "Point",
        "coordinates": [
          -95.9866858,
          36.1692526
        ]
      },
      "properties": {
        "house_number": "625",
        "street_name": "WILLIAMS",
        "occupant_name": "Jesse James",
        "occupant_description": "",
        "race_designation": "(c)",
        "is_rear": "False",
        "canvas_fragment": "https://digitalcollections.tulsalibrary.org/iiif/2/p15020coll12:2857/manifest.json/canvas/366#xywh=957,468,220,22",
        "norm_addr": "625 E Latimer St, Tulsa, OK"
      }
    },
    {
      "type": "Feature",
      "geometry": {
        "type": "Point",
        "coordinates": [
          -95.9866767,
          36.1692526
        ]
      },
      "properties": {
        "house_number": "627",
        "street_name": "WILLIAMS",
        "occupant_name": "Mrs Lucinda Davis",
        "occupant_description": "",
        "race_designation": "(c)",
        "is_rear": "False",
        "canvas_fragment": "https://digitalcollections.tulsalibrary.org/iiif/2/p15020coll12:2857/manifest.json/canvas/366#xywh=957,490,220,23",
        "norm_addr": "627 E Latimer St, Tulsa, OK"
      }
    },
    {
      "type": "Feature",
      "geometry": {
        "type": "Point",
        "coordinates": [
          -95.9866677,
          36.1692526
        ]
      },
      "properties": {
        "house_number": "628",
        "street_name": "WILLIAMS",
        "occupant_name": "Mrs Roberta Green",
        "occupant_description": "",
        "race_designation": "(c)",
        "is_rear": "False",
        "canvas_fragment": "https://digitalcollections.tulsalibrary.org/iiif/2/p15020coll12:2857/manifest.json/canvas/366#xywh=957,513,220,23",
        "norm_addr": "628 E Latimer St, Tulsa, OK"
      }
    },
    {
      "type": "Feature",
      "geometry": {
        "type": "Point",
        "coordinates": [
          -95.9866496,
          36.1692527
        ]
      },
      "properties": {
        "house_number": "632",
        "street_name": "WILLIAMS",
        "occupant_name": "Miles Smith",
        "occupant_description": "",
        "race_designation": "(c)",
        "is_rear": "False",
        "canvas_fragment": "https://digitalcollections.tulsalibrary.org/iiif/2/p15020coll12:2857/manifest.json/canvas/366#xywh=957,536,220,23",
        "norm_addr": "632 E Latimer St, Tulsa, OK"
      }
    },
    {
      "type": "Feature",
      "geometry": {
        "type": "Point",
        "coordinates": [
          -95.9866496,
          36.1692527
        ]
      },
      "properties": {
        "house_number": "632",
        "street_name": "WILLIAMS",
        "occupant_name": "Mrs Belle Dennis",
        "occupant_description": "",
        "race_designation": "(c)",
        "is_rear": "False",
        "canvas_fragment": "https://digitalcollections.tulsalibrary.org/iiif/2/p15020coll12:2857/manifest.json/canvas/366#xywh=957,559,220,24",
        "norm_addr": "632 E Latimer St, Tulsa, OK"
      }
    },
    {
      "type": "Feature",
      "geometry": {
        "type": "Point",
        "coordinates": [
          -95.9866134,
          36.1692528
        ]
      },
      "properties": {
        "house_number": "641",
        "street_name": "WILLIAMS",
        "occupant_name": "S V Hoparty",
        "occupant_description": "",
        "race_designation": "(c)",
        "is_rear": "False",
        "canvas_fragment": "https://digitalcollections.tulsalibrary.org/iiif/2/p15020coll12:2857/manifest.json/canvas/366#xywh=957,583,220,22",
        "norm_addr": "641 E Latimer St, Tulsa, OK"
      }
    },
    {
      "type": "Feature",
      "geometry": {
        "type": "Point",
        "coordinates": [
          -95.9866043,
          36.1692528
        ]
      },
      "properties": {
        "house_number": "643",
        "street_name": "WILLIAMS",
        "occupant_name": "James Hawthorne",
        "occupant_description": "",
        "race_designation": "(c)",
        "is_rear": "False",
        "canvas_fragment": "https://digitalcollections.tulsalibrary.org/iiif/2/p15020coll12:2857/manifest.json/canvas/366#xywh=957,605,220,23",
        "norm_addr": "643 E Latimer St, Tulsa, OK"
      }
    },
    {
      "type": "Feature",
      "geometry": {
        "type": "Point",
        "coordinates": [
          -95.9865952,
          36.1692528
        ]
      },
      "properties": {
        "house_number": "645",
        "street_name": "WILLIAMS",
        "occupant_name": "Mrs Anna Williams",
        "occupant_description": "",
        "race_designation": "(c)",
        "is_rear": "False",
        "canvas_fragment": "https://digitalcollections.tulsalibrary.org/iiif/2/p15020coll12:2857/manifest.json/canvas/366#xywh=972,608,21,19",
        "norm_addr": "645 E Latimer St, Tulsa, OK"
      }
    },
    {
      "type": "Feature",
      "geometry": {
        "type": "Point",
        "coordinates": [
          -95.9865771,
          36.1692529
        ]
      },
      "properties": {
        "house_number": "649",
        "street_name": "WILLIAMS",
        "occupant_name": "Harison Vaskin",
        "occupant_description": "",
        "race_designation": "(c)",
        "is_rear": "False",
        "canvas_fragment": "https://digitalcollections.tulsalibrary.org/iiif/2/p15020coll12:2857/manifest.json/canvas/366#xywh=960,621,129,21",
        "norm_addr": "649 E Latimer St, Tulsa, OK"
      }
    },
    {
      "type": "Feature",
      "geometry": {
        "type": "Point",
        "coordinates": [
          -95.9865681,
          36.1692529
        ]
      },
      "properties": {
        "house_number": "651",
        "street_name": "WILLIAMS",
        "occupant_name": "Sampson Sutherland",
        "occupant_description": "plumber",
        "race_designation": "(c)",
        "is_rear": "False",
        "canvas_fragment": "https://digitalcollections.tulsalibrary.org/iiif/2/p15020coll12:2857/manifest.json/canvas/366#xywh=1168,636,46,127",
        "norm_addr": "651 E Latimer St, Tulsa, OK"
      }
    },
    {
      "type": "Feature",
      "geometry": {
        "type": "Point",
        "coordinates": [
          -95.9865318,
          36.169253
        ]
      },
      "properties": {
        "house_number": "659",
        "street_name": "WILLIAMS",
        "occupant_name": "Henry Medlock",
        "occupant_description": "",
        "race_designation": "(c)",
        "is_rear": "False",
        "canvas_fragment": "https://digitalcollections.tulsalibrary.org/iiif/2/p15020coll12:2857/manifest.json/canvas/366#xywh=960,642,129,20",
        "norm_addr": "659 E Latimer St, Tulsa, OK"
      }
    },
    {
      "type": "Feature",
      "geometry": {
        "type": "Point",
        "coordinates": [
          -95.9865318,
          36.169253
        ]
      },
      "properties": {
        "house_number": "659",
        "street_name": "WILLIAMS",
        "occupant_name": "Mrs Etta Jones",
        "occupant_description": "",
        "race_designation": "(c)",
        "is_rear": "False",
        "canvas_fragment": "https://digitalcollections.tulsalibrary.org/iiif/2/p15020coll12:2857/manifest.json/canvas/366#xywh=920,642,25,17",
        "norm_addr": "659 E Latimer St, Tulsa, OK"
      }
    },
    {
      "type": "Feature",
      "geometry": {
        "type": "Point",
        "coordinates": [
          -95.9863507,
          36.1692535
        ]
      },
      "properties": {
        "house_number": "701",
        "street_name": "WILLIAMS",
        "occupant_name": "Jesse Hicks",
        "occupant_description": "",
        "race_designation": "(c)",
        "is_rear": "False",
        "canvas_fragment": "https://digitalcollections.tulsalibrary.org/iiif/2/p15020coll12:2857/manifest.json/canvas/366#xywh=960,654,193,21",
        "norm_addr": "701 E Latimer St, Tulsa, OK"
      }
    },
    {
      "type": "Feature",
      "geometry": {
        "type": "Point",
        "coordinates": [
          -95.9863507,
          36.1692535
        ]
      },
      "properties": {
        "house_number": "951",
        "street_name": "WILLIAMS",
        "occupant_name": "Daniel Williams",
        "occupant_description": "grocer",
        "race_designation": "(c)",
        "is_rear": "False",
        "canvas_fragment": "https://digitalcollections.tulsalibrary.org/iiif/2/p15020coll12:2857/manifest.json/canvas/366#xywh=960,675,193,22",
        "norm_addr": "951 E Latimer St, Tulsa, OK"
      }
    },
    {
      "type": "Feature",
      "geometry": {
        "type": "Point",
        "coordinates": [
          -95.9866858,
          36.1692526
        ]
      },
      "properties": {
        "house_number": "625",
        "street_name": "WILLIAMS—EAST",
        "occupant_name": "Mrs Georgia James",
        "occupant_description": "",
        "race_designation": "(c)",
        "is_rear": "False",
        "canvas_fragment": "https://digitalcollections.tulsalibrary.org/iiif/2/p15020coll12:2857/manifest.json/canvas/366#xywh=959,707,203,21",
        "norm_addr": "625 E Latimer St, Tulsa, OK"
      }
    },
    {
      "type": "Feature",
      "geometry": {
        "type": "Point",
        "coordinates": [
          -95.9863507,
          36.1692535
        ]
      },
      "properties": {
        "house_number": "706",
        "street_name": "WILLIAMS—EAST",
        "occupant_name": "May Campbell",
        "occupant_description": "",
        "race_designation": "(c)",
        "is_rear": "False",
        "canvas_fragment": "https://digitalcollections.tulsalibrary.org/iiif/2/p15020coll12:2857/manifest.json/canvas/366#xywh=961,754,141,17",
        "norm_addr": "706 E Latimer St, Tulsa, OK"
      }
    },
    {
      "type": "Feature",
      "geometry": {
        "type": "Point",
        "coordinates": [
          -95.9863507,
          36.1692535
        ]
      },
      "properties": {
        "house_number": "708",
        "street_name": "WILLIAMS—EAST",
        "occupant_name": "Samuel Davis",
        "occupant_description": "",
        "race_designation": "(c)",
        "is_rear": "False",
        "canvas_fragment": "https://digitalcollections.tulsalibrary.org/iiif/2/p15020coll12:2857/manifest.json/canvas/366#xywh=961,770,131,18",
        "norm_addr": "708 E Latimer St, Tulsa, OK"
      }
    },
    {
      "type": "Feature",
      "geometry": {
        "type": "Point",
        "coordinates": [
          -95.9863507,
          36.1692535
        ]
      },
      "properties": {
        "house_number": "712",
        "street_name": "WILLIAMS—EAST",
        "occupant_name": "J N Taylor",
        "occupant_description": "",
        "race_designation": "(c)",
        "is_rear": "False",
        "canvas_fragment": "https://digitalcollections.tulsalibrary.org/iiif/2/p15020coll12:2857/manifest.json/canvas/366#xywh=960,781,135,20",
        "norm_addr": "712 E Latimer St, Tulsa, OK"
      }
    },
    {
      "type": "Feature",
      "geometry": {
        "type": "Point",
        "coordinates": [
          -95.9863507,
          36.1692535
        ]
      },
      "properties": {
        "house_number": "718",
        "street_name": "WILLIAMS—EAST",
        "occupant_name": "John C Dean",
        "occupant_description": "",
        "race_designation": "(c)",
        "is_rear": "False",
        "canvas_fragment": "https://digitalcollections.tulsalibrary.org/iiif/2/p15020coll12:2857/manifest.json/canvas/366#xywh=960,801,135,20",
        "norm_addr": "718 E Latimer St, Tulsa, OK"
      }
    },
    {
      "type": "Feature",
      "geometry": {
        "type": "Point",
        "coordinates": [
          -95.9863507,
          36.1692535
        ]
      },
      "properties": {
        "house_number": "723",
        "street_name": "WILLIAMS—EAST",
        "occupant_name": "Ernest Nealey",
        "occupant_description": "",
        "race_designation": "(c)",
        "is_rear": "False",
        "canvas_fragment": "https://digitalcollections.tulsalibrary.org/iiif/2/p15020coll12:2857/manifest.json/canvas/366#xywh=960,821,135,19",
        "norm_addr": "723 E Latimer St, Tulsa, OK"
      }
    },
    {
      "type": "Feature",
      "geometry": {
        "type": "Point",
        "coordinates": [
          -95.9863507,
          36.1692535
        ]
      },
      "properties": {
        "house_number": "726",
        "street_name": "WILLIAMS—EAST",
        "occupant_name": "John Dean",
        "occupant_description": "",
        "race_designation": "(c)",
        "is_rear": "False",
        "canvas_fragment": "https://digitalcollections.tulsalibrary.org/iiif/2/p15020coll12:2857/manifest.json/canvas/366#xywh=960,840,135,20",
        "norm_addr": "726 E Latimer St, Tulsa, OK"
      }
    },
    {
      "type": "Feature",
      "geometry": {
        "type": "Point",
        "coordinates": [
          -95.9863507,
          36.1692535
        ]
      },
      "properties": {
        "house_number": "737",
        "street_name": "WILLIAMS—EAST",
        "occupant_name": "Thomas Johnson",
        "occupant_description": "",
        "race_designation": "(c)",
        "is_rear": "False",
        "canvas_fragment": "https://digitalcollections.tulsalibrary.org/iiif/2/p15020coll12:2857/manifest.json/canvas/366#xywh=960,849,138,21",
        "norm_addr": "737 E Latimer St, Tulsa, OK"
      }
    },
    {
      "type": "Feature",
      "geometry": {
        "type": "Point",
        "coordinates": [
          -95.9863507,
          36.1692535
        ]
      },
      "properties": {
        "house_number": "741",
        "street_name": "WILLIAMS—EAST",
        "occupant_name": "Albert Slaughter",
        "occupant_description": "",
        "race_designation": "(c)",
        "is_rear": "False",
        "canvas_fragment": "https://digitalcollections.tulsalibrary.org/iiif/2/p15020coll12:2857/manifest.json/canvas/366#xywh=960,870,138,22",
        "norm_addr": "741 E Latimer St, Tulsa, OK"
      }
    },
    {
      "type": "Feature",
      "geometry": {
        "type": "Point",
        "coordinates": [
          -95.9863507,
          36.1692535
        ]
      },
      "properties": {
        "house_number": "743",
        "street_name": "WILLIAMS—EAST",
        "occupant_name": "Sed Morrison",
        "occupant_description": "",
        "race_designation": "(c)",
        "is_rear": "False",
        "canvas_fragment": "https://digitalcollections.tulsalibrary.org/iiif/2/p15020coll12:2857/manifest.json/canvas/366#xywh=961,884,117,22",
        "norm_addr": "743 E Latimer St, Tulsa, OK"
      }
    },
    {
      "type": "Feature",
      "geometry": {
        "type": "Point",
        "coordinates": [
          -95.9863507,
          36.1692535
        ]
      },
      "properties": {
        "house_number": "819",
        "street_name": "WILLIAMS—EAST",
        "occupant_name": "Mrs Josie Jackson",
        "occupant_description": "",
        "race_designation": "",
        "is_rear": "False",
        "canvas_fragment": "https://digitalcollections.tulsalibrary.org/iiif/2/p15020coll12:2857/manifest.json/canvas/366#xywh=960,904,120,16",
        "norm_addr": "819 E Latimer St, Tulsa, OK"
      }
    },
    {
      "type": "Feature",
      "geometry": {
        "type": "Point",
        "coordinates": [
          -95.9863507,
          36.1692535
        ]
      },
      "properties": {
        "house_number": "822",
        "street_name": "WILLIAMS—EAST",
        "occupant_name": "Shakespeare Johnson",
        "occupant_description": "",
        "race_designation": "(c)",
        "is_rear": "False",
        "canvas_fragment": "https://digitalcollections.tulsalibrary.org/iiif/2/p15020coll12:2857/manifest.json/canvas/366#xywh=960,921,195,17",
        "norm_addr": "822 E Latimer St, Tulsa, OK"
      }
    }
  ]
}