{
  "type": "FeatureCollection",
  "features": [
    {
      "type": "Feature",
      "geometry": {
        "type": "Point",
        "coordinates": [
          -95.9923338,
          36.1637218
        ]
      },
      "properties": {
        "name": "Abbott Harry",
        "address": "r 627 N Detroit av",
        "occupation_role": "printer",
        "employer": "",
        "spouse_name": "Marguerite",
        "alphabetical_range": "ACM",
        "canvas_fragment": "https://digitalcollections.tulsalibrary.org/iiif/2/p15020coll12:2857/manifest.json/canvas/14#xywh=129,1011,247,21"
      }
    },
    {
      "type": "Feature",
      "geometry": {
        "type": "Point",
        "coordinates": [
          -95.9920582,
          36.1631932
        ]
      },
      "properties": {
        "name": "Abbott Marguerite",
        "address": "rms 553 N Detroit",
        "occupation_role": "tchr",
        "employer": "Booker T Washn School",
        "spouse_name": "",
        "alphabetical_range": "ACM",
        "canvas_fragment": "https://digitalcollections.tulsalibrary.org/iiif/2/p15020coll12:2857/manifest.json/canvas/14#xywh=130,1277,246,19"
      }
    },
    {
      "type": "Feature",
      "geometry": {
        "type": "Point",
        "coordinates": [
          -95.986599,
          36.1621546
        ]
      },
      "properties": {
        "name": "Adair Carlton",
        "address": "r 406 N Greenwood av",
        "occupation_role": "elev opr",
        "employer": "Ryan & Pattillo",
        "spouse_name": "",
        "alphabetical_range": "ADA",
        "canvas_fragment": "https://digitalcollections.tulsalibrary.org/iiif/2/p15020coll12:2857/manifest.json/canvas/14#xywh=668,1042,247,19"
      }
    },
    {
      "type": "Feature",
      "geometry": {
        "type": "Point",
        "coordinates": [
          -95.9912966,
          36.1619508
        ]
      },
      "properties": {
        "name": "Adams Mrs Hattie J",
        "address": "r 413 N Detroit av",
        "occupation_role": "",
        "employer": "",
        "spouse_name": "",
        "alphabetical_range": "ADE",
        "canvas_fragment": "https://digitalcollections.tulsalibrary.org/iiif/2/p15020coll12:2857/manifest.json/canvas/15#xywh=121,598,221,35"
      }
    },
    {
      "type": "Feature",
      "geometry": {
        "type": "Point",
        "coordinates": [
          -95.9863822,
          36.1633047
        ]
      },
      "properties": {
        "name": "Adams John",
        "address": "r 623 N Greenwood av",
        "occupation_role": "lab",
        "employer": "",
        "spouse_name": "",
        "alphabetical_range": "ADE",
        "canvas_fragment": "https://digitalcollections.tulsalibrary.org/iiif/2/p15020coll12:2857/manifest.json/canvas/15#xywh=392,998,137,19"
      }
    },
    {
      "type": "Feature",
      "geometry": {
        "type": "Point",
        "coordinates": [
          -95.9899631,
          36.1629136
        ]
      },
      "properties": {
        "name": "Adams Leona",
        "address": "rms 420 E Easton",
        "occupation_role": "maid",
        "employer": "",
        "spouse_name": "",
        "alphabetical_range": "ADE",
        "canvas_fragment": "https://digitalcollections.tulsalibrary.org/iiif/2/p15020coll12:2857/manifest.json/canvas/15#xywh=126,1138,247,35"
      }
    },
    {
      "type": "Feature",
      "geometry": {
        "type": "Point",
        "coordinates": [
          -95.9912966,
          36.1619508
        ]
      },
      "properties": {
        "name": "Adams Mary A",
        "address": "b 413 N Detroit av",
        "occupation_role": "",
        "employer": "",
        "spouse_name": "",
        "alphabetical_range": "ADE",
        "canvas_fragment": "https://digitalcollections.tulsalibrary.org/iiif/2/p15020coll12:2857/manifest.json/canvas/15#xywh=128,1378,247,29"
      }
    },
    {
      "type": "Feature",
      "geometry": {
        "type": "Point",
        "coordinates": [
          -95.9880498,
          36.1683269
        ]
      },
      "properties": {
        "name": "Akins Mrs Anna",
        "address": "r 521 Bryant",
        "occupation_role": "",
        "employer": "",
        "spouse_name": "",
        "alphabetical_range": "AKI",
        "canvas_fragment": "https://digitalcollections.tulsalibrary.org/iiif/2/p15020coll12:2857/manifest.json/canvas/16#xywh=133,467,245,40"
      }
    },
    {
      "type": "Feature",
      "geometry": {
        "type": "Point",
        "coordinates": [
          -95.985258,
          36.1601752
        ]
      },
      "properties": {
        "name": "Aldridge Sylvia",
        "address": "rms 619 E Archer",
        "occupation_role": "lab",
        "employer": "",
        "spouse_name": "",
        "alphabetical_range": "ALE",
        "canvas_fragment": "https://digitalcollections.tulsalibrary.org/iiif/2/p15020coll12:2857/manifest.json/canvas/16#xywh=390,767,250,35"
      }
    },
    {
      "type": "Feature",
      "geometry": {
        "type": "Point",
        "coordinates": [
          -95.9905294,
          36.1629505
        ]
      },
      "properties": {
        "name": "Alexander Ezra",
        "address": "rms 527 N Elgin",
        "occupation_role": "janitor",
        "employer": "S W Bell Tel Co",
        "spouse_name": "Clara",
        "alphabetical_range": "ALE",
        "canvas_fragment": "https://digitalcollections.tulsalibrary.org/iiif/2/p15020coll12:2857/manifest.json/canvas/16#xywh=400,1475,250,28"
      }
    },
    {
      "type": "Feature",
      "geometry": {
        "type": "Point",
        "coordinates": [
          -95.986799,
          36.1692523
        ]
      },
      "properties": {
        "name": "Alexander Hotel (c)",
        "address": "129 1/2 N Greenwood av",
        "occupation_role": "Alexander Carr (c), propr",
        "employer": "",
        "spouse_name": "",
        "alphabetical_range": "ALE",
        "canvas_fragment": "https://digitalcollections.tulsalibrary.org/iiif/2/p15020coll12:2857/manifest.json/canvas/16#xywh=672,159,167,19"
      }
    },
    {
      "type": "Feature",
      "geometry": {
        "type": "Point",
        "coordinates": [
          -95.9864934,
          36.1602651
        ]
      },
      "properties": {
        "name": "Alexander John",
        "address": "rms 122 N Greenwood av",
        "occupation_role": "lab",
        "employer": "",
        "spouse_name": "Ida",
        "alphabetical_range": "ALE",
        "canvas_fragment": "https://digitalcollections.tulsalibrary.org/iiif/2/p15020coll12:2857/manifest.json/canvas/16#xywh=682,366,142,21"
      }
    },
    {
      "type": "Feature",
      "geometry": {
        "type": "Point",
        "coordinates": [
          -95.9860129,
          36.1601811
        ]
      },
      "properties": {
        "name": "Alexander Joseph",
        "address": "rms 121 N Greenwood av",
        "occupation_role": "lab",
        "employer": "",
        "spouse_name": "",
        "alphabetical_range": "ALE",
        "canvas_fragment": "https://digitalcollections.tulsalibrary.org/iiif/2/p15020coll12:2857/manifest.json/canvas/16#xywh=671,508,250,20"
      }
    },
    {
      "type": "Feature",
      "geometry": {
        "type": "Point",
        "coordinates": [
          -95.9905217,
          36.1629358
        ]
      },
      "properties": {
        "name": "Alexander Samuel A",
        "address": "rms 525 N Elgin av",
        "occupation_role": "barber",
        "employer": "C L Netherland",
        "spouse_name": "",
        "alphabetical_range": "ALE",
        "canvas_fragment": "https://digitalcollections.tulsalibrary.org/iiif/2/p15020coll12:2857/manifest.json/canvas/16#xywh=666,1097,251,23"
      }
    },
    {
      "type": "Feature",
      "geometry": {
        "type": "Point",
        "coordinates": [
          -95.989612,
          36.1585682
        ]
      },
      "properties": {
        "name": "Allen Eva",
        "address": "r 101 N Detroit av",
        "occupation_role": "",
        "employer": "",
        "spouse_name": "",
        "alphabetical_range": "ALL",
        "canvas_fragment": "https://digitalcollections.tulsalibrary.org/iiif/2/p15020coll12:2857/manifest.json/canvas/17#xywh=117,934,242,21"
      }
    },
    {
      "type": "Feature",
      "geometry": {
        "type": "Point",
        "coordinates": [
          -95.9864723,
          36.1658965
        ]
      },
      "properties": {
        "name": "Allen George",
        "address": "rms 619 E Independence",
        "occupation_role": "lab",
        "employer": "",
        "spouse_name": "",
        "alphabetical_range": "ALL",
        "canvas_fragment": "https://digitalcollections.tulsalibrary.org/iiif/2/p15020coll12:2857/manifest.json/canvas/17#xywh=117,1126,239,19"
      }
    },
    {
      "type": "Feature",
      "geometry": {
        "type": "Point",
        "coordinates": [
          -95.9902407,
          36.1623964
        ]
      },
      "properties": {
        "name": "Allen Rosie",
        "address": "rms 509 E Easton",
        "occupation_role": "maid",
        "employer": "",
        "spouse_name": "",
        "alphabetical_range": "ALL",
        "canvas_fragment": "https://digitalcollections.tulsalibrary.org/iiif/2/p15020coll12:2857/manifest.json/canvas/17#xywh=368,1458,240,18"
      }
    },
    {
      "type": "Feature",
      "geometry": {
        "type": "Point",
        "coordinates": [
          -95.9902407,
          36.1623964
        ]
      },
      "properties": {
        "name": "Allen Wm",
        "address": "rms 503 Easton",
        "occupation_role": "porter",
        "employer": "",
        "spouse_name": "",
        "alphabetical_range": "ALT",
        "canvas_fragment": "https://digitalcollections.tulsalibrary.org/iiif/2/p15020coll12:2857/manifest.json/canvas/17#xywh=698,482,134,27"
      }
    },
    {
      "type": "Feature",
      "geometry": {
        "type": "Point",
        "coordinates": [
          -95.9900548,
          36.1628797
        ]
      },
      "properties": {
        "name": "Allison Mary",
        "address": "rms 416 E Easton",
        "occupation_role": "",
        "employer": "",
        "spouse_name": "",
        "alphabetical_range": "ALT",
        "canvas_fragment": "https://digitalcollections.tulsalibrary.org/iiif/2/p15020coll12:2857/manifest.json/canvas/17#xywh=938,258,229,30"
      }
    },
    {
      "type": "Feature",
      "geometry": {
        "type": "Point",
        "coordinates": [
          -95.9873652,
          36.163123
        ]
      },
      "properties": {
        "name": "Allison Mary",
        "address": "rms 520 N Greenwood av",
        "occupation_role": "maid Waverly Hotel",
        "employer": "",
        "spouse_name": "",
        "alphabetical_range": "ALT",
        "canvas_fragment": "https://digitalcollections.tulsalibrary.org/iiif/2/p15020coll12:2857/manifest.json/canvas/17#xywh=937,295,244,21"
      }
    },
    {
      "type": "Feature",
      "geometry": {
        "type": "Point",
        "coordinates": [
          -95.986799,
          36.1692523
        ]
      },
      "properties": {
        "name": "Anderson John",
        "address": "rms 108 1/2 N Greenwood av",
        "occupation_role": "barber",
        "employer": "C L Netherland",
        "spouse_name": "",
        "alphabetical_range": "AND",
        "canvas_fragment": "https://digitalcollections.tulsalibrary.org/iiif/2/p15020coll12:2857/manifest.json/canvas/19#xywh=119,811,238,21"
      }
    },
    {
      "type": "Feature",
      "geometry": {
        "type": "Point",
        "coordinates": [
          -95.9863652,
          36.1629705
        ]
      },
      "properties": {
        "name": "Anderson Lilburt C",
        "address": "r 501 N Greenwood av",
        "occupation_role": "grocer",
        "employer": "",
        "spouse_name": "Ruby",
        "alphabetical_range": "AND",
        "canvas_fragment": "https://digitalcollections.tulsalibrary.org/iiif/2/p15020coll12:2857/manifest.json/canvas/19#xywh=115,1087,239,21"
      }
    },
    {
      "type": "Feature",
      "geometry": {
        "type": "Point",
        "coordinates": [
          -95.9865949,
          36.1614761
        ]
      },
      "properties": {
        "name": "Anderson Myrtle",
        "address": "rms 306 N Greenwood av",
        "occupation_role": "maid",
        "employer": "",
        "spouse_name": "",
        "alphabetical_range": "AND",
        "canvas_fragment": "https://digitalcollections.tulsalibrary.org/iiif/2/p15020coll12:2857/manifest.json/canvas/19#xywh=112,1558,236,24"
      }
    },
    {
      "type": "Feature",
      "geometry": {
        "type": "Point",
        "coordinates": [
          -95.986799,
          36.1692523
        ]
      },
      "properties": {
        "name": "Andrews Irvin",
        "address": "b 802 E Fairview",
        "occupation_role": "janitor",
        "employer": "Mayo bldg",
        "spouse_name": "Lee",
        "alphabetical_range": "AND",
        "canvas_fragment": "https://digitalcollections.tulsalibrary.org/iiif/2/p15020coll12:2857/manifest.json/canvas/19#xywh=705,1313,227,19"
      }
    },
    {
      "type": "Feature",
      "geometry": {
        "type": "Point",
        "coordinates": [
          -95.9919743,
          36.1630218
        ]
      },
      "properties": {
        "name": "Andrews Mabel",
        "address": "rms 521 N Detroit av",
        "occupation_role": "tchr",
        "employer": "Booker T Washn School",
        "spouse_name": "",
        "alphabetical_range": "AND",
        "canvas_fragment": "https://digitalcollections.tulsalibrary.org/iiif/2/p15020coll12:2857/manifest.json/canvas/19#xywh=692,1598,243,22"
      }
    },
    {
      "type": "Feature",
      "geometry": {
        "type": "Point",
        "coordinates": [
          -95.986799,
          36.1692523
        ]
      },
      "properties": {
        "name": "Armstrong Lee",
        "address": "rms 115 1/2 N Greenwood av",
        "occupation_role": "lab",
        "employer": "",
        "spouse_name": "",
        "alphabetical_range": "ARM",
        "canvas_fragment": "https://digitalcollections.tulsalibrary.org/iiif/2/p15020coll12:2857/manifest.json/canvas/20#xywh=945,1072,240,21"
      }
    },
    {
      "type": "Feature",
      "geometry": {
        "type": "Point",
        "coordinates": [
          -95.986799,
          36.1692523
        ]
      },
      "properties": {
        "name": "Armstrong LeRoy",
        "address": "rms 115 1/2 N Greenwood av",
        "occupation_role": "lab",
        "employer": "",
        "spouse_name": "",
        "alphabetical_range": "ARM",
        "canvas_fragment": "https://digitalcollections.tulsalibrary.org/iiif/2/p15020coll12:2857/manifest.json/canvas/20#xywh=945,1177,240,23"
      }
    },
    {
      "type": "Feature",
      "geometry": {
        "type": "Point",
        "coordinates": [
          -95.9862799,
          36.1614966
        ]
      },
      "properties": {
        "name": "Arnold Michael",
        "address": "rms 309 N Greenwood av",
        "occupation_role": "blockmkr",
        "employer": "Smiths Cement Block Co",
        "spouse_name": "",
        "alphabetical_range": "ARM",
        "canvas_fragment": "https://digitalcollections.tulsalibrary.org/iiif/2/p15020coll12:2857/manifest.json/canvas/21#xywh=373,621,241,22"
      }
    },
    {
      "type": "Feature",
      "geometry": {
        "type": "Point",
        "coordinates": [
          -95.9864379,
          36.168056
        ]
      },
      "properties": {
        "name": "Ashford Mrs Carrie",
        "address": "r 646 Bryant",
        "occupation_role": "",
        "employer": "",
        "spouse_name": "",
        "alphabetical_range": "AST",
        "canvas_fragment": "https://digitalcollections.tulsalibrary.org/iiif/2/p15020coll12:2857/manifest.json/canvas/21#xywh=950,542,241,21"
      }
    },
    {
      "type": "Feature",
      "geometry": {
        "type": "Point",
        "coordinates": [
          -95.9896987,
          36.1613559
        ]
      },
      "properties": {
        "name": "Atchison Buster",
        "address": "r 305 N Elgin av",
        "occupation_role": "lab",
        "employer": "",
        "spouse_name": "Addie",
        "alphabetical_range": "ATC",
        "canvas_fragment": "https://digitalcollections.tulsalibrary.org/iiif/2/p15020coll12:2857/manifest.json/canvas/22#xywh=128,428,239,32"
      }
    },
    {
      "type": "Feature",
      "geometry": {
        "type": "Point",
        "coordinates": [
          -95.9902382,
          36.1628118
        ]
      },
      "properties": {
        "name": "Ayres Wm",
        "address": "r 409 E Easton",
        "occupation_role": "lab",
        "employer": "",
        "spouse_name": "Rosie",
        "alphabetical_range": "AYE",
        "canvas_fragment": "https://digitalcollections.tulsalibrary.org/iiif/2/p15020coll12:2857/manifest.json/canvas/23#xywh=150,437,234,33"
      }
    },
    {
      "type": "Feature",
      "geometry": {
        "type": "Point",
        "coordinates": [
          -95.9897202,
          36.1625944
        ]
      },
      "properties": {
        "name": "Bagby Bean",
        "address": "rms 403 N Elgin av",
        "occupation_role": "lab",
        "employer": "",
        "spouse_name": "",
        "alphabetical_range": "BAG",
        "canvas_fragment": "https://digitalcollections.tulsalibrary.org/iiif/2/p15020coll12:2857/manifest.json/canvas/23"
      }
    },
    {
      "type": "Feature",
      "geometry": {
        "type": "Point",
        "coordinates": [
          -95.9897202,
          36.1625944
        ]
      },
      "properties": {
        "name": "Bagby Wm",
        "address": "rms 403 N Elgin av",
        "occupation_role": "janitor",
        "employer": "Sinclair bldg",
        "spouse_name": "",
        "alphabetical_range": "BAG",
        "canvas_fragment": "https://digitalcollections.tulsalibrary.org/iiif/2/p15020coll12:2857/manifest.json/canvas/23#xywh=690,383,243,23"
      }
    },
    {
      "type": "Feature",
      "geometry": {
        "type": "Point",
        "coordinates": [
          -95.986799,
          36.1692523
        ]
      },
      "properties": {
        "name": "Bagsby Boyd",
        "address": "b 813 E Fairview",
        "occupation_role": "lab",
        "employer": "",
        "spouse_name": "Annie",
        "alphabetical_range": "BAG",
        "canvas_fragment": "https://digitalcollections.tulsalibrary.org/iiif/2/p15020coll12:2857/manifest.json/canvas/23#xywh=690,763,243,18"
      }
    },
    {
      "type": "Feature",
      "geometry": {
        "type": "Point",
        "coordinates": [
          -95.9865908,
          36.161286
        ]
      },
      "properties": {
        "name": "Baldwin George",
        "address": "r 302 N Greenwood av",
        "occupation_role": "lab",
        "employer": "",
        "spouse_name": "Katie",
        "alphabetical_range": "BAL",
        "canvas_fragment": "https://digitalcollections.tulsalibrary.org/iiif/2/p15020coll12:2857/manifest.json/canvas/24#xywh=951,1410,241,19"
      }
    },
    {
      "type": "Feature",
      "geometry": {
        "type": "Point",
        "coordinates": [
          -95.986799,
          36.1692523
        ]
      },
      "properties": {
        "name": "Baldwin Mrs Julia",
        "address": "r 509 1/2 N Greenwood av",
        "occupation_role": "",
        "employer": "",
        "spouse_name": "",
        "alphabetical_range": "BAL",
        "canvas_fragment": "https://digitalcollections.tulsalibrary.org/iiif/2/p15020coll12:2857/manifest.json/canvas/24#xywh=1039,1530,151,18"
      }
    },
    {
      "type": "Feature",
      "geometry": {
        "type": "Point",
        "coordinates": [
          -95.986799,
          36.1692523
        ]
      },
      "properties": {
        "name": "Ballard John",
        "address": "rms 121 1/2 N Greenwood av",
        "occupation_role": "porter",
        "employer": "222 S Main av",
        "spouse_name": "",
        "alphabetical_range": "BAL",
        "canvas_fragment": "https://digitalcollections.tulsalibrary.org/iiif/2/p15020coll12:2857/manifest.json/canvas/25#xywh=380,882,243,24"
      }
    },
    {
      "type": "Feature",
      "geometry": {
        "type": "Point",
        "coordinates": [
          -95.986799,
          36.1692523
        ]
      },
      "properties": {
        "name": "Ballett Frank",
        "address": "r 511 1/2 N Greenwood av",
        "occupation_role": "lab",
        "employer": "",
        "spouse_name": "Carrie",
        "alphabetical_range": "BAL",
        "canvas_fragment": "https://digitalcollections.tulsalibrary.org/iiif/2/p15020coll12:2857/manifest.json/canvas/25#xywh=380,1123,242,28"
      }
    },
    {
      "type": "Feature",
      "geometry": {
        "type": "Point",
        "coordinates": [
          -95.9908293,
          36.1635254
        ]
      },
      "properties": {
        "name": "Bane Lewis",
        "address": "r 605 N Elgin av",
        "occupation_role": "cook",
        "employer": "",
        "spouse_name": "Minnie",
        "alphabetical_range": "BAL",
        "canvas_fragment": "https://digitalcollections.tulsalibrary.org/iiif/2/p15020coll12:2857/manifest.json/canvas/25#xywh=380,1589,241,18"
      }
    },
    {
      "type": "Feature",
      "geometry": {
        "type": "Point",
        "coordinates": [
          -95.9912193,
          36.1618222
        ]
      },
      "properties": {
        "name": "Bankhead Annatead",
        "address": "401 N Detroit av",
        "occupation_role": "real est",
        "employer": "",
        "spouse_name": "Cynthia",
        "alphabetical_range": "BAN",
        "canvas_fragment": "https://digitalcollections.tulsalibrary.org/iiif/2/p15020coll12:2857/manifest.json/canvas/25#xywh=696,984,247,44"
      }
    },
    {
      "type": "Feature",
      "geometry": {
        "type": "Point",
        "coordinates": [
          -95.9869845,
          36.1647849
        ]
      },
      "properties": {
        "name": "Banks Ira",
        "address": "540 E Hill, rms 718 N Greenwood av",
        "occupation_role": "grocer",
        "employer": "",
        "spouse_name": "Camilla",
        "alphabetical_range": "BAN",
        "canvas_fragment": "https://digitalcollections.tulsalibrary.org/iiif/2/p15020coll12:2857/manifest.json/canvas/25#xywh=701,1320,244,23"
      }
    },
    {
      "type": "Feature",
      "geometry": {
        "type": "Point",
        "coordinates": [
          -95.986257,
          36.1680945
        ]
      },
      "properties": {
        "name": "Banks Nick J",
        "address": "915 N Greenwood av, rms 516 E Pine",
        "occupation_role": "restaurant",
        "employer": "",
        "spouse_name": "",
        "alphabetical_range": "BAN",
        "canvas_fragment": "https://digitalcollections.tulsalibrary.org/iiif/2/p15020coll12:2857/manifest.json/canvas/25#xywh=702,1529,244,23"
      }
    },
    {
      "type": "Feature",
      "geometry": {
        "type": "Point",
        "coordinates": [
          -95.9800807,
          36.1736306
        ]
      },
      "properties": {
        "name": "Banks Wm",
        "address": "b 1265 N Lansing av",
        "occupation_role": "",
        "employer": "",
        "spouse_name": "",
        "alphabetical_range": "BAN",
        "canvas_fragment": "https://digitalcollections.tulsalibrary.org/iiif/2/p15020coll12:2857/manifest.json/canvas/25#xywh=703,1593,245,23"
      }
    },
    {
      "type": "Feature",
      "geometry": {
        "type": "Point",
        "coordinates": [
          -95.9873652,
          36.163123
        ]
      },
      "properties": {
        "name": "Barker James",
        "address": "rms 520 N Greenwood av",
        "occupation_role": "shiner",
        "employer": "Ernest Adams",
        "spouse_name": "",
        "alphabetical_range": "BAR",
        "canvas_fragment": "https://digitalcollections.tulsalibrary.org/iiif/2/p15020coll12:2857/manifest.json/canvas/26#xywh=125,989,247,36"
      }
    },
    {
      "type": "Feature",
      "geometry": {
        "type": "Point",
        "coordinates": [
          -95.989019,
          36.1681551
        ]
      },
      "properties": {
        "name": "Bartley James E",
        "address": "b 908 N Ruth av",
        "occupation_role": "",
        "employer": "",
        "spouse_name": "",
        "alphabetical_range": "BAR",
        "canvas_fragment": "https://digitalcollections.tulsalibrary.org/iiif/2/p15020coll12:2857/manifest.json/canvas/27#xywh=701,1541,245,23"
      }
    },
    {
      "type": "Feature",
      "geometry": {
        "type": "Point",
        "coordinates": [
          -95.989019,
          36.1681551
        ]
      },
      "properties": {
        "name": "Bartley Ralph",
        "address": "rms 908 Ruth av",
        "occupation_role": "shiner",
        "employer": "Ideal Clnrs & Hat Wks",
        "spouse_name": "",
        "alphabetical_range": "BAS",
        "canvas_fragment": "https://digitalcollections.tulsalibrary.org/iiif/2/p15020coll12:2857/manifest.json/canvas/27#xywh=960,236,230,21"
      }
    },
    {
      "type": "Feature",
      "geometry": {
        "type": "Point",
        "coordinates": [
          -95.989019,
          36.1681551
        ]
      },
      "properties": {
        "name": "Bartley Wm S",
        "address": "r 908 N Ruth av",
        "occupation_role": "lab",
        "employer": "Standard Roofing & M Co",
        "spouse_name": "Della",
        "alphabetical_range": "BAS",
        "canvas_fragment": "https://digitalcollections.tulsalibrary.org/iiif/2/p15020coll12:2857/manifest.json/canvas/27#xywh=951,1410,247,21"
      }
    },
    {
      "type": "Feature",
      "geometry": {
        "type": "Point",
        "coordinates": [
          -95.9862563,
          36.1641399
        ]
      },
      "properties": {
        "name": "Basham Price",
        "address": "b 711 N Greenwood av",
        "occupation_role": "lab",
        "employer": "",
        "spouse_name": "",
        "alphabetical_range": "BAS",
        "canvas_fragment": "https://digitalcollections.tulsalibrary.org/iiif/2/p15020coll12:2857/manifest.json/canvas/28#xywh=129,427,240,20"
      }
    },
    {
      "type": "Feature",
      "geometry": {
        "type": "Point",
        "coordinates": [
          -95.9863486,
          36.164038
        ]
      },
      "properties": {
        "name": "Basshan Mrs Dorothy",
        "address": "rms 709 N Greenwood",
        "occupation_role": "maid",
        "employer": "Hotel Cotton",
        "spouse_name": "",
        "alphabetical_range": "BAS",
        "canvas_fragment": "https://digitalcollections.tulsalibrary.org/iiif/2/p15020coll12:2857/manifest.json/canvas/28#xywh=119,1571,241,30"
      }
    },
    {
      "type": "Feature",
      "geometry": {
        "type": "Point",
        "coordinates": [
          -95.9869632,
          36.1597743
        ]
      },
      "properties": {
        "name": "Baxter Lulu",
        "address": "rms 505 E Archer",
        "occupation_role": "cook",
        "employer": "",
        "spouse_name": "",
        "alphabetical_range": "BAY",
        "canvas_fragment": "https://digitalcollections.tulsalibrary.org/iiif/2/p15020coll12:2857/manifest.json/canvas/28#xywh=933,917,241,21"
      }
    },
    {
      "type": "Feature",
      "geometry": {
        "type": "Point",
        "coordinates": [
          -95.9862799,
          36.1614966
        ]
      },
      "properties": {
        "name": "Bayne Alex",
        "address": "r 309 N Greenwood av",
        "occupation_role": "lab",
        "employer": "",
        "spouse_name": "Maggie",
        "alphabetical_range": "BAY",
        "canvas_fragment": "https://digitalcollections.tulsalibrary.org/iiif/2/p15020coll12:2857/manifest.json/canvas/28#xywh=935,1586,243,23"
      }
    },
    {
      "type": "Feature",
      "geometry": {
        "type": "Point",
        "coordinates": [
          -95.9910728,
          36.162828
        ]
      },
      "properties": {
        "name": "Beal Zephania",
        "address": "rms 536 N Elgin av",
        "occupation_role": "porter",
        "employer": "220 S Boston av",
        "spouse_name": "Jeanetta",
        "alphabetical_range": "BAY",
        "canvas_fragment": "https://digitalcollections.tulsalibrary.org/iiif/2/p15020coll12:2857/manifest.json/canvas/29#xywh=119,1090,243,27"
      }
    },
    {
      "type": "Feature",
      "geometry": {
        "type": "Point",
        "coordinates": [
          -95.9853889,
          36.1704084
        ]
      },
      "properties": {
        "name": "Beasley Cora",
        "address": "b 629 Booker",
        "occupation_role": "",
        "employer": "",
        "spouse_name": "",
        "alphabetical_range": "BEA",
        "canvas_fragment": "https://digitalcollections.tulsalibrary.org/iiif/2/p15020coll12:2857/manifest.json/canvas/29#xywh=366,1186,246,20"
      }
    },
    {
      "type": "Feature",
      "geometry": {
        "type": "Point",
        "coordinates": [
          -95.9853889,
          36.1704084
        ]
      },
      "properties": {
        "name": "Beasley Katie M",
        "address": "b 629 Booker",
        "occupation_role": "",
        "employer": "",
        "spouse_name": "",
        "alphabetical_range": "BEA",
        "canvas_fragment": "https://digitalcollections.tulsalibrary.org/iiif/2/p15020coll12:2857/manifest.json/canvas/29#xywh=366,1301,222,28"
      }
    },
    {
      "type": "Feature",
      "geometry": {
        "type": "Point",
        "coordinates": [
          -95.9853889,
          36.1704084
        ]
      },
      "properties": {
        "name": "Beasley Mrs Mavie E",
        "address": "r 629 Booker",
        "occupation_role": "",
        "employer": "",
        "spouse_name": "",
        "alphabetical_range": "BEA",
        "canvas_fragment": "https://digitalcollections.tulsalibrary.org/iiif/2/p15020coll12:2857/manifest.json/canvas/29#xywh=364,1352,240,31"
      }
    },
    {
      "type": "Feature",
      "geometry": {
        "type": "Point",
        "coordinates": [
          -95.9853889,
          36.1704084
        ]
      },
      "properties": {
        "name": "Beasley Winston J",
        "address": "b 629 Booker",
        "occupation_role": "",
        "employer": "",
        "spouse_name": "",
        "alphabetical_range": "BEA",
        "canvas_fragment": "https://digitalcollections.tulsalibrary.org/iiif/2/p15020coll12:2857/manifest.json/canvas/29#xywh=362,1523,244,22"
      }
    },
    {
      "type": "Feature",
      "geometry": {
        "type": "Point",
        "coordinates": [
          -95.9862816,
          36.1615747
        ]
      },
      "properties": {
        "name": "Beason Frank",
        "address": "rms 319 N Greenwood av",
        "occupation_role": "janitor",
        "employer": "Gulf P L Co",
        "spouse_name": "",
        "alphabetical_range": "BEA",
        "canvas_fragment": "https://digitalcollections.tulsalibrary.org/iiif/2/p15020coll12:2857/manifest.json/canvas/29#xywh=362,1545,244,23"
      }
    },
    {
      "type": "Feature",
      "geometry": {
        "type": "Point",
        "coordinates": [
          -95.9856857,
          36.1631696
        ]
      },
      "properties": {
        "name": "Beason John B",
        "address": "r 513 N Greenwood av",
        "occupation_role": "barber",
        "employer": "Ellis Paylor",
        "spouse_name": "Maggie",
        "alphabetical_range": "BEA",
        "canvas_fragment": "https://digitalcollections.tulsalibrary.org/iiif/2/p15020coll12:2857/manifest.json/canvas/29#xywh=362,1568,244,22"
      }
    },
    {
      "type": "Feature",
      "geometry": {
        "type": "Point",
        "coordinates": [
          -95.986799,
          36.1692523
        ]
      },
      "properties": {
        "name": "Beck Mollie B",
        "address": "rms 912 E Fairview",
        "occupation_role": "agt",
        "employer": "",
        "spouse_name": "",
        "alphabetical_range": "BEC",
        "canvas_fragment": "https://digitalcollections.tulsalibrary.org/iiif/2/p15020coll12:2857/manifest.json/canvas/29#xywh=930,655,242,25"
      }
    },
    {
      "type": "Feature",
      "geometry": {
        "type": "Point",
        "coordinates": [
          -95.9898714,
          36.1629475
        ]
      },
      "properties": {
        "name": "Becknell Wm",
        "address": "r 424 E Easton",
        "occupation_role": "tailor",
        "employer": "F E Dickson",
        "spouse_name": "Julia",
        "alphabetical_range": "BEC",
        "canvas_fragment": "https://digitalcollections.tulsalibrary.org/iiif/2/p15020coll12:2857/manifest.json/canvas/29#xywh=926,1484,243,23"
      }
    },
    {
      "type": "Feature",
      "geometry": {
        "type": "Point",
        "coordinates": [
          -95.9914401,
          36.1619791
        ]
      },
      "properties": {
        "name": "Beel Anna",
        "address": "b 421 N Detroit av",
        "occupation_role": "cook",
        "employer": "Mrs Josephine De Haven",
        "spouse_name": "",
        "alphabetical_range": "BEC",
        "canvas_fragment": "https://digitalcollections.tulsalibrary.org/iiif/2/p15020coll12:2857/manifest.json/canvas/30#xywh=131,1240,244,23"
      }
    },
    {
      "type": "Feature",
      "geometry": {
        "type": "Point",
        "coordinates": [
          -95.9909988,
          36.1626862
        ]
      },
      "properties": {
        "name": "Bell George W",
        "address": "r 516 N Elgin av",
        "occupation_role": "porter",
        "employer": "",
        "spouse_name": "Anna",
        "alphabetical_range": "BEL",
        "canvas_fragment": "https://digitalcollections.tulsalibrary.org/iiif/2/p15020coll12:2857/manifest.json/canvas/30#xywh=682,788,246,28"
      }
    },
    {
      "type": "Feature",
      "geometry": {
        "type": "Point",
        "coordinates": [
          -95.9905601,
          36.1630095
        ]
      },
      "properties": {
        "name": "Bell Ivory",
        "address": "b 535 N Elgin av",
        "occupation_role": "porter",
        "employer": "",
        "spouse_name": "",
        "alphabetical_range": "BEL",
        "canvas_fragment": "https://digitalcollections.tulsalibrary.org/iiif/2/p15020coll12:2857/manifest.json/canvas/30#xywh=680,1057,245,17"
      }
    },
    {
      "type": "Feature",
      "geometry": {
        "type": "Point",
        "coordinates": [
          -95.9905601,
          36.1630095
        ]
      },
      "properties": {
        "name": "Bell Isaac A",
        "address": "r 535 N Elgin av",
        "occupation_role": "lab",
        "employer": "",
        "spouse_name": "Mollie",
        "alphabetical_range": "BEL",
        "canvas_fragment": "https://digitalcollections.tulsalibrary.org/iiif/2/p15020coll12:2857/manifest.json/canvas/30#xywh=679,1098,247,29"
      }
    },
    {
      "type": "Feature",
      "geometry": {
        "type": "Point",
        "coordinates": [
          -95.990972,
          36.1626348
        ]
      },
      "properties": {
        "name": "Bell Luther",
        "address": "rms 508 N Elgin av",
        "occupation_role": "waiter",
        "employer": "",
        "spouse_name": "",
        "alphabetical_range": "BEL",
        "canvas_fragment": "https://digitalcollections.tulsalibrary.org/iiif/2/p15020coll12:2857/manifest.json/canvas/30#xywh=935,215,247,21"
      }
    },
    {
      "type": "Feature",
      "geometry": {
        "type": "Point",
        "coordinates": [
          -95.9912966,
          36.1619508
        ]
      },
      "properties": {
        "name": "Bell Wm C",
        "address": "rms 413 N Detroit av",
        "occupation_role": "lab",
        "employer": "",
        "spouse_name": "",
        "alphabetical_range": "BEL",
        "canvas_fragment": "https://digitalcollections.tulsalibrary.org/iiif/2/p15020coll12:2857/manifest.json/canvas/30#xywh=935,863,244,26"
      }
    },
    {
      "type": "Feature",
      "geometry": {
        "type": "Point",
        "coordinates": [
          -95.9873639,
          36.1630876
        ]
      },
      "properties": {
        "name": "Bell Wm C",
        "address": "r 516 N Greenwood av",
        "occupation_role": "lab",
        "employer": "",
        "spouse_name": "Josie",
        "alphabetical_range": "BEL",
        "canvas_fragment": "https://digitalcollections.tulsalibrary.org/iiif/2/p15020coll12:2857/manifest.json/canvas/30#xywh=946,917,93,18"
      }
    },
    {
      "type": "Feature",
      "geometry": {
        "type": "Point",
        "coordinates": [
          -95.9869397,
          36.1612453
        ]
      },
      "properties": {
        "name": "Bell & Little",
        "address": "525 E Cameron",
        "occupation_role": "Mrs Susie Bell, Pressly L Little, restaurant",
        "employer": "",
        "spouse_name": "",
        "alphabetical_range": "BEL",
        "canvas_fragment": "https://digitalcollections.tulsalibrary.org/iiif/2/p15020coll12:2857/manifest.json/canvas/30#xywh=933,1059,247,22"
      }
    },
    {
      "type": "Feature",
      "geometry": {
        "type": "Point",
        "coordinates": [
          -95.9830852,
          36.171727
        ]
      },
      "properties": {
        "name": "Bennett Harry",
        "address": "b 1240 Pocahontas",
        "occupation_role": "",
        "employer": "",
        "spouse_name": "",
        "alphabetical_range": "BEN",
        "canvas_fragment": "https://digitalcollections.tulsalibrary.org/iiif/2/p15020coll12:2857/manifest.json/canvas/31#xywh=380,1072,248,20"
      }
    },
    {
      "type": "Feature",
      "geometry": {
        "type": "Point",
        "coordinates": [
          -95.9830852,
          36.171727
        ]
      },
      "properties": {
        "name": "Bennett James",
        "address": "b 1240 Pocahontas",
        "occupation_role": "",
        "employer": "",
        "spouse_name": "",
        "alphabetical_range": "BEN",
        "canvas_fragment": "https://digitalcollections.tulsalibrary.org/iiif/2/p15020coll12:2857/manifest.json/canvas/31"
      }
    },
    {
      "type": "Feature",
      "geometry": {
        "type": "Point",
        "coordinates": [
          -95.9830852,
          36.171727
        ]
      },
      "properties": {
        "name": "Bennett Joseph",
        "address": "r 1240 Pocahontas",
        "occupation_role": "lab",
        "employer": "",
        "spouse_name": "Hattie",
        "alphabetical_range": "BEN",
        "canvas_fragment": "https://digitalcollections.tulsalibrary.org/iiif/2/p15020coll12:2857/manifest.json/canvas/31#xywh=384,1371,243,32"
      }
    },
    {
      "type": "Feature",
      "geometry": {
        "type": "Point",
        "coordinates": [
          -95.9910055,
          36.1626991
        ]
      },
      "properties": {
        "name": "Berrie James D",
        "address": "r 518 N Elgin av",
        "occupation_role": "helper",
        "employer": "Okla Tire Service Co",
        "spouse_name": "Florence",
        "alphabetical_range": "BER",
        "canvas_fragment": "https://digitalcollections.tulsalibrary.org/iiif/2/p15020coll12:2857/manifest.json/canvas/32#xywh=135,1133,233,29"
      }
    },
    {
      "type": "Feature",
      "geometry": {
        "type": "Point",
        "coordinates": [
          -95.9868055,
          36.1659675
        ]
      },
      "properties": {
        "name": "Berry Florence",
        "address": "b 802 N Greenwood av",
        "occupation_role": "",
        "employer": "",
        "spouse_name": "",
        "alphabetical_range": "BER",
        "canvas_fragment": "https://digitalcollections.tulsalibrary.org/iiif/2/p15020coll12:2857/manifest.json/canvas/32#xywh=364,321,241,54"
      }
    },
    {
      "type": "Feature",
      "geometry": {
        "type": "Point",
        "coordinates": [
          -95.986599,
          36.1621546
        ]
      },
      "properties": {
        "name": "Berry Mrs Ida",
        "address": "r 406 N Greenwood av",
        "occupation_role": "",
        "employer": "",
        "spouse_name": "",
        "alphabetical_range": "BER",
        "canvas_fragment": "https://digitalcollections.tulsalibrary.org/iiif/2/p15020coll12:2857/manifest.json/canvas/32#xywh=369,695,238,47"
      }
    },
    {
      "type": "Feature",
      "geometry": {
        "type": "Point",
        "coordinates": [
          -95.9830852,
          36.171727
        ]
      },
      "properties": {
        "name": "Berry Pearl",
        "address": "b 1235 Pocahontas",
        "occupation_role": "",
        "employer": "",
        "spouse_name": "",
        "alphabetical_range": "BER",
        "canvas_fragment": "https://digitalcollections.tulsalibrary.org/iiif/2/p15020coll12:2857/manifest.json/canvas/32#xywh=376,1197,212,31"
      }
    },
    {
      "type": "Feature",
      "geometry": {
        "type": "Point",
        "coordinates": [
          -95.986799,
          36.1692523
        ]
      },
      "properties": {
        "name": "Bilkie Varlie",
        "address": "rms 115 1/2 N Greenwood av",
        "occupation_role": "helper",
        "employer": "",
        "spouse_name": "",
        "alphabetical_range": "BIL",
        "canvas_fragment": "https://digitalcollections.tulsalibrary.org/iiif/2/p15020coll12:2857/manifest.json/canvas/33#xywh=381,1464,235,23"
      }
    },
    {
      "type": "Feature",
      "geometry": {
        "type": "Point",
        "coordinates": [
          -95.9887648,
          36.1588594
        ]
      },
      "properties": {
        "name": "Bird James J",
        "address": "r 309 E Archer",
        "occupation_role": "lab",
        "employer": "",
        "spouse_name": "Hattie",
        "alphabetical_range": "BIS",
        "canvas_fragment": "https://digitalcollections.tulsalibrary.org/iiif/2/p15020coll12:2857/manifest.json/canvas/33#xywh=949,575,246,20"
      }
    },
    {
      "type": "Feature",
      "geometry": {
        "type": "Point",
        "coordinates": [
          -95.9866863,
          36.1683286
        ]
      },
      "properties": {
        "name": "Black Blanche",
        "address": "r 615 E Bryant",
        "occupation_role": "cook",
        "employer": "",
        "spouse_name": "",
        "alphabetical_range": "BLA",
        "canvas_fragment": "https://digitalcollections.tulsalibrary.org/iiif/2/p15020coll12:2857/manifest.json/canvas/34#xywh=109,1327,226,18"
      }
    },
    {
      "type": "Feature",
      "geometry": {
        "type": "Point",
        "coordinates": [
          -95.9866863,
          36.1683286
        ]
      },
      "properties": {
        "name": "Black Daniel",
        "address": "r 615 E Bryant",
        "occupation_role": "White & Black",
        "employer": "",
        "spouse_name": "",
        "alphabetical_range": "BLA",
        "canvas_fragment": "https://digitalcollections.tulsalibrary.org/iiif/2/p15020coll12:2857/manifest.json/canvas/34#xywh=105,1588,227,23"
      }
    },
    {
      "type": "Feature",
      "geometry": {
        "type": "Point",
        "coordinates": [
          -95.9905601,
          36.1630095
        ]
      },
      "properties": {
        "name": "Black Harry",
        "address": "rms 535 N Elgin av",
        "occupation_role": "lab",
        "employer": "",
        "spouse_name": "Helen",
        "alphabetical_range": "BLA",
        "canvas_fragment": "https://digitalcollections.tulsalibrary.org/iiif/2/p15020coll12:2857/manifest.json/canvas/34#xywh=351,378,236,37"
      }
    },
    {
      "type": "Feature",
      "geometry": {
        "type": "Point",
        "coordinates": [
          -95.9869632,
          36.1597743
        ]
      },
      "properties": {
        "name": "Blackburn Flora",
        "address": "rms 505 E Archer",
        "occupation_role": "maid",
        "employer": "",
        "spouse_name": "",
        "alphabetical_range": "BLA",
        "canvas_fragment": "https://digitalcollections.tulsalibrary.org/iiif/2/p15020coll12:2857/manifest.json/canvas/34#xywh=343,1376,235,23"
      }
    },
    {
      "type": "Feature",
      "geometry": {
        "type": "Point",
        "coordinates": [
          -95.9902407,
          36.1623964
        ]
      },
      "properties": {
        "name": "Blackman Mrs Hixie",
        "address": "r 509 E Easton",
        "occupation_role": "",
        "employer": "",
        "spouse_name": "",
        "alphabetical_range": "BLA",
        "canvas_fragment": "https://digitalcollections.tulsalibrary.org/iiif/2/p15020coll12:2857/manifest.json/canvas/34#xywh=682,527,245,27"
      }
    },
    {
      "type": "Feature",
      "geometry": {
        "type": "Point",
        "coordinates": [
          -95.9884618,
          36.1683296
        ]
      },
      "properties": {
        "name": "Blakely George",
        "address": "r 522 Bryant",
        "occupation_role": "",
        "employer": "",
        "spouse_name": "Winnie",
        "alphabetical_range": "BLA",
        "canvas_fragment": "https://digitalcollections.tulsalibrary.org/iiif/2/p15020coll12:2857/manifest.json/canvas/35#xywh=119,856,226,25"
      }
    },
    {
      "type": "Feature",
      "geometry": {
        "type": "Point",
        "coordinates": [
          -95.9865939,
          36.1622638
        ]
      },
      "properties": {
        "name": "Blevins Mrs Odessa",
        "address": "r 421 N Greenwood av",
        "occupation_role": "",
        "employer": "",
        "spouse_name": "",
        "alphabetical_range": "BLU",
        "canvas_fragment": "https://digitalcollections.tulsalibrary.org/iiif/2/p15020coll12:2857/manifest.json/canvas/35#xywh=679,651,248,25"
      }
    },
    {
      "type": "Feature",
      "geometry": {
        "type": "Point",
        "coordinates": [
          -95.986713,
          36.1692525
        ]
      },
      "properties": {
        "name": "Bolden Bettie",
        "address": "b 619 Williams",
        "occupation_role": "cook",
        "employer": "",
        "spouse_name": "",
        "alphabetical_range": "BOH",
        "canvas_fragment": "https://digitalcollections.tulsalibrary.org/iiif/2/p15020coll12:2857/manifest.json/canvas/36#xywh=691,733,246,22"
      }
    },
    {
      "type": "Feature",
      "geometry": {
        "type": "Point",
        "coordinates": [
          -95.9811941,
          36.1731871
        ]
      },
      "properties": {
        "name": "Bowles Thomas",
        "address": "r 1278 N Lansing av",
        "occupation_role": "cook",
        "employer": "",
        "spouse_name": "Lula",
        "alphabetical_range": "BOW",
        "canvas_fragment": "https://digitalcollections.tulsalibrary.org/iiif/2/p15020coll12:2857/manifest.json/canvas/38#xywh=934,539,247,22"
      }
    },
    {
      "type": "Feature",
      "geometry": {
        "type": "Point",
        "coordinates": [
          -95.986597,
          36.1615711
        ]
      },
      "properties": {
        "name": "Bowser Elizabeth",
        "address": "b 308 N Greenwood av",
        "occupation_role": "",
        "employer": "",
        "spouse_name": "",
        "alphabetical_range": "BOW",
        "canvas_fragment": "https://digitalcollections.tulsalibrary.org/iiif/2/p15020coll12:2857/manifest.json/canvas/39#xywh=128,1116,227,31"
      }
    },
    {
      "type": "Feature",
      "geometry": {
        "type": "Point",
        "coordinates": [
          -95.986597,
          36.1615711
        ]
      },
      "properties": {
        "name": "Bowson Charity E R",
        "address": "b 308 N Greenwood",
        "occupation_role": "",
        "employer": "",
        "spouse_name": "",
        "alphabetical_range": "BOW",
        "canvas_fragment": "https://digitalcollections.tulsalibrary.org/iiif/2/p15020coll12:2857/manifest.json/canvas/39#xywh=129,1264,226,20"
      }
    },
    {
      "type": "Feature",
      "geometry": {
        "type": "Point",
        "coordinates": [
          -95.9865596,
          36.1701825
        ]
      },
      "properties": {
        "name": "Boyd Harvey",
        "address": "b 610 Booker",
        "occupation_role": "",
        "employer": "",
        "spouse_name": "",
        "alphabetical_range": "BOY",
        "canvas_fragment": "https://digitalcollections.tulsalibrary.org/iiif/2/p15020coll12:2857/manifest.json/canvas/39#xywh=362,813,240,28"
      }
    },
    {
      "type": "Feature",
      "geometry": {
        "type": "Point",
        "coordinates": [
          -95.9862813,
          36.161562
        ]
      },
      "properties": {
        "name": "Boyd Rudolph D",
        "address": "rms 315 N Greenwood av",
        "occupation_role": "tmstr",
        "employer": "",
        "spouse_name": "Mary",
        "alphabetical_range": "BOY",
        "canvas_fragment": "https://digitalcollections.tulsalibrary.org/iiif/2/p15020coll12:2857/manifest.json/canvas/39#xywh=364,1284,238,22"
      }
    },
    {
      "type": "Feature",
      "geometry": {
        "type": "Point",
        "coordinates": [
          -95.9902382,
          36.1628118
        ]
      },
      "properties": {
        "name": "Bradford James",
        "address": "r 408 E Easton",
        "occupation_role": "lab",
        "employer": "",
        "spouse_name": "Elizabeth",
        "alphabetical_range": "BRA",
        "canvas_fragment": "https://digitalcollections.tulsalibrary.org/iiif/2/p15020coll12:2857/manifest.json/canvas/39#xywh=931,789,249,30"
      }
    },
    {
      "type": "Feature",
      "geometry": {
        "type": "Point",
        "coordinates": [
          -95.9862572,
          36.168067
        ]
      },
      "properties": {
        "name": "Bradley Helena",
        "address": "b 905 N Greenwood av",
        "occupation_role": "",
        "employer": "",
        "spouse_name": "",
        "alphabetical_range": "BRA",
        "canvas_fragment": "https://digitalcollections.tulsalibrary.org/iiif/2/p15020coll12:2857/manifest.json/canvas/40#xywh=116,302,233,53"
      }
    },
    {
      "type": "Feature",
      "geometry": {
        "type": "Point",
        "coordinates": [
          -95.9862572,
          36.168067
        ]
      },
      "properties": {
        "name": "Bradley Jeffre",
        "address": "b 905 N Greenwood av",
        "occupation_role": "",
        "employer": "",
        "spouse_name": "",
        "alphabetical_range": "BRA",
        "canvas_fragment": "https://digitalcollections.tulsalibrary.org/iiif/2/p15020coll12:2857/manifest.json/canvas/40#xywh=117,376,232,46"
      }
    },
    {
      "type": "Feature",
      "geometry": {
        "type": "Point",
        "coordinates": [
          -95.9862572,
          36.168067
        ]
      },
      "properties": {
        "name": "Bradley Lee B",
        "address": "r 905 N Greenwood av",
        "occupation_role": "",
        "employer": "",
        "spouse_name": "Roxie",
        "alphabetical_range": "BRA",
        "canvas_fragment": "https://digitalcollections.tulsalibrary.org/iiif/2/p15020coll12:2857/manifest.json/canvas/40#xywh=117,519,233,48"
      }
    },
    {
      "type": "Feature",
      "geometry": {
        "type": "Point",
        "coordinates": [
          -95.9811936,
          36.1731207
        ]
      },
      "properties": {
        "name": "Braggs Lonnie",
        "address": "r 1274 N Lansing av",
        "occupation_role": "lab",
        "employer": "L W Jones",
        "spouse_name": "Mamie",
        "alphabetical_range": "BRA",
        "canvas_fragment": "https://digitalcollections.tulsalibrary.org/iiif/2/p15020coll12:2857/manifest.json/canvas/40#xywh=360,1067,243,26"
      }
    },
    {
      "type": "Feature",
      "geometry": {
        "type": "Point",
        "coordinates": [
          -95.9811936,
          36.1731207
        ]
      },
      "properties": {
        "name": "Braggs Thomas",
        "address": "b 1274 N Lansing av",
        "occupation_role": "",
        "employer": "",
        "spouse_name": "",
        "alphabetical_range": "BRA",
        "canvas_fragment": "https://digitalcollections.tulsalibrary.org/iiif/2/p15020coll12:2857/manifest.json/canvas/40#xywh=360,1119,243,26"
      }
    },
    {
      "type": "Feature",
      "geometry": {
        "type": "Point",
        "coordinates": [
          -95.9884618,
          36.1683296
        ]
      },
      "properties": {
        "name": "Braxton James T",
        "address": "r 524 E Bryant",
        "occupation_role": "tchr",
        "employer": "Dunbar Grade School",
        "spouse_name": "Brooksie",
        "alphabetical_range": "BRE",
        "canvas_fragment": "https://digitalcollections.tulsalibrary.org/iiif/2/p15020coll12:2857/manifest.json/canvas/41#xywh=371,567,238,41"
      }
    },
    {
      "type": "Feature",
      "geometry": {
        "type": "Point",
        "coordinates": [
          -95.9884618,
          36.1683296
        ]
      },
      "properties": {
        "name": "Braxton Mary",
        "address": "b 524 E Bryant",
        "occupation_role": "",
        "employer": "",
        "spouse_name": "",
        "alphabetical_range": "BRE",
        "canvas_fragment": "https://digitalcollections.tulsalibrary.org/iiif/2/p15020coll12:2857/manifest.json/canvas/41#xywh=371,624,238,38"
      }
    },
    {
      "type": "Feature",
      "geometry": {
        "type": "Point",
        "coordinates": [
          -95.9896852,
          36.1613293
        ]
      },
      "properties": {
        "name": "Breedlove Octavia",
        "address": "rms 301 N Elgin",
        "occupation_role": "",
        "employer": "",
        "spouse_name": "",
        "alphabetical_range": "BRE",
        "canvas_fragment": "https://digitalcollections.tulsalibrary.org/iiif/2/p15020coll12:2857/manifest.json/canvas/41#xywh=687,566,247,17"
      }
    },
    {
      "type": "Feature",
      "geometry": {
        "type": "Point",
        "coordinates": [
          -95.9912966,
          36.1619508
        ]
      },
      "properties": {
        "name": "Breedlove Thomas",
        "address": "rms 413 N Detroit av",
        "occupation_role": "chauffeur",
        "employer": "",
        "spouse_name": "Marie",
        "alphabetical_range": "BRE",
        "canvas_fragment": "https://digitalcollections.tulsalibrary.org/iiif/2/p15020coll12:2857/manifest.json/canvas/41#xywh=687,608,247,17"
      }
    },
    {
      "type": "Feature",
      "geometry": {
        "type": "Point",
        "coordinates": [
          -95.9902382,
          36.1628118
        ]
      },
      "properties": {
        "name": "Breggs Lonnie",
        "address": "rms 409 E Easton",
        "occupation_role": "lab",
        "employer": "",
        "spouse_name": "Mamie",
        "alphabetical_range": "BRE",
        "canvas_fragment": "https://digitalcollections.tulsalibrary.org/iiif/2/p15020coll12:2857/manifest.json/canvas/41#xywh=943,535,245,23"
      }
    },
    {
      "type": "Feature",
      "geometry": {
        "type": "Point",
        "coordinates": [
          -95.9830852,
          36.171727
        ]
      },
      "properties": {
        "name": "Brewer Rev Moses",
        "address": "r 1271 Pocahontas",
        "occupation_role": "",
        "employer": "",
        "spouse_name": "Cora",
        "alphabetical_range": "BRE",
        "canvas_fragment": "https://digitalcollections.tulsalibrary.org/iiif/2/p15020coll12:2857/manifest.json/canvas/41#xywh=943,1625,247,23"
      }
    },
    {
      "type": "Feature",
      "geometry": {
        "type": "Point",
        "coordinates": [
          -95.9919058,
          36.1628881
        ]
      },
      "properties": {
        "name": "Bridgewater Robert T",
        "address": "r 507 N Detroit av",
        "occupation_role": "phys",
        "employer": "",
        "spouse_name": "Mattie",
        "alphabetical_range": "BRI",
        "canvas_fragment": "https://digitalcollections.tulsalibrary.org/iiif/2/p15020coll12:2857/manifest.json/canvas/42#xywh=375,231,229,39"
      }
    },
    {
      "type": "Feature",
      "geometry": {
        "type": "Point",
        "coordinates": [
          -95.9830852,
          36.171727
        ]
      },
      "properties": {
        "name": "Brisker Squire",
        "address": "r 1214 Pocahontas",
        "occupation_role": "clnr",
        "employer": "",
        "spouse_name": "Carrie",
        "alphabetical_range": "BRI",
        "canvas_fragment": "https://digitalcollections.tulsalibrary.org/iiif/2/p15020coll12:2857/manifest.json/canvas/42#xywh=685,1362,249,18"
      }
    },
    {
      "type": "Feature",
      "geometry": {
        "type": "Point",
        "coordinates": [
          -95.9857053,
          36.163335
        ]
      },
      "properties": {
        "name": "Brooks Etta",
        "address": "r 519 N Greenwood av",
        "occupation_role": "wid Joseph",
        "employer": "",
        "spouse_name": "",
        "alphabetical_range": "BRO",
        "canvas_fragment": "https://digitalcollections.tulsalibrary.org/iiif/2/p15020coll12:2857/manifest.json/canvas/43#xywh=675,633,248,18"
      }
    },
    {
      "type": "Feature",
      "geometry": {
        "type": "Point",
        "coordinates": [
          -95.9887702,
          36.1596163
        ]
      },
      "properties": {
        "name": "Brooks Ira",
        "address": "b 122 N Elgin av",
        "occupation_role": "clk",
        "employer": "Wm Brooks",
        "spouse_name": "",
        "alphabetical_range": "BRO",
        "canvas_fragment": "https://digitalcollections.tulsalibrary.org/iiif/2/p15020coll12:2857/manifest.json/canvas/43#xywh=1214,461,14,63"
      }
    },
    {
      "type": "Feature",
      "geometry": {
        "type": "Point",
        "coordinates": [
          -95.9887684,
          36.1681679
        ]
      },
      "properties": {
        "name": "Brooks James M",
        "address": "r 510 Bryant",
        "occupation_role": "plasterer",
        "employer": "",
        "spouse_name": "Anna",
        "alphabetical_range": "BRO",
        "canvas_fragment": "https://digitalcollections.tulsalibrary.org/iiif/2/p15020coll12:2857/manifest.json/canvas/43#xywh=675,1072,252,18"
      }
    },
    {
      "type": "Feature",
      "geometry": {
        "type": "Point",
        "coordinates": [
          -95.9863822,
          36.1633047
        ]
      },
      "properties": {
        "name": "Brooks Robert B",
        "address": "b 623 N Greenwood av",
        "occupation_role": "",
        "employer": "",
        "spouse_name": "Mary",
        "alphabetical_range": "BRO",
        "canvas_fragment": "https://digitalcollections.tulsalibrary.org/iiif/2/p15020coll12:2857/manifest.json/canvas/43#xywh=931,362,246,22"
      }
    },
    {
      "type": "Feature",
      "geometry": {
        "type": "Point",
        "coordinates": [
          -95.9887702,
          36.1596163
        ]
      },
      "properties": {
        "name": "Brooks Wm",
        "address": "r 122 N Elgin av",
        "occupation_role": "billiards",
        "employer": "",
        "spouse_name": "",
        "alphabetical_range": "BRO",
        "canvas_fragment": "https://digitalcollections.tulsalibrary.org/iiif/2/p15020coll12:2857/manifest.json/canvas/43#xywh=931,593,248,23"
      }
    },
    {
      "type": "Feature",
      "geometry": {
        "type": "Point",
        "coordinates": [
          -95.9865603,
          36.168055
        ]
      },
      "properties": {
        "name": "Brown Andrew",
        "address": "r 630 Bryant",
        "occupation_role": "cook",
        "employer": "",
        "spouse_name": "Annie",
        "alphabetical_range": "BRO",
        "canvas_fragment": "https://digitalcollections.tulsalibrary.org/iiif/2/p15020coll12:2857/manifest.json/canvas/44#xywh=119,742,230,36"
      }
    },
    {
      "type": "Feature",
      "geometry": {
        "type": "Point",
        "coordinates": [
          -95.9902756,
          36.1624635
        ]
      },
      "properties": {
        "name": "Brown Arthur",
        "address": "rms 418 N Elgin av",
        "occupation_role": "pastor",
        "employer": "",
        "spouse_name": "",
        "alphabetical_range": "BRO",
        "canvas_fragment": "https://digitalcollections.tulsalibrary.org/iiif/2/p15020coll12:2857/manifest.json/canvas/44#xywh=119,817,230,31"
      }
    },
    {
      "type": "Feature",
      "geometry": {
        "type": "Point",
        "coordinates": [
          -95.9867673,
          36.1692524
        ]
      },
      "properties": {
        "name": "Brown Carl",
        "address": "r 606 N Williams",
        "occupation_role": "porter",
        "employer": "",
        "spouse_name": "Katie",
        "alphabetical_range": "BRO",
        "canvas_fragment": "https://digitalcollections.tulsalibrary.org/iiif/2/p15020coll12:2857/manifest.json/canvas/44#xywh=112,1765,146,20"
      }
    },
    {
      "type": "Feature",
      "geometry": {
        "type": "Point",
        "coordinates": [
          -95.989893,
          36.1598559
        ]
      },
      "properties": {
        "name": "Brown Charles",
        "address": "rms 205 N Detroit av",
        "occupation_role": "lab",
        "employer": "",
        "spouse_name": "",
        "alphabetical_range": "BRO",
        "canvas_fragment": "https://digitalcollections.tulsalibrary.org/iiif/2/p15020coll12:2857/manifest.json/canvas/44"
      }
    },
    {
      "type": "Feature",
      "geometry": {
        "type": "Point",
        "coordinates": [
          -95.9902756,
          36.1624635
        ]
      },
      "properties": {
        "name": "Brown Clinton",
        "address": "rms 418 N Elgin av",
        "occupation_role": "porter",
        "employer": "R C Mott Motor Co",
        "spouse_name": "",
        "alphabetical_range": "BRO",
        "canvas_fragment": "https://digitalcollections.tulsalibrary.org/iiif/2/p15020coll12:2857/manifest.json/canvas/44#xywh=356,1022,241,53"
      }
    },
    {
      "type": "Feature",
      "geometry": {
        "type": "Point",
        "coordinates": [
          -95.99202,
          36.1631186
        ]
      },
      "properties": {
        "name": "Brown Curtis D",
        "address": "rms 541 N Detroit av",
        "occupation_role": "porter",
        "employer": "",
        "spouse_name": "Alleze",
        "alphabetical_range": "BRO",
        "canvas_fragment": "https://digitalcollections.tulsalibrary.org/iiif/2/p15020coll12:2857/manifest.json/canvas/44#xywh=354,1231,242,18"
      }
    },
    {
      "type": "Feature",
      "geometry": {
        "type": "Point",
        "coordinates": [
          -95.9865949,
          36.1614761
        ]
      },
      "properties": {
        "name": "Brown Gertrude",
        "address": "rms 306 N Greenwood av",
        "occupation_role": "maid",
        "employer": "",
        "spouse_name": "",
        "alphabetical_range": "BRO",
        "canvas_fragment": "https://digitalcollections.tulsalibrary.org/iiif/2/p15020coll12:2857/manifest.json/canvas/44#xywh=674,1602,251,28"
      }
    },
    {
      "type": "Feature",
      "geometry": {
        "type": "Point",
        "coordinates": [
          -95.9902407,
          36.1623964
        ]
      },
      "properties": {
        "name": "Brown John L",
        "address": "r 511 E Easton",
        "occupation_role": "lab",
        "employer": "",
        "spouse_name": "Carrie",
        "alphabetical_range": "BRO",
        "canvas_fragment": "https://digitalcollections.tulsalibrary.org/iiif/2/p15020coll12:2857/manifest.json/canvas/45#xywh=119,1224,228,20"
      }
    },
    {
      "type": "Feature",
      "geometry": {
        "type": "Point",
        "coordinates": [
          -95.9851742,
          36.1601113
        ]
      },
      "properties": {
        "name": "Brown Louis T",
        "address": "r 614 E Archer",
        "occupation_role": "mngr",
        "employer": "Dreamland Theatre",
        "spouse_name": "Marguerite",
        "alphabetical_range": "BRO",
        "canvas_fragment": "https://digitalcollections.tulsalibrary.org/iiif/2/p15020coll12:2857/manifest.json/canvas/45#xywh=373,802,217,19"
      }
    },
    {
      "type": "Feature",
      "geometry": {
        "type": "Point",
        "coordinates": [
          -95.986799,
          36.1692523
        ]
      },
      "properties": {
        "name": "Brown Marguerite",
        "address": "rms 206 1/2 N Greenwood av",
        "occupation_role": "clk",
        "employer": "Mrs Lulu Williams",
        "spouse_name": "",
        "alphabetical_range": "BRO",
        "canvas_fragment": "https://digitalcollections.tulsalibrary.org/iiif/2/p15020coll12:2857/manifest.json/canvas/45#xywh=372,1005,228,17"
      }
    },
    {
      "type": "Feature",
      "geometry": {
        "type": "Point",
        "coordinates": [
          -95.9830852,
          36.171727
        ]
      },
      "properties": {
        "name": "Brown Mrs Melinda",
        "address": "b 1258 Pocahontas",
        "occupation_role": "maid",
        "employer": "",
        "spouse_name": "",
        "alphabetical_range": "BRO",
        "canvas_fragment": "https://digitalcollections.tulsalibrary.org/iiif/2/p15020coll12:2857/manifest.json/canvas/45#xywh=355,1356,242,25"
      }
    },
    {
      "type": "Feature",
      "geometry": {
        "type": "Point",
        "coordinates": [
          -95.9897054,
          36.1613692
        ]
      },
      "properties": {
        "name": "Brown Mrs Sarah",
        "address": "r 307 N Elgin av",
        "occupation_role": "",
        "employer": "",
        "spouse_name": "",
        "alphabetical_range": "BRO",
        "canvas_fragment": "https://digitalcollections.tulsalibrary.org/iiif/2/p15020coll12:2857/manifest.json/canvas/45#xywh=922,244,252,21"
      }
    },
    {
      "type": "Feature",
      "geometry": {
        "type": "Point",
        "coordinates": [
          -95.986799,
          36.1692523
        ]
      },
      "properties": {
        "name": "Brown Wm",
        "address": "b 911 E Fairview",
        "occupation_role": "lab",
        "employer": "",
        "spouse_name": "",
        "alphabetical_range": "BRO",
        "canvas_fragment": "https://digitalcollections.tulsalibrary.org/iiif/2/p15020coll12:2857/manifest.json/canvas/45#xywh=924,1335,255,27"
      }
    },
    {
      "type": "Feature",
      "geometry": {
        "type": "Point",
        "coordinates": [
          -95.9830852,
          36.171727
        ]
      },
      "properties": {
        "name": "Brown Wm",
        "address": "r 1220 Pocahontas",
        "occupation_role": "chauffeur",
        "employer": "",
        "spouse_name": "Ella",
        "alphabetical_range": "BRO",
        "canvas_fragment": "https://digitalcollections.tulsalibrary.org/iiif/2/p15020coll12:2857/manifest.json/canvas/45#xywh=1209,1421,14,33"
      }
    },
    {
      "type": "Feature",
      "geometry": {
        "type": "Point",
        "coordinates": [
          -95.9811897,
          36.1725003
        ]
      },
      "properties": {
        "name": "Bruce James",
        "address": "r 1226 N Lansing av",
        "occupation_role": "lab",
        "employer": "",
        "spouse_name": "Esther",
        "alphabetical_range": "BRU",
        "canvas_fragment": "https://digitalcollections.tulsalibrary.org/iiif/2/p15020coll12:2857/manifest.json/canvas/46#xywh=369,1455,240,17"
      }
    },
    {
      "type": "Feature",
      "geometry": {
        "type": "Point",
        "coordinates": [
          -95.986516,
          36.1701823
        ]
      },
      "properties": {
        "name": "Bruner Rayfred F",
        "address": "r 612 Booker",
        "occupation_role": "lab",
        "employer": "",
        "spouse_name": "Elizabeth",
        "alphabetical_range": "BRU",
        "canvas_fragment": "https://digitalcollections.tulsalibrary.org/iiif/2/p15020coll12:2857/manifest.json/canvas/46#xywh=668,1260,249,18"
      }
    },
    {
      "type": "Feature",
      "geometry": {
        "type": "Point",
        "coordinates": [
          -95.9856868,
          36.1632001
        ]
      },
      "properties": {
        "name": "Bryant Alfred F",
        "address": "r 515 N Greenwood av",
        "occupation_role": "Economy Drug Co",
        "employer": "",
        "spouse_name": "Corrine",
        "alphabetical_range": "BRY",
        "canvas_fragment": "https://digitalcollections.tulsalibrary.org/iiif/2/p15020coll12:2857/manifest.json/canvas/46#xywh=925,1309,249,24"
      }
    },
    {
      "type": "Feature",
      "geometry": {
        "type": "Point",
        "coordinates": [
          -95.9910122,
          36.1627119
        ]
      },
      "properties": {
        "name": "Bryant Anna",
        "address": "rms 520 N Elgin av",
        "occupation_role": "laundress",
        "employer": "",
        "spouse_name": "",
        "alphabetical_range": "BRY",
        "canvas_fragment": "https://digitalcollections.tulsalibrary.org/iiif/2/p15020coll12:2857/manifest.json/canvas/46#xywh=926,1341,254,29"
      }
    },
    {
      "type": "Feature",
      "geometry": {
        "type": "Point",
        "coordinates": [
          -95.9904371,
          36.1627736
        ]
      },
      "properties": {
        "name": "Bryant Batt E",
        "address": "r 503 N Elgin av",
        "occupation_role": "helper",
        "employer": "",
        "spouse_name": "Mary",
        "alphabetical_range": "BRY",
        "canvas_fragment": "https://digitalcollections.tulsalibrary.org/iiif/2/p15020coll12:2857/manifest.json/canvas/46#xywh=926,1384,249,18"
      }
    },
    {
      "type": "Feature",
      "geometry": {
        "type": "Point",
        "coordinates": [
          -95.9910122,
          36.1627119
        ]
      },
      "properties": {
        "name": "Bryant Harris",
        "address": "rms 520 N Elgin av",
        "occupation_role": "lab",
        "employer": "",
        "spouse_name": "Anna",
        "alphabetical_range": "BRY",
        "canvas_fragment": "https://digitalcollections.tulsalibrary.org/iiif/2/p15020coll12:2857/manifest.json/canvas/46#xywh=927,1583,247,18"
      }
    },
    {
      "type": "Feature",
      "geometry": {
        "type": "Point",
        "coordinates": [
          -95.9823036,
          36.1708336
        ]
      },
      "properties": {
        "name": "Buckner Mrs Rose",
        "address": "rms 1117 Pocahontas",
        "occupation_role": "maid",
        "employer": "",
        "spouse_name": "",
        "alphabetical_range": "BUM",
        "canvas_fragment": "https://digitalcollections.tulsalibrary.org/iiif/2/p15020coll12:2857/manifest.json/canvas/47#xywh=671,383,249,29"
      }
    },
    {
      "type": "Feature",
      "geometry": {
        "type": "Point",
        "coordinates": [
          -95.9873667,
          36.1630683
        ]
      },
      "properties": {
        "name": "Bunting Elldridge N",
        "address": "b 506 N Greenwood av",
        "occupation_role": "helper",
        "employer": "Portland Cafe",
        "spouse_name": "",
        "alphabetical_range": "BUM",
        "canvas_fragment": "https://digitalcollections.tulsalibrary.org/iiif/2/p15020coll12:2857/manifest.json/canvas/48#xywh=143,1635,231,17"
      }
    },
    {
      "type": "Feature",
      "geometry": {
        "type": "Point",
        "coordinates": [
          -95.9874481,
          36.163245
        ]
      },
      "properties": {
        "name": "Burchey George",
        "address": "r 606 N Greenwood av",
        "occupation_role": "lab",
        "employer": "",
        "spouse_name": "Lily",
        "alphabetical_range": "BUR",
        "canvas_fragment": "https://digitalcollections.tulsalibrary.org/iiif/2/p15020coll12:2857/manifest.json/canvas/48#xywh=378,655,238,36"
      }
    },
    {
      "type": "Feature",
      "geometry": {
        "type": "Point",
        "coordinates": [
          -95.9873655,
          36.163086
        ]
      },
      "properties": {
        "name": "Burkes Barney",
        "address": "rms 508 N Greenwood av",
        "occupation_role": "porter",
        "employer": "",
        "spouse_name": "",
        "alphabetical_range": "BUR",
        "canvas_fragment": "https://digitalcollections.tulsalibrary.org/iiif/2/p15020coll12:2857/manifest.json/canvas/48#xywh=935,826,246,20"
      }
    },
    {
      "type": "Feature",
      "geometry": {
        "type": "Point",
        "coordinates": [
          -95.9862923,
          36.1691121
        ]
      },
      "properties": {
        "name": "Burks Steven",
        "address": "r 1025 N Greenwood av",
        "occupation_role": "",
        "employer": "",
        "spouse_name": "Lula",
        "alphabetical_range": "BUR",
        "canvas_fragment": "https://digitalcollections.tulsalibrary.org/iiif/2/p15020coll12:2857/manifest.json/canvas/49#xywh=142,768,200,42"
      }
    },
    {
      "type": "Feature",
      "geometry": {
        "type": "Point",
        "coordinates": [
          -95.9862816,
          36.1615747
        ]
      },
      "properties": {
        "name": "Burton Hattie",
        "address": "rms 319 N Greenwood av",
        "occupation_role": "maid",
        "employer": "",
        "spouse_name": "",
        "alphabetical_range": "BUR",
        "canvas_fragment": "https://digitalcollections.tulsalibrary.org/iiif/2/p15020coll12:2857/manifest.json/canvas/49#xywh=948,1025,223,31"
      }
    },
    {
      "type": "Feature",
      "geometry": {
        "type": "Point",
        "coordinates": [
          -95.9863822,
          36.1633047
        ]
      },
      "properties": {
        "name": "Burton Robert M",
        "address": "b 615 N Greenwood av",
        "occupation_role": "tailor",
        "employer": "Arthur Scarbough",
        "spouse_name": "",
        "alphabetical_range": "BUR",
        "canvas_fragment": "https://digitalcollections.tulsalibrary.org/iiif/2/p15020coll12:2857/manifest.json/canvas/50#xywh=133,222,234,38"
      }
    },
    {
      "type": "Feature",
      "geometry": {
        "type": "Point",
        "coordinates": [
          -95.9863614,
          36.1657681
        ]
      },
      "properties": {
        "name": "Butler Charles",
        "address": "r 628 E Independence",
        "occupation_role": "porter",
        "employer": "",
        "spouse_name": "Ida",
        "alphabetical_range": "BUR",
        "canvas_fragment": "https://digitalcollections.tulsalibrary.org/iiif/2/p15020coll12:2857/manifest.json/canvas/50#xywh=371,1598,151,27"
      }
    },
    {
      "type": "Feature",
      "geometry": {
        "type": "Point",
        "coordinates": [
          -95.9865989,
          36.1616662
        ]
      },
      "properties": {
        "name": "Butcher Odelia",
        "address": "rms 310 N Greenwood av",
        "occupation_role": "maid",
        "employer": "Hotel Tulsa",
        "spouse_name": "",
        "alphabetical_range": "BUR",
        "canvas_fragment": "https://digitalcollections.tulsalibrary.org/iiif/2/p15020coll12:2857/manifest.json/canvas/50#xywh=124,1595,189,21"
      }
    },
    {
      "type": "Feature",
      "geometry": {
        "type": "Point",
        "coordinates": [
          -95.9867984,
          36.1703165
        ]
      },
      "properties": {
        "name": "Butler Delilah",
        "address": "b 1134 N Greenwood",
        "occupation_role": "",
        "employer": "",
        "spouse_name": "",
        "alphabetical_range": "BYA",
        "canvas_fragment": "https://digitalcollections.tulsalibrary.org/iiif/2/p15020coll12:2857/manifest.json/canvas/50#xywh=686,355,246,31"
      }
    },
    {
      "type": "Feature",
      "geometry": {
        "type": "Point",
        "coordinates": [
          -95.986799,
          36.1692523
        ]
      },
      "properties": {
        "name": "Butler George",
        "address": "b 802 E Fairview",
        "occupation_role": "carp",
        "employer": "",
        "spouse_name": "",
        "alphabetical_range": "BYA",
        "canvas_fragment": "https://digitalcollections.tulsalibrary.org/iiif/2/p15020coll12:2857/manifest.json/canvas/50#xywh=688,645,246,32"
      }
    },
    {
      "type": "Feature",
      "geometry": {
        "type": "Point",
        "coordinates": [
          -95.9874649,
          36.1690187
        ]
      },
      "properties": {
        "name": "Butler Wm H",
        "address": "b 536 Williams",
        "occupation_role": "",
        "employer": "",
        "spouse_name": "Molsie",
        "alphabetical_range": "BYA",
        "canvas_fragment": "https://digitalcollections.tulsalibrary.org/iiif/2/p15020coll12:2857/manifest.json/canvas/50#xywh=941,457,245,29"
      }
    },
    {
      "type": "Feature",
      "geometry": {
        "type": "Point",
        "coordinates": [
          -95.9887648,
          36.1588594
        ]
      },
      "properties": {
        "name": "Byrd James J",
        "address": "r 309 E Archer",
        "occupation_role": "lab",
        "employer": "",
        "spouse_name": "Hattie",
        "alphabetical_range": "BYB",
        "canvas_fragment": "https://digitalcollections.tulsalibrary.org/iiif/2/p15020coll12:2857/manifest.json/canvas/51#xywh=70,737,37,21"
      }
    },
    {
      "type": "Feature",
      "geometry": {
        "type": "Point",
        "coordinates": [
          -95.9902795,
          36.1624709
        ]
      },
      "properties": {
        "name": "Caber Howard J",
        "address": "r 420 N Elgin av",
        "occupation_role": "clnr",
        "employer": "",
        "spouse_name": "Nettie",
        "alphabetical_range": "CAH",
        "canvas_fragment": "https://digitalcollections.tulsalibrary.org/iiif/2/p15020coll12:2857/manifest.json/canvas/51#xywh=369,813,238,39"
      }
    },
    {
      "type": "Feature",
      "geometry": {
        "type": "Point",
        "coordinates": [
          -95.9899631,
          36.1629136
        ]
      },
      "properties": {
        "name": "Caldwell Cleo",
        "address": "rms 420 E Easton",
        "occupation_role": "helper",
        "employer": "",
        "spouse_name": "",
        "alphabetical_range": "CAL",
        "canvas_fragment": "https://digitalcollections.tulsalibrary.org/iiif/2/p15020coll12:2857/manifest.json/canvas/51#xywh=692,1228,246,26"
      }
    },
    {
      "type": "Feature",
      "geometry": {
        "type": "Point",
        "coordinates": [
          -95.986799,
          36.1692523
        ]
      },
      "properties": {
        "name": "Caldwell George",
        "address": "rms 112 1/2 N Greenwood av",
        "occupation_role": "helper",
        "employer": "",
        "spouse_name": "",
        "alphabetical_range": "CAL",
        "canvas_fragment": "https://digitalcollections.tulsalibrary.org/iiif/2/p15020coll12:2857/manifest.json/canvas/51#xywh=693,1335,245,22"
      }
    },
    {
      "type": "Feature",
      "geometry": {
        "type": "Point",
        "coordinates": [
          -95.9865027,
          36.1683301
        ]
      },
      "properties": {
        "name": "Caldwell Steven",
        "address": "r 639 Bryant",
        "occupation_role": "janitor",
        "employer": "",
        "spouse_name": "Addie",
        "alphabetical_range": "CAL",
        "canvas_fragment": "https://digitalcollections.tulsalibrary.org/iiif/2/p15020coll12:2857/manifest.json/canvas/51#xywh=695,1586,246,26"
      }
    },
    {
      "type": "Feature",
      "geometry": {
        "type": "Point",
        "coordinates": [
          -95.9830852,
          36.171727
        ]
      },
      "properties": {
        "name": "Caleb Lavonia",
        "address": "b 1228 Pocahontas",
        "occupation_role": "waiter",
        "employer": "",
        "spouse_name": "",
        "alphabetical_range": "CAL",
        "canvas_fragment": "https://digitalcollections.tulsalibrary.org/iiif/2/p15020coll12:2857/manifest.json/canvas/51#xywh=937,240,245,29"
      }
    },
    {
      "type": "Feature",
      "geometry": {
        "type": "Point",
        "coordinates": [
          -95.9897202,
          36.1625944
        ]
      },
      "properties": {
        "name": "Callahan Lottie",
        "address": "r 403 N Elgin av",
        "occupation_role": "",
        "employer": "",
        "spouse_name": "",
        "alphabetical_range": "CAL",
        "canvas_fragment": "https://digitalcollections.tulsalibrary.org/iiif/2/p15020coll12:2857/manifest.json/canvas/51#xywh=947,1320,237,32"
      }
    },
    {
      "type": "Feature",
      "geometry": {
        "type": "Point",
        "coordinates": [
          -95.9901007,
          36.1628627
        ]
      },
      "properties": {
        "name": "Callins John",
        "address": "rms 415 E Easton",
        "occupation_role": "porter",
        "employer": "",
        "spouse_name": "Bernice",
        "alphabetical_range": "CAM",
        "canvas_fragment": "https://digitalcollections.tulsalibrary.org/iiif/2/p15020coll12:2857/manifest.json/canvas/52#xywh=128,611,230,36"
      }
    },
    {
      "type": "Feature",
      "geometry": {
        "type": "Point",
        "coordinates": [
          -95.9868054,
          36.1659856
        ]
      },
      "properties": {
        "name": "Campbell Manuel",
        "address": "r 806 N Greenwood av",
        "occupation_role": "porter",
        "employer": "",
        "spouse_name": "Nannie",
        "alphabetical_range": "CAM",
        "canvas_fragment": "https://digitalcollections.tulsalibrary.org/iiif/2/p15020coll12:2857/manifest.json/canvas/52#xywh=944,1260,247,19"
      }
    },
    {
      "type": "Feature",
      "geometry": {
        "type": "Point",
        "coordinates": [
          -95.9863507,
          36.1692535
        ]
      },
      "properties": {
        "name": "Campbell May",
        "address": "r 706 E Williams",
        "occupation_role": "maid",
        "employer": "",
        "spouse_name": "",
        "alphabetical_range": "CAM",
        "canvas_fragment": "https://digitalcollections.tulsalibrary.org/iiif/2/p15020coll12:2857/manifest.json/canvas/52#xywh=945,1359,245,30"
      }
    },
    {
      "type": "Feature",
      "geometry": {
        "type": "Point",
        "coordinates": [
          -95.9830852,
          36.171727
        ]
      },
      "properties": {
        "name": "Cantu Celso",
        "address": "b 1339 Pocahontas",
        "occupation_role": "lab",
        "employer": "",
        "spouse_name": "",
        "alphabetical_range": "CAN",
        "canvas_fragment": "https://digitalcollections.tulsalibrary.org/iiif/2/p15020coll12:2857/manifest.json/canvas/53#xywh=675,999,250,29"
      }
    },
    {
      "type": "Feature",
      "geometry": {
        "type": "Point",
        "coordinates": [
          -95.9830852,
          36.171727
        ]
      },
      "properties": {
        "name": "Cantu Hose",
        "address": "b 1339 Pocahontas",
        "occupation_role": "lab",
        "employer": "",
        "spouse_name": "",
        "alphabetical_range": "CAN",
        "canvas_fragment": "https://digitalcollections.tulsalibrary.org/iiif/2/p15020coll12:2857/manifest.json/canvas/53#xywh=674,1037,252,21"
      }
    },
    {
      "type": "Feature",
      "geometry": {
        "type": "Point",
        "coordinates": [
          -95.986799,
          36.1692523
        ]
      },
      "properties": {
        "name": "Carr Alexander",
        "address": "r 129 1/2 N Greenwood av",
        "occupation_role": "Alexander Hotel",
        "employer": "",
        "spouse_name": "Fannie",
        "alphabetical_range": "CAR",
        "canvas_fragment": "https://digitalcollections.tulsalibrary.org/iiif/2/p15020coll12:2857/manifest.json/canvas/54#xywh=671,659,251,23"
      }
    },
    {
      "type": "Feature",
      "geometry": {
        "type": "Point",
        "coordinates": [
          -95.9862582,
          36.1656354
        ]
      },
      "properties": {
        "name": "Carr Benjamin",
        "address": "rms 640 E Independence",
        "occupation_role": "lab",
        "employer": "",
        "spouse_name": "",
        "alphabetical_range": "CAR",
        "canvas_fragment": "https://digitalcollections.tulsalibrary.org/iiif/2/p15020coll12:2857/manifest.json/canvas/54#xywh=672,770,226,21"
      }
    },
    {
      "type": "Feature",
      "geometry": {
        "type": "Point",
        "coordinates": [
          -95.986713,
          36.1692525
        ]
      },
      "properties": {
        "name": "Carr George",
        "address": "r 619 Williams",
        "occupation_role": "janitor",
        "employer": "",
        "spouse_name": "Gertrude",
        "alphabetical_range": "CAR",
        "canvas_fragment": "https://digitalcollections.tulsalibrary.org/iiif/2/p15020coll12:2857/manifest.json/canvas/54#xywh=1193,641,12,20"
      }
    },
    {
      "type": "Feature",
      "geometry": {
        "type": "Point",
        "coordinates": [
          -95.9909787,
          36.1626477
        ]
      },
      "properties": {
        "name": "Carter Charlotte",
        "address": "rms 510 N Elgin av",
        "occupation_role": "",
        "employer": "",
        "spouse_name": "",
        "alphabetical_range": "CAR",
        "canvas_fragment": "https://digitalcollections.tulsalibrary.org/iiif/2/p15020coll12:2857/manifest.json/canvas/55#xywh=112,1601,226,16"
      }
    },
    {
      "type": "Feature",
      "geometry": {
        "type": "Point",
        "coordinates": [
          -95.9910122,
          36.1627119
        ]
      },
      "properties": {
        "name": "Carter Green",
        "address": "rms 520 N Elgin",
        "occupation_role": "cook",
        "employer": "",
        "spouse_name": "",
        "alphabetical_range": "CAR",
        "canvas_fragment": "https://digitalcollections.tulsalibrary.org/iiif/2/p15020coll12:2857/manifest.json/canvas/55#xywh=347,919,247,29"
      }
    },
    {
      "type": "Feature",
      "geometry": {
        "type": "Point",
        "coordinates": [
          -95.986799,
          36.1692523
        ]
      },
      "properties": {
        "name": "Carter Green C",
        "address": "b 813 E Fairview",
        "occupation_role": "mech",
        "employer": "",
        "spouse_name": "Nina B",
        "alphabetical_range": "CAR",
        "canvas_fragment": "https://digitalcollections.tulsalibrary.org/iiif/2/p15020coll12:2857/manifest.json/canvas/55#xywh=347,961,247,28"
      }
    },
    {
      "type": "Feature",
      "geometry": {
        "type": "Point",
        "coordinates": [
          -95.9909678,
          36.1637907
        ]
      },
      "properties": {
        "name": "Carter John E",
        "address": "rms 641 N Elgin av",
        "occupation_role": "tchr",
        "employer": "Booker T Washn School",
        "spouse_name": "",
        "alphabetical_range": "CAR",
        "canvas_fragment": "https://digitalcollections.tulsalibrary.org/iiif/2/p15020coll12:2857/manifest.json/canvas/55#xywh=347,1344,226,17"
      }
    },
    {
      "type": "Feature",
      "geometry": {
        "type": "Point",
        "coordinates": [
          -95.9830894,
          36.1708158
        ]
      },
      "properties": {
        "name": "Carter Mrs Nannie",
        "address": "r 1113 Pocahontas",
        "occupation_role": "maid",
        "employer": "",
        "spouse_name": "",
        "alphabetical_range": "CAR",
        "canvas_fragment": "https://digitalcollections.tulsalibrary.org/iiif/2/p15020coll12:2857/manifest.json/canvas/55#xywh=660,238,252,20"
      }
    },
    {
      "type": "Feature",
      "geometry": {
        "type": "Point",
        "coordinates": [
          -95.9865965,
          36.1622088
        ]
      },
      "properties": {
        "name": "Carter Robert C",
        "address": "r 413 N Greenwood av",
        "occupation_role": "janitor",
        "employer": "",
        "spouse_name": "Ada",
        "alphabetical_range": "CAR",
        "canvas_fragment": "https://digitalcollections.tulsalibrary.org/iiif/2/p15020coll12:2857/manifest.json/canvas/55#xywh=661,541,253,30"
      }
    },
    {
      "type": "Feature",
      "geometry": {
        "type": "Point",
        "coordinates": [
          -95.986713,
          36.1692525
        ]
      },
      "properties": {
        "name": "Carter Samuel",
        "address": "rms 619 Williams",
        "occupation_role": "",
        "employer": "",
        "spouse_name": "",
        "alphabetical_range": "CAR",
        "canvas_fragment": "https://digitalcollections.tulsalibrary.org/iiif/2/p15020coll12:2857/manifest.json/canvas/55#xywh=661,646,254,26"
      }
    },
    {
      "type": "Feature",
      "geometry": {
        "type": "Point",
        "coordinates": [
          -95.9866001,
          36.1618411
        ]
      },
      "properties": {
        "name": "Casing Joseph",
        "address": "rms 316 N Greenwood av",
        "occupation_role": "lab",
        "employer": "",
        "spouse_name": "",
        "alphabetical_range": "CAS",
        "canvas_fragment": "https://digitalcollections.tulsalibrary.org/iiif/2/p15020coll12:2857/manifest.json/canvas/55#xywh=926,1408,227,22"
      }
    },
    {
      "type": "Feature",
      "geometry": {
        "type": "Point",
        "coordinates": [
          -95.9866001,
          36.1618411
        ]
      },
      "properties": {
        "name": "Cason Joseph L",
        "address": "b 316 N Greenwood",
        "occupation_role": "messr",
        "employer": "Hotel Tulsa",
        "spouse_name": "",
        "alphabetical_range": "CAS",
        "canvas_fragment": "https://digitalcollections.tulsalibrary.org/iiif/2/p15020coll12:2857/manifest.json/canvas/55#xywh=926,1519,250,24"
      }
    },
    {
      "type": "Feature",
      "geometry": {
        "type": "Point",
        "coordinates": [
          -95.9905217,
          36.1629358
        ]
      },
      "properties": {
        "name": "Caston Frank",
        "address": "rms 525 N Elgin av",
        "occupation_role": "janitor",
        "employer": "Central Natl Bank bldg",
        "spouse_name": "",
        "alphabetical_range": "CAS",
        "canvas_fragment": "https://digitalcollections.tulsalibrary.org/iiif/2/p15020coll12:2857/manifest.json/canvas/56#xywh=131,1176,226,32"
      }
    },
    {
      "type": "Feature",
      "geometry": {
        "type": "Point",
        "coordinates": [
          -95.985258,
          36.1601752
        ]
      },
      "properties": {
        "name": "Cavitt Bud",
        "address": "r 619 E Archer",
        "occupation_role": "lab",
        "employer": "",
        "spouse_name": "Lulu",
        "alphabetical_range": "CAU",
        "canvas_fragment": "https://digitalcollections.tulsalibrary.org/iiif/2/p15020coll12:2857/manifest.json/canvas/56#xywh=677,829,252,25"
      }
    },
    {
      "type": "Feature",
      "geometry": {
        "type": "Point",
        "coordinates": [
          -95.986799,
          36.1692523
        ]
      },
      "properties": {
        "name": "Chambers Grant",
        "address": "r 825 E Fairview",
        "occupation_role": "porter",
        "employer": "Tulsa Hotel",
        "spouse_name": "Sarah",
        "alphabetical_range": "CHA",
        "canvas_fragment": "https://digitalcollections.tulsalibrary.org/iiif/2/p15020coll12:2857/manifest.json/canvas/57#xywh=121,760,232,27"
      }
    },
    {
      "type": "Feature",
      "geometry": {
        "type": "Point",
        "coordinates": [
          -95.986799,
          36.1692523
        ]
      },
      "properties": {
        "name": "Chambers Wm L",
        "address": "b 825 E Fairview",
        "occupation_role": "janitor",
        "employer": "White Co",
        "spouse_name": "",
        "alphabetical_range": "CHA",
        "canvas_fragment": "https://digitalcollections.tulsalibrary.org/iiif/2/p15020coll12:2857/manifest.json/canvas/57#xywh=359,1362,243,20"
      }
    },
    {
      "type": "Feature",
      "geometry": {
        "type": "Point",
        "coordinates": [
          -95.986799,
          36.1692523
        ]
      },
      "properties": {
        "name": "Chandler Warren",
        "address": "r 807 E Fairview",
        "occupation_role": "janitor",
        "employer": "Wright bldg",
        "spouse_name": "Susie",
        "alphabetical_range": "CHA",
        "canvas_fragment": "https://digitalcollections.tulsalibrary.org/iiif/2/p15020coll12:2857/manifest.json/canvas/57#xywh=677,1295,254,28"
      }
    },
    {
      "type": "Feature",
      "geometry": {
        "type": "Point",
        "coordinates": [
          -95.9910122,
          36.1627119
        ]
      },
      "properties": {
        "name": "Charleston Clarence",
        "address": "b 520 N Elgin av",
        "occupation_role": "clk",
        "employer": "Lillian Charleston",
        "spouse_name": "",
        "alphabetical_range": "CHA",
        "canvas_fragment": "https://digitalcollections.tulsalibrary.org/iiif/2/p15020coll12:2857/manifest.json/canvas/58#xywh=132,695,232,32"
      }
    },
    {
      "type": "Feature",
      "geometry": {
        "type": "Point",
        "coordinates": [
          -95.9910122,
          36.1627119
        ]
      },
      "properties": {
        "name": "Charleston Lena",
        "address": "rms 520 N Elgin av",
        "occupation_role": "",
        "employer": "",
        "spouse_name": "",
        "alphabetical_range": "CHA",
        "canvas_fragment": "https://digitalcollections.tulsalibrary.org/iiif/2/p15020coll12:2857/manifest.json/canvas/58#xywh=133,735,229,37"
      }
    },
    {
      "type": "Feature",
      "geometry": {
        "type": "Point",
        "coordinates": [
          -95.9910122,
          36.1627119
        ]
      },
      "properties": {
        "name": "Charleston Lillian",
        "address": "520 N Elgin",
        "occupation_role": "grocer",
        "employer": "",
        "spouse_name": "",
        "alphabetical_range": "CHA",
        "canvas_fragment": "https://digitalcollections.tulsalibrary.org/iiif/2/p15020coll12:2857/manifest.json/canvas/58#xywh=133,772,229,35"
      }
    },
    {
      "type": "Feature",
      "geometry": {
        "type": "Point",
        "coordinates": [
          -95.9902407,
          36.1623964
        ]
      },
      "properties": {
        "name": "Cheatem Robert",
        "address": "rms 501 E Easton",
        "occupation_role": "lab",
        "employer": "",
        "spouse_name": "",
        "alphabetical_range": "CHA",
        "canvas_fragment": "https://digitalcollections.tulsalibrary.org/iiif/2/p15020coll12:2857/manifest.json/canvas/58#xywh=48,975,83,44"
      }
    },
    {
      "type": "Feature",
      "geometry": {
        "type": "Point",
        "coordinates": [
          -95.9873529,
          36.1644753
        ]
      },
      "properties": {
        "name": "Cherry James",
        "address": "r 702 N Greenwood av",
        "occupation_role": "lab",
        "employer": "",
        "spouse_name": "",
        "alphabetical_range": "CHI",
        "canvas_fragment": "https://digitalcollections.tulsalibrary.org/iiif/2/p15020coll12:2857/manifest.json/canvas/58#xywh=677,454,250,33"
      }
    },
    {
      "type": "Feature",
      "geometry": {
        "type": "Point",
        "coordinates": [
          -95.9873529,
          36.1644753
        ]
      },
      "properties": {
        "name": "Cherry Manuel",
        "address": "b 702 N Greenwood av",
        "occupation_role": "lab",
        "employer": "",
        "spouse_name": "Lettie",
        "alphabetical_range": "CHI",
        "canvas_fragment": "https://digitalcollections.tulsalibrary.org/iiif/2/p15020coll12:2857/manifest.json/canvas/58#xywh=679,618,251,30"
      }
    },
    {
      "type": "Feature",
      "geometry": {
        "type": "Point",
        "coordinates": [
          -95.9806824,
          36.1737329
        ]
      },
      "properties": {
        "name": "Childers Wm",
        "address": "b 1304 N Lansing av",
        "occupation_role": "lab",
        "employer": "",
        "spouse_name": "Mandy",
        "alphabetical_range": "CHI",
        "canvas_fragment": "https://digitalcollections.tulsalibrary.org/iiif/2/p15020coll12:2857/manifest.json/canvas/58#xywh=937,505,248,18"
      }
    },
    {
      "type": "Feature",
      "geometry": {
        "type": "Point",
        "coordinates": [
          -95.986801,
          36.1683276
        ]
      },
      "properties": {
        "name": "Church of God",
        "address": "1001 N Greenwood",
        "occupation_role": "",
        "employer": "",
        "spouse_name": "",
        "alphabetical_range": "CHU",
        "canvas_fragment": "https://digitalcollections.tulsalibrary.org/iiif/2/p15020coll12:2857/manifest.json/canvas/59#xywh=361,1382,241,17"
      }
    },
    {
      "type": "Feature",
      "geometry": {
        "type": "Point",
        "coordinates": [
          -95.9865998,
          36.1621365
        ]
      },
      "properties": {
        "name": "Clark Edward",
        "address": "b 405 N Greenwood",
        "occupation_role": "lab",
        "employer": "",
        "spouse_name": "",
        "alphabetical_range": "CLA",
        "canvas_fragment": "https://digitalcollections.tulsalibrary.org/iiif/2/p15020coll12:2857/manifest.json/canvas/59#xywh=935,1430,249,22"
      }
    },
    {
      "type": "Feature",
      "geometry": {
        "type": "Point",
        "coordinates": [
          -95.9919789,
          36.1630314
        ]
      },
      "properties": {
        "name": "Clark Ewell W",
        "address": "rms 523 N Detroit av",
        "occupation_role": "tailor",
        "employer": "",
        "spouse_name": "",
        "alphabetical_range": "CLA",
        "canvas_fragment": "https://digitalcollections.tulsalibrary.org/iiif/2/p15020coll12:2857/manifest.json/canvas/60#xywh=124,291,235,46"
      }
    },
    {
      "type": "Feature",
      "geometry": {
        "type": "Point",
        "coordinates": [
          -95.9860367,
          36.1701811
        ]
      },
      "properties": {
        "name": "Clark James",
        "address": "b 634 Booker",
        "occupation_role": "clnr",
        "employer": "",
        "spouse_name": "Mattie",
        "alphabetical_range": "CLA",
        "canvas_fragment": "https://digitalcollections.tulsalibrary.org/iiif/2/p15020coll12:2857/manifest.json/canvas/60#xywh=125,1098,233,25"
      }
    },
    {
      "type": "Feature",
      "geometry": {
        "type": "Point",
        "coordinates": [
          -95.9864874,
          36.1683302
        ]
      },
      "properties": {
        "name": "Clark Jessie",
        "address": "r 641 Bryant",
        "occupation_role": "",
        "employer": "",
        "spouse_name": "Beatrice",
        "alphabetical_range": "CLA",
        "canvas_fragment": "https://digitalcollections.tulsalibrary.org/iiif/2/p15020coll12:2857/manifest.json/canvas/60#xywh=124,1326,236,18"
      }
    },
    {
      "type": "Feature",
      "geometry": {
        "type": "Point",
        "coordinates": [
          -95.9806151,
          36.1707927
        ]
      },
      "properties": {
        "name": "Claybon John",
        "address": "r 1133 N Lansing av",
        "occupation_role": "tmstr",
        "employer": "",
        "spouse_name": "Rosa",
        "alphabetical_range": "CLA",
        "canvas_fragment": "https://digitalcollections.tulsalibrary.org/iiif/2/p15020coll12:2857/manifest.json/canvas/60#xywh=933,768,251,25"
      }
    },
    {
      "type": "Feature",
      "geometry": {
        "type": "Point",
        "coordinates": [
          -95.9806151,
          36.1707927
        ]
      },
      "properties": {
        "name": "Claybon John",
        "address": "b 1133 N Lansing",
        "occupation_role": "",
        "employer": "",
        "spouse_name": "",
        "alphabetical_range": "CLA",
        "canvas_fragment": "https://digitalcollections.tulsalibrary.org/iiif/2/p15020coll12:2857/manifest.json/canvas/60#xywh=933,804,250,25"
      }
    },
    {
      "type": "Feature",
      "geometry": {
        "type": "Point",
        "coordinates": [
          -95.9856835,
          36.1631086
        ]
      },
      "properties": {
        "name": "Clayton Wm",
        "address": "rms 509 N Greenwood av",
        "occupation_role": "shoe shiner",
        "employer": "N B Johnson",
        "spouse_name": "",
        "alphabetical_range": "CLA",
        "canvas_fragment": "https://digitalcollections.tulsalibrary.org/iiif/2/p15020coll12:2857/manifest.json/canvas/60#xywh=939,1568,251,39"
      }
    },
    {
      "type": "Feature",
      "geometry": {
        "type": "Point",
        "coordinates": [
          -95.9873655,
          36.163086
        ]
      },
      "properties": {
        "name": "Cleaver Barney",
        "address": "r 508 N Greenwood av",
        "occupation_role": "detective",
        "employer": "",
        "spouse_name": "Verna",
        "alphabetical_range": "CLA",
        "canvas_fragment": "https://digitalcollections.tulsalibrary.org/iiif/2/p15020coll12:2857/manifest.json/canvas/61#xywh=131,714,231,28"
      }
    },
    {
      "type": "Feature",
      "geometry": {
        "type": "Point",
        "coordinates": [
          -95.9869397,
          36.1612453
        ]
      },
      "properties": {
        "name": "Clinton Wm & Son",
        "address": "519 E Cameron",
        "occupation_role": "grocers",
        "employer": "",
        "spouse_name": "",
        "alphabetical_range": "CLI",
        "canvas_fragment": "https://digitalcollections.tulsalibrary.org/iiif/2/p15020coll12:2857/manifest.json/canvas/61#xywh=661,1071,254,18"
      }
    },
    {
      "type": "Feature",
      "geometry": {
        "type": "Point",
        "coordinates": [
          -95.9912966,
          36.1619508
        ]
      },
      "properties": {
        "name": "Clopton Robert B",
        "address": "rms 413 N Detroit av",
        "occupation_role": "porter",
        "employer": "",
        "spouse_name": "",
        "alphabetical_range": "CLI",
        "canvas_fragment": "https://digitalcollections.tulsalibrary.org/iiif/2/p15020coll12:2857/manifest.json/canvas/61#xywh=661,1321,254,18"
      }
    },
    {
      "type": "Feature",
      "geometry": {
        "type": "Point",
        "coordinates": [
          -95.9869397,
          36.1612453
        ]
      },
      "properties": {
        "name": "Cofield Nimrod R",
        "address": "rms 511 E Cameron",
        "occupation_role": "porter",
        "employer": "",
        "spouse_name": "Irene",
        "alphabetical_range": "COH",
        "canvas_fragment": "https://digitalcollections.tulsalibrary.org/iiif/2/p15020coll12:2857/manifest.json/canvas/62#xywh=650,1182,257,20"
      }
    },
    {
      "type": "Feature",
      "geometry": {
        "type": "Point",
        "coordinates": [
          -95.9914401,
          36.1619791
        ]
      },
      "properties": {
        "name": "Colbert Mattie",
        "address": "rms 421 N Detroit av",
        "occupation_role": "maid",
        "employer": "Hotel Cotton",
        "spouse_name": "",
        "alphabetical_range": "COH",
        "canvas_fragment": "https://digitalcollections.tulsalibrary.org/iiif/2/p15020coll12:2857/manifest.json/canvas/63#xywh=124,1279,230,32"
      }
    },
    {
      "type": "Feature",
      "geometry": {
        "type": "Point",
        "coordinates": [
          -95.9851742,
          36.1601113
        ]
      },
      "properties": {
        "name": "Colbert Robert L",
        "address": "r 616 E Archer",
        "occupation_role": "shoe shiner",
        "employer": "Edward Kernel",
        "spouse_name": "Emma",
        "alphabetical_range": "COH",
        "canvas_fragment": "https://digitalcollections.tulsalibrary.org/iiif/2/p15020coll12:2857/manifest.json/canvas/63#xywh=124,1312,237,34"
      }
    },
    {
      "type": "Feature",
      "geometry": {
        "type": "Point",
        "coordinates": [
          -95.9850143,
          36.1704019
        ]
      },
      "properties": {
        "name": "Cole Mrs Minerva",
        "address": "r 641 Booker",
        "occupation_role": "",
        "employer": "",
        "spouse_name": "",
        "alphabetical_range": "COL",
        "canvas_fragment": "https://digitalcollections.tulsalibrary.org/iiif/2/p15020coll12:2857/manifest.json/canvas/63#xywh=666,267,221,17"
      }
    },
    {
      "type": "Feature",
      "geometry": {
        "type": "Point",
        "coordinates": [
          -95.9902841,
          36.1627949
        ]
      },
      "properties": {
        "name": "Coleman Dudley",
        "address": "r 407 E Easton",
        "occupation_role": "porter",
        "employer": "",
        "spouse_name": "Rosa",
        "alphabetical_range": "COL",
        "canvas_fragment": "https://digitalcollections.tulsalibrary.org/iiif/2/p15020coll12:2857/manifest.json/canvas/63#xywh=678,912,216,20"
      }
    },
    {
      "type": "Feature",
      "geometry": {
        "type": "Point",
        "coordinates": [
          -95.985258,
          36.1601752
        ]
      },
      "properties": {
        "name": "Coleman Major",
        "address": "rms 619 E Archer",
        "occupation_role": "porter",
        "employer": "",
        "spouse_name": "",
        "alphabetical_range": "COL",
        "canvas_fragment": "https://digitalcollections.tulsalibrary.org/iiif/2/p15020coll12:2857/manifest.json/canvas/63#xywh=663,1168,254,21"
      }
    },
    {
      "type": "Feature",
      "geometry": {
        "type": "Point",
        "coordinates": [
          -95.9800817,
          36.173545
        ]
      },
      "properties": {
        "name": "Collier Bertha",
        "address": "b 1251 N Lansing av",
        "occupation_role": "",
        "employer": "",
        "spouse_name": "",
        "alphabetical_range": "COL",
        "canvas_fragment": "https://digitalcollections.tulsalibrary.org/iiif/2/p15020coll12:2857/manifest.json/canvas/63#xywh=926,856,253,22"
      }
    },
    {
      "type": "Feature",
      "geometry": {
        "type": "Point",
        "coordinates": [
          -95.9800817,
          36.173545
        ]
      },
      "properties": {
        "name": "Collier Elbert",
        "address": "r 1251 N Lansing av",
        "occupation_role": "lab",
        "employer": "",
        "spouse_name": "Frances",
        "alphabetical_range": "COL",
        "canvas_fragment": "https://digitalcollections.tulsalibrary.org/iiif/2/p15020coll12:2857/manifest.json/canvas/63#xywh=926,899,251,21"
      }
    },
    {
      "type": "Feature",
      "geometry": {
        "type": "Point",
        "coordinates": [
          -95.9873632,
          36.16307
        ]
      },
      "properties": {
        "name": "Collins Allen",
        "address": "rms 514 N Greenwood av",
        "occupation_role": "lab",
        "employer": "",
        "spouse_name": "Eugene",
        "alphabetical_range": "COL",
        "canvas_fragment": "https://digitalcollections.tulsalibrary.org/iiif/2/p15020coll12:2857/manifest.json/canvas/63#xywh=927,1181,250,18"
      }
    },
    {
      "type": "Feature",
      "geometry": {
        "type": "Point",
        "coordinates": [
          -95.9899631,
          36.1629136
        ]
      },
      "properties": {
        "name": "Collins Leon",
        "address": "rms 420 E Easton",
        "occupation_role": "helper",
        "employer": "Polin Tire Service",
        "spouse_name": "",
        "alphabetical_range": "COL",
        "canvas_fragment": "https://digitalcollections.tulsalibrary.org/iiif/2/p15020coll12:2857/manifest.json/canvas/64#xywh=119,596,156,39"
      }
    },
    {
      "type": "Feature",
      "geometry": {
        "type": "Point",
        "coordinates": [
          -95.9862816,
          36.1615747
        ]
      },
      "properties": {
        "name": "Conner Maurice",
        "address": "rms 319 N Greenwood av",
        "occupation_role": "lab",
        "employer": "",
        "spouse_name": "",
        "alphabetical_range": "CON",
        "canvas_fragment": "https://digitalcollections.tulsalibrary.org/iiif/2/p15020coll12:2857/manifest.json/canvas/65#xywh=372,790,248,28"
      }
    },
    {
      "type": "Feature",
      "geometry": {
        "type": "Point",
        "coordinates": [
          -95.9897093,
          36.1613769
        ]
      },
      "properties": {
        "name": "Conwright James",
        "address": "rms 314 N Elgin av",
        "occupation_role": "driver",
        "employer": "Mrs Joseph De Haven",
        "spouse_name": "Claudia",
        "alphabetical_range": "COO",
        "canvas_fragment": "https://digitalcollections.tulsalibrary.org/iiif/2/p15020coll12:2857/manifest.json/canvas/65#xywh=931,1285,254,18"
      }
    },
    {
      "type": "Feature",
      "geometry": {
        "type": "Point",
        "coordinates": [
          -95.9850143,
          36.1704019
        ]
      },
      "properties": {
        "name": "Cook Jack",
        "address": "r 641 Booker",
        "occupation_role": "lab",
        "employer": "",
        "spouse_name": "Lucy",
        "alphabetical_range": "COO",
        "canvas_fragment": "https://digitalcollections.tulsalibrary.org/iiif/2/p15020coll12:2857/manifest.json/canvas/66#xywh=128,955,231,21"
      }
    },
    {
      "type": "Feature",
      "geometry": {
        "type": "Point",
        "coordinates": [
          -95.9878163,
          36.1685805
        ]
      },
      "properties": {
        "name": "Cook Wm",
        "address": "r 525 Bryant",
        "occupation_role": "",
        "employer": "",
        "spouse_name": "Pearl",
        "alphabetical_range": "COO",
        "canvas_fragment": "https://digitalcollections.tulsalibrary.org/iiif/2/p15020coll12:2857/manifest.json/canvas/66#xywh=368,638,247,29"
      }
    },
    {
      "type": "Feature",
      "geometry": {
        "type": "Point",
        "coordinates": [
          -95.990113,
          36.1595195
        ]
      },
      "properties": {
        "name": "Corley Anna",
        "address": "rms 201 N Detroit av",
        "occupation_role": "maid",
        "employer": "",
        "spouse_name": "",
        "alphabetical_range": "COP",
        "canvas_fragment": "https://digitalcollections.tulsalibrary.org/iiif/2/p15020coll12:2857/manifest.json/canvas/67#xywh=371,825,247,37"
      }
    },
    {
      "type": "Feature",
      "geometry": {
        "type": "Point",
        "coordinates": [
          -95.9919645,
          36.163001
        ]
      },
      "properties": {
        "name": "Cotten Sally",
        "address": "b 515 N Detroit av",
        "occupation_role": "",
        "employer": "",
        "spouse_name": "",
        "alphabetical_range": "COU",
        "canvas_fragment": "https://digitalcollections.tulsalibrary.org/iiif/2/p15020coll12:2857/manifest.json/canvas/67#xywh=911,595,253,23"
      }
    },
    {
      "type": "Feature",
      "geometry": {
        "type": "Point",
        "coordinates": [
          -95.9854419,
          36.1703999
        ]
      },
      "properties": {
        "name": "Cotton John C",
        "address": "r 627 Booker",
        "occupation_role": "porter",
        "employer": "Norval & Dial",
        "spouse_name": "Frances",
        "alphabetical_range": "COU",
        "canvas_fragment": "https://digitalcollections.tulsalibrary.org/iiif/2/p15020coll12:2857/manifest.json/canvas/67#xywh=911,994,251,21"
      }
    },
    {
      "type": "Feature",
      "geometry": {
        "type": "Point",
        "coordinates": [
          -95.9806582,
          36.1719206
        ]
      },
      "properties": {
        "name": "Cotton Monsieur",
        "address": "1201 N Lansing av, r same",
        "occupation_role": "grocer",
        "employer": "",
        "spouse_name": "Corrine",
        "alphabetical_range": "COU",
        "canvas_fragment": "https://digitalcollections.tulsalibrary.org/iiif/2/p15020coll12:2857/manifest.json/canvas/67#xywh=911,1026,251,20"
      }
    },
    {
      "type": "Feature",
      "geometry": {
        "type": "Point",
        "coordinates": [
          -95.9868049,
          36.1665713
        ]
      },
      "properties": {
        "name": "Coulon Aleck",
        "address": "b 817 N Greenwood av",
        "occupation_role": "",
        "employer": "",
        "spouse_name": "",
        "alphabetical_range": "COU",
        "canvas_fragment": "https://digitalcollections.tulsalibrary.org/iiif/2/p15020coll12:2857/manifest.json/canvas/68#xywh=132,250,236,57"
      }
    },
    {
      "type": "Feature",
      "geometry": {
        "type": "Point",
        "coordinates": [
          -95.9865949,
          36.1614761
        ]
      },
      "properties": {
        "name": "Covington Novella",
        "address": "rms 306 N Greenwood av",
        "occupation_role": "maid",
        "employer": "",
        "spouse_name": "",
        "alphabetical_range": "COW",
        "canvas_fragment": "https://digitalcollections.tulsalibrary.org/iiif/2/p15020coll12:2857/manifest.json/canvas/68#xywh=378,923,245,32"
      }
    },
    {
      "type": "Feature",
      "geometry": {
        "type": "Point",
        "coordinates": [
          -95.9902407,
          36.1623964
        ]
      },
      "properties": {
        "name": "Cox Samuel",
        "address": "rms 501 E Easton",
        "occupation_role": "lab",
        "employer": "",
        "spouse_name": "Addie",
        "alphabetical_range": "COY",
        "canvas_fragment": "https://digitalcollections.tulsalibrary.org/iiif/2/p15020coll12:2857/manifest.json/canvas/68#xywh=928,1037,253,18"
      }
    },
    {
      "type": "Feature",
      "geometry": {
        "type": "Point",
        "coordinates": [
          -95.9830852,
          36.171727
        ]
      },
      "properties": {
        "name": "Crane Edward",
        "address": "r 1238 Pocahontas",
        "occupation_role": "scavenger",
        "employer": "",
        "spouse_name": "",
        "alphabetical_range": "CRA",
        "canvas_fragment": "https://digitalcollections.tulsalibrary.org/iiif/2/p15020coll12:2857/manifest.json/canvas/69#xywh=653,1525,259,26"
      }
    },
    {
      "type": "Feature",
      "geometry": {
        "type": "Point",
        "coordinates": [
          -95.9860436,
          36.1683339
        ]
      },
      "properties": {
        "name": "Crizine Wm",
        "address": "r 832 E Bryant",
        "occupation_role": "tmstr",
        "employer": "",
        "spouse_name": "Charity",
        "alphabetical_range": "CRE",
        "canvas_fragment": "https://digitalcollections.tulsalibrary.org/iiif/2/p15020coll12:2857/manifest.json/canvas/70#xywh=668,1617,254,17"
      }
    },
    {
      "type": "Feature",
      "geometry": {
        "type": "Point",
        "coordinates": [
          -95.9904361,
          36.1627717
        ]
      },
      "properties": {
        "name": "Croomes Charles",
        "address": "r 502 N Elgin av",
        "occupation_role": "porter",
        "employer": "",
        "spouse_name": "Mary",
        "alphabetical_range": "CRO",
        "canvas_fragment": "https://digitalcollections.tulsalibrary.org/iiif/2/p15020coll12:2857/manifest.json/canvas/71#xywh=122,899,234,18"
      }
    },
    {
      "type": "Feature",
      "geometry": {
        "type": "Point",
        "coordinates": [
          -95.9898988,
          36.1591129
        ]
      },
      "properties": {
        "name": "Crouch Reuben",
        "address": "rms 123 N Detroit av",
        "occupation_role": "lab",
        "employer": "",
        "spouse_name": "",
        "alphabetical_range": "CRO",
        "canvas_fragment": "https://digitalcollections.tulsalibrary.org/iiif/2/p15020coll12:2857/manifest.json/canvas/71#xywh=660,464,251,27"
      }
    },
    {
      "type": "Feature",
      "geometry": {
        "type": "Point",
        "coordinates": [
          -95.9873643,
          36.1631037
        ]
      },
      "properties": {
        "name": "Cruel John",
        "address": "b 510 N Greenwood av",
        "occupation_role": "tailor",
        "employer": "",
        "spouse_name": "",
        "alphabetical_range": "CRU",
        "canvas_fragment": "https://digitalcollections.tulsalibrary.org/iiif/2/p15020coll12:2857/manifest.json/canvas/71#xywh=910,1421,250,22"
      }
    },
    {
      "type": "Feature",
      "geometry": {
        "type": "Point",
        "coordinates": [
          -95.9914516,
          36.1620014
        ]
      },
      "properties": {
        "name": "Cunigan Wm",
        "address": "r 423 N Detroit av",
        "occupation_role": "lab",
        "employer": "",
        "spouse_name": "Anna",
        "alphabetical_range": "CUN",
        "canvas_fragment": "https://digitalcollections.tulsalibrary.org/iiif/2/p15020coll12:2857/manifest.json/canvas/72#xywh=650,1320,253,32"
      }
    },
    {
      "type": "Feature",
      "geometry": {
        "type": "Point",
        "coordinates": [
          -95.9865965,
          36.1622088
        ]
      },
      "properties": {
        "name": "Cunningham General G",
        "address": "rms 412 N Greenwood av",
        "occupation_role": "lab",
        "employer": "",
        "spouse_name": "",
        "alphabetical_range": "CUN",
        "canvas_fragment": "https://digitalcollections.tulsalibrary.org/iiif/2/p15020coll12:2857/manifest.json/canvas/72#xywh=918,656,251,32"
      }
    },
    {
      "type": "Feature",
      "geometry": {
        "type": "Point",
        "coordinates": [
          -95.9865965,
          36.1622088
        ]
      },
      "properties": {
        "name": "Cunningham Grant",
        "address": "rms 412 N Greenwood av",
        "occupation_role": "blmkr",
        "employer": "Smith's Cement Block Co",
        "spouse_name": "",
        "alphabetical_range": "CUN",
        "canvas_fragment": "https://digitalcollections.tulsalibrary.org/iiif/2/p15020coll12:2857/manifest.json/canvas/72#xywh=915,855,251,34"
      }
    },
    {
      "type": "Feature",
      "geometry": {
        "type": "Point",
        "coordinates": [
          -95.986599,
          36.1621546
        ]
      },
      "properties": {
        "name": "Curtis Richard",
        "address": "rms 407 N Greenwood av",
        "occupation_role": "",
        "employer": "",
        "spouse_name": "",
        "alphabetical_range": "CUR",
        "canvas_fragment": "https://digitalcollections.tulsalibrary.org/iiif/2/p15020coll12:2857/manifest.json/canvas/73#xywh=671,679,250,35"
      }
    },
    {
      "type": "Feature",
      "geometry": {
        "type": "Point",
        "coordinates": [
          -95.9867984,
          36.1703165
        ]
      },
      "properties": {
        "name": "Dabney Lena",
        "address": "b 1134 N Greenwood av",
        "occupation_role": "",
        "employer": "",
        "spouse_name": "",
        "alphabetical_range": "DAK",
        "canvas_fragment": "https://digitalcollections.tulsalibrary.org/iiif/2/p15020coll12:2857/manifest.json/canvas/73#xywh=929,607,248,35"
      }
    },
    {
      "type": "Feature",
      "geometry": {
        "type": "Point",
        "coordinates": [
          -95.9897398,
          36.1614372
        ]
      },
      "properties": {
        "name": "Dallas Henry",
        "address": "rms 322 N Elgin av",
        "occupation_role": "lab",
        "employer": "",
        "spouse_name": "",
        "alphabetical_range": "DAK",
        "canvas_fragment": "https://digitalcollections.tulsalibrary.org/iiif/2/p15020coll12:2857/manifest.json/canvas/74#xywh=118,1077,229,18"
      }
    },
    {
      "type": "Feature",
      "geometry": {
        "type": "Point",
        "coordinates": [
          -95.986799,
          36.1692616
        ]
      },
      "properties": {
        "name": "Daniel Harry",
        "address": "r 1100 N Greenwood av",
        "occupation_role": "grocer",
        "employer": "",
        "spouse_name": "Ella",
        "alphabetical_range": "DAN",
        "canvas_fragment": "https://digitalcollections.tulsalibrary.org/iiif/2/p15020coll12:2857/manifest.json/canvas/74#xywh=353,1085,239,22"
      }
    },
    {
      "type": "Feature",
      "geometry": {
        "type": "Point",
        "coordinates": [
          -95.9873639,
          36.1630876
        ]
      },
      "properties": {
        "name": "Daniels Josie",
        "address": "r 516 N Greenwood av",
        "occupation_role": "dom",
        "employer": "",
        "spouse_name": "",
        "alphabetical_range": "DAN",
        "canvas_fragment": "https://digitalcollections.tulsalibrary.org/iiif/2/p15020coll12:2857/manifest.json/canvas/74#xywh=684,366,186,32"
      }
    },
    {
      "type": "Feature",
      "geometry": {
        "type": "Point",
        "coordinates": [
          -95.9863822,
          36.1633047
        ]
      },
      "properties": {
        "name": "Daniels Theodore",
        "address": "rms 607 N Greenwood av",
        "occupation_role": "lab",
        "employer": "",
        "spouse_name": "Mary",
        "alphabetical_range": "DAN",
        "canvas_fragment": "https://digitalcollections.tulsalibrary.org/iiif/2/p15020coll12:2857/manifest.json/canvas/74#xywh=1054,466,120,20"
      }
    },
    {
      "type": "Feature",
      "geometry": {
        "type": "Point",
        "coordinates": [
          -95.9830852,
          36.171727
        ]
      },
      "properties": {
        "name": "Danzy Curly",
        "address": "r 1259 Pocahontas",
        "occupation_role": "lab",
        "employer": "",
        "spouse_name": "Sallie",
        "alphabetical_range": "DAN",
        "canvas_fragment": "https://digitalcollections.tulsalibrary.org/iiif/2/p15020coll12:2857/manifest.json/canvas/74#xywh=929,531,247,27"
      }
    },
    {
      "type": "Feature",
      "geometry": {
        "type": "Point",
        "coordinates": [
          -95.9910256,
          36.1627376
        ]
      },
      "properties": {
        "name": "Davis Allie",
        "address": "rms 524 N Elgin av",
        "occupation_role": "lab",
        "employer": "",
        "spouse_name": "Dora",
        "alphabetical_range": "DAV",
        "canvas_fragment": "https://digitalcollections.tulsalibrary.org/iiif/2/p15020coll12:2857/manifest.json/canvas/75#xywh=658,1506,248,21"
      }
    },
    {
      "type": "Feature",
      "geometry": {
        "type": "Point",
        "coordinates": [
          -95.9866767,
          36.1692526
        ]
      },
      "properties": {
        "name": "Davis Anderson",
        "address": "b 627 Williams",
        "occupation_role": "",
        "employer": "",
        "spouse_name": "Florence",
        "alphabetical_range": "DAV",
        "canvas_fragment": "https://digitalcollections.tulsalibrary.org/iiif/2/p15020coll12:2857/manifest.json/canvas/75#xywh=656,1576,250,27"
      }
    },
    {
      "type": "Feature",
      "geometry": {
        "type": "Point",
        "coordinates": [
          -95.9919743,
          36.1630218
        ]
      },
      "properties": {
        "name": "Davis Carrie",
        "address": "b 521 N Detroit av",
        "occupation_role": "tchr",
        "employer": "Booker T Washn School",
        "spouse_name": "",
        "alphabetical_range": "DAV",
        "canvas_fragment": "https://digitalcollections.tulsalibrary.org/iiif/2/p15020coll12:2857/manifest.json/canvas/75#xywh=933,681,229,19"
      }
    },
    {
      "type": "Feature",
      "geometry": {
        "type": "Point",
        "coordinates": [
          -95.9898988,
          36.1591129
        ]
      },
      "properties": {
        "name": "Davis Genevieve",
        "address": "rms 123 N Detroit av",
        "occupation_role": "lab",
        "employer": "",
        "spouse_name": "",
        "alphabetical_range": "DAV",
        "canvas_fragment": "https://digitalcollections.tulsalibrary.org/iiif/2/p15020coll12:2857/manifest.json/canvas/76#xywh=136,1054,228,25"
      }
    },
    {
      "type": "Feature",
      "geometry": {
        "type": "Point",
        "coordinates": [
          -95.986799,
          36.1692523
        ]
      },
      "properties": {
        "name": "Davis George",
        "address": "rms 112 1/2 N Greenwood av",
        "occupation_role": "porter",
        "employer": "",
        "spouse_name": "",
        "alphabetical_range": "DAV",
        "canvas_fragment": "https://digitalcollections.tulsalibrary.org/iiif/2/p15020coll12:2857/manifest.json/canvas/76#xywh=136,1086,228,30"
      }
    },
    {
      "type": "Feature",
      "geometry": {
        "type": "Point",
        "coordinates": [
          -95.9868049,
          36.1665713
        ]
      },
      "properties": {
        "name": "Davis George",
        "address": "rms 817 N Greenwood av",
        "occupation_role": "lab",
        "employer": "Hale-Halsell Co",
        "spouse_name": "",
        "alphabetical_range": "DAV",
        "canvas_fragment": "https://digitalcollections.tulsalibrary.org/iiif/2/p15020coll12:2857/manifest.json/canvas/76#xywh=147,1147,153,17"
      }
    },
    {
      "type": "Feature",
      "geometry": {
        "type": "Point",
        "coordinates": [
          -95.9898988,
          36.1591129
        ]
      },
      "properties": {
        "name": "Davis Goldie",
        "address": "rms 123 N Detroit av",
        "occupation_role": "lab",
        "employer": "",
        "spouse_name": "",
        "alphabetical_range": "DAV",
        "canvas_fragment": "https://digitalcollections.tulsalibrary.org/iiif/2/p15020coll12:2857/manifest.json/canvas/76#xywh=384,821,119,22"
      }
    },
    {
      "type": "Feature",
      "geometry": {
        "type": "Point",
        "coordinates": [
          -95.9902407,
          36.1623964
        ]
      },
      "properties": {
        "name": "Davis John",
        "address": "rms 504 E Easton",
        "occupation_role": "porter",
        "employer": "",
        "spouse_name": "",
        "alphabetical_range": "DAV",
        "canvas_fragment": "https://digitalcollections.tulsalibrary.org/iiif/2/p15020coll12:2857/manifest.json/canvas/76#xywh=373,1164,243,18"
      }
    },
    {
      "type": "Feature",
      "geometry": {
        "type": "Point",
        "coordinates": [
          -95.9813302,
          36.1710038
        ]
      },
      "properties": {
        "name": "Davis Mrs Lovie",
        "address": "r 1132 N Lansing av",
        "occupation_role": "maid",
        "employer": "",
        "spouse_name": "",
        "alphabetical_range": "DAV",
        "canvas_fragment": "https://digitalcollections.tulsalibrary.org/iiif/2/p15020coll12:2857/manifest.json/canvas/76#xywh=665,774,248,17"
      }
    },
    {
      "type": "Feature",
      "geometry": {
        "type": "Point",
        "coordinates": [
          -95.9866767,
          36.1692526
        ]
      },
      "properties": {
        "name": "Davis Lucinda",
        "address": "r 627 Williams",
        "occupation_role": "",
        "employer": "",
        "spouse_name": "",
        "alphabetical_range": "DAV",
        "canvas_fragment": "https://digitalcollections.tulsalibrary.org/iiif/2/p15020coll12:2857/manifest.json/canvas/76#xywh=664,809,249,21"
      }
    },
    {
      "type": "Feature",
      "geometry": {
        "type": "Point",
        "coordinates": [
          -95.9910256,
          36.1627376
        ]
      },
      "properties": {
        "name": "Davis Oliver",
        "address": "r 524 N Elgin av",
        "occupation_role": "porter",
        "employer": "King's Market",
        "spouse_name": "Dora",
        "alphabetical_range": "DAV",
        "canvas_fragment": "https://digitalcollections.tulsalibrary.org/iiif/2/p15020coll12:2857/manifest.json/canvas/76#xywh=924,402,249,24"
      }
    },
    {
      "type": "Feature",
      "geometry": {
        "type": "Point",
        "coordinates": [
          -95.9890192,
          36.1681589
        ]
      },
      "properties": {
        "name": "Davis Rosa D",
        "address": "b 910 N Ruth av",
        "occupation_role": "",
        "employer": "",
        "spouse_name": "",
        "alphabetical_range": "DAV",
        "canvas_fragment": "https://digitalcollections.tulsalibrary.org/iiif/2/p15020coll12:2857/manifest.json/canvas/76#xywh=920,1044,237,26"
      }
    },
    {
      "type": "Feature",
      "geometry": {
        "type": "Point",
        "coordinates": [
          -95.9800781,
          36.173412
        ]
      },
      "properties": {
        "name": "Davis Roy",
        "address": "b 1225 N Lansing av",
        "occupation_role": "lab",
        "employer": "",
        "spouse_name": "Katherine",
        "alphabetical_range": "DAV",
        "canvas_fragment": "https://digitalcollections.tulsalibrary.org/iiif/2/p15020coll12:2857/manifest.json/canvas/76#xywh=919,1106,248,35"
      }
    },
    {
      "type": "Feature",
      "geometry": {
        "type": "Point",
        "coordinates": [
          -95.9863507,
          36.1692535
        ]
      },
      "properties": {
        "name": "Davis Samuel",
        "address": "r 708 E Williams",
        "occupation_role": "lab",
        "employer": "",
        "spouse_name": "Lavina",
        "alphabetical_range": "DAV",
        "canvas_fragment": "https://digitalcollections.tulsalibrary.org/iiif/2/p15020coll12:2857/manifest.json/canvas/76#xywh=932,1347,60,23"
      }
    },
    {
      "type": "Feature",
      "geometry": {
        "type": "Point",
        "coordinates": [
          -95.9830852,
          36.171727
        ]
      },
      "properties": {
        "name": "Day Mrs Elsie",
        "address": "b 1238 Pocahontas",
        "occupation_role": "",
        "employer": "",
        "spouse_name": "",
        "alphabetical_range": "DEA",
        "canvas_fragment": "https://digitalcollections.tulsalibrary.org/iiif/2/p15020coll12:2857/manifest.json/canvas/77#xywh=668,480,251,29"
      }
    },
    {
      "type": "Feature",
      "geometry": {
        "type": "Point",
        "coordinates": [
          -95.986799,
          36.1692523
        ]
      },
      "properties": {
        "name": "Day Willie",
        "address": "rms 129 1/2 N Greenwood av",
        "occupation_role": "cook",
        "employer": "",
        "spouse_name": "",
        "alphabetical_range": "DEA",
        "canvas_fragment": "https://digitalcollections.tulsalibrary.org/iiif/2/p15020coll12:2857/manifest.json/canvas/77#xywh=673,1359,180,16"
      }
    },
    {
      "type": "Feature",
      "geometry": {
        "type": "Point",
        "coordinates": [
          -95.9866015,
          36.1621004
        ]
      },
      "properties": {
        "name": "Days Nora",
        "address": "rms 400 N Greenwood av",
        "occupation_role": "maid",
        "employer": "",
        "spouse_name": "",
        "alphabetical_range": "DEA",
        "canvas_fragment": "https://digitalcollections.tulsalibrary.org/iiif/2/p15020coll12:2857/manifest.json/canvas/77#xywh=673,1388,251,28"
      }
    },
    {
      "type": "Feature",
      "geometry": {
        "type": "Point",
        "coordinates": [
          -95.9863507,
          36.1692535
        ]
      },
      "properties": {
        "name": "Dean John",
        "address": "r 718 Williams",
        "occupation_role": "lab",
        "employer": "Bedford-Carthage Stone Co",
        "spouse_name": "Leda",
        "alphabetical_range": "DEA",
        "canvas_fragment": "https://digitalcollections.tulsalibrary.org/iiif/2/p15020coll12:2857/manifest.json/canvas/77#xywh=927,436,250,29"
      }
    },
    {
      "type": "Feature",
      "geometry": {
        "type": "Point",
        "coordinates": [
          -95.9863507,
          36.1692535
        ]
      },
      "properties": {
        "name": "Dean Joseph",
        "address": "b 726 E Williams",
        "occupation_role": "lab",
        "employer": "",
        "spouse_name": "",
        "alphabetical_range": "DEA",
        "canvas_fragment": "https://digitalcollections.tulsalibrary.org/iiif/2/p15020coll12:2857/manifest.json/canvas/77#xywh=929,523,246,30"
      }
    },
    {
      "type": "Feature",
      "geometry": {
        "type": "Point",
        "coordinates": [
          -95.9863507,
          36.1692535
        ]
      },
      "properties": {
        "name": "Dean Martha",
        "address": "b 726 E Williams",
        "occupation_role": "",
        "employer": "",
        "spouse_name": "",
        "alphabetical_range": "DEA",
        "canvas_fragment": "https://digitalcollections.tulsalibrary.org/iiif/2/p15020coll12:2857/manifest.json/canvas/77#xywh=927,542,252,24"
      }
    },
    {
      "type": "Feature",
      "geometry": {
        "type": "Point",
        "coordinates": [
          -95.9900548,
          36.1628797
        ]
      },
      "properties": {
        "name": "Dearman Dee",
        "address": "rms 417 E Easton",
        "occupation_role": "lab",
        "employer": "",
        "spouse_name": "Eula",
        "alphabetical_range": "DEA",
        "canvas_fragment": "https://digitalcollections.tulsalibrary.org/iiif/2/p15020coll12:2857/manifest.json/canvas/77#xywh=932,1310,251,21"
      }
    },
    {
      "type": "Feature",
      "geometry": {
        "type": "Point",
        "coordinates": [
          -95.9862816,
          36.1615747
        ]
      },
      "properties": {
        "name": "Deloney Ida",
        "address": "rms 319 Greenwood av",
        "occupation_role": "maid",
        "employer": "",
        "spouse_name": "",
        "alphabetical_range": "DEH",
        "canvas_fragment": "https://digitalcollections.tulsalibrary.org/iiif/2/p15020coll12:2857/manifest.json/canvas/78#xywh=912,287,255,31"
      }
    },
    {
      "type": "Feature",
      "geometry": {
        "type": "Point",
        "coordinates": [
          -95.9866496,
          36.1692527
        ]
      },
      "properties": {
        "name": "Dennis Mrs Belle",
        "address": "r 632 Williams",
        "occupation_role": "",
        "employer": "",
        "spouse_name": "",
        "alphabetical_range": "DEN",
        "canvas_fragment": "https://digitalcollections.tulsalibrary.org/iiif/2/p15020coll12:2857/manifest.json/canvas/79#xywh=156,681,215,37"
      }
    },
    {
      "type": "Feature",
      "geometry": {
        "type": "Point",
        "coordinates": [
          -95.9899631,
          36.1629136
        ]
      },
      "properties": {
        "name": "Dickson Cornelius E",
        "address": "rms 420 E Easton",
        "occupation_role": "lab",
        "employer": "",
        "spouse_name": "",
        "alphabetical_range": "DIC",
        "canvas_fragment": "https://digitalcollections.tulsalibrary.org/iiif/2/p15020coll12:2857/manifest.json/canvas/80#xywh=361,1625,255,19"
      }
    },
    {
      "type": "Feature",
      "geometry": {
        "type": "Point",
        "coordinates": [
          -95.9801919,
          36.1733944
        ]
      },
      "properties": {
        "name": "Dickson Wm",
        "address": "b 1235 N Lansing av",
        "occupation_role": "",
        "employer": "",
        "spouse_name": "",
        "alphabetical_range": "DIC",
        "canvas_fragment": "https://digitalcollections.tulsalibrary.org/iiif/2/p15020coll12:2857/manifest.json/canvas/80#xywh=650,918,257,25"
      }
    },
    {
      "type": "Feature",
      "geometry": {
        "type": "Point",
        "coordinates": [
          -95.9860833,
          36.1601365
        ]
      },
      "properties": {
        "name": "Dillard Edgar",
        "address": "r 109 N Greenwood av",
        "occupation_role": "shiner",
        "employer": "Hulit Dillard",
        "spouse_name": "",
        "alphabetical_range": "DIL",
        "canvas_fragment": "https://digitalcollections.tulsalibrary.org/iiif/2/p15020coll12:2857/manifest.json/canvas/80#xywh=912,1316,259,22"
      }
    },
    {
      "type": "Feature",
      "geometry": {
        "type": "Point",
        "coordinates": [
          -95.9869397,
          36.1612453
        ]
      },
      "properties": {
        "name": "Dillet Edgar",
        "address": "rms 513 E Cameron",
        "occupation_role": "lab",
        "employer": "",
        "spouse_name": "Marie",
        "alphabetical_range": "DIX",
        "canvas_fragment": "https://digitalcollections.tulsalibrary.org/iiif/2/p15020coll12:2857/manifest.json/canvas/81#xywh=127,714,233,42"
      }
    },
    {
      "type": "Feature",
      "geometry": {
        "type": "Point",
        "coordinates": [
          -95.9823007,
          36.1714716
        ]
      },
      "properties": {
        "name": "Dites Alexander",
        "address": "b 1175 Pocahontas",
        "occupation_role": "lab",
        "employer": "",
        "spouse_name": "Ellen",
        "alphabetical_range": "DIX",
        "canvas_fragment": "https://digitalcollections.tulsalibrary.org/iiif/2/p15020coll12:2857/manifest.json/canvas/81#xywh=368,803,249,27"
      }
    },
    {
      "type": "Feature",
      "geometry": {
        "type": "Point",
        "coordinates": [
          -95.9865514,
          36.1706708
        ]
      },
      "properties": {
        "name": "Donahoe Alabama",
        "address": "b 1137 N Greenwood av",
        "occupation_role": "",
        "employer": "",
        "spouse_name": "",
        "alphabetical_range": "DOH",
        "canvas_fragment": "https://digitalcollections.tulsalibrary.org/iiif/2/p15020coll12:2857/manifest.json/canvas/82#xywh=107,1158,35,46"
      }
    },
    {
      "type": "Feature",
      "geometry": {
        "type": "Point",
        "coordinates": [
          -95.9910122,
          36.1627119
        ]
      },
      "properties": {
        "name": "Dosier Lorenza",
        "address": "rms 520 N Elgin av",
        "occupation_role": "chauffeur",
        "employer": "",
        "spouse_name": "",
        "alphabetical_range": "DOT",
        "canvas_fragment": "https://digitalcollections.tulsalibrary.org/iiif/2/p15020coll12:2857/manifest.json/canvas/82#xywh=934,933,245,32"
      }
    },
    {
      "type": "Feature",
      "geometry": {
        "type": "Point",
        "coordinates": [
          -95.9904448,
          36.1627884
        ]
      },
      "properties": {
        "name": "Dorten Louis",
        "address": "r 505 N Elgin av",
        "occupation_role": "janitor",
        "employer": "",
        "spouse_name": "Minnie",
        "alphabetical_range": "DOT",
        "canvas_fragment": "https://digitalcollections.tulsalibrary.org/iiif/2/p15020coll12:2857/manifest.json/canvas/82#xywh=937,1011,245,29"
      }
    },
    {
      "type": "Feature",
      "geometry": {
        "type": "Point",
        "coordinates": [
          -95.9830852,
          36.171727
        ]
      },
      "properties": {
        "name": "Dotson Amanda",
        "address": "r 1258 Pocahontas",
        "occupation_role": "wid Willis",
        "employer": "",
        "spouse_name": "",
        "alphabetical_range": "DOT",
        "canvas_fragment": "https://digitalcollections.tulsalibrary.org/iiif/2/p15020coll12:2857/manifest.json/canvas/82#xywh=939,1234,228,35"
      }
    },
    {
      "type": "Feature",
      "geometry": {
        "type": "Point",
        "coordinates": [
          -95.9830852,
          36.171727
        ]
      },
      "properties": {
        "name": "Dotson Anna",
        "address": "b 1258 Pocahontas",
        "occupation_role": "maid",
        "employer": "",
        "spouse_name": "",
        "alphabetical_range": "DOT",
        "canvas_fragment": "https://digitalcollections.tulsalibrary.org/iiif/2/p15020coll12:2857/manifest.json/canvas/82#xywh=940,1268,243,36"
      }
    },
    {
      "type": "Feature",
      "geometry": {
        "type": "Point",
        "coordinates": [
          -95.9830852,
          36.171727
        ]
      },
      "properties": {
        "name": "Dotson Arthur",
        "address": "b 1258 Pocahontas",
        "occupation_role": "lab",
        "employer": "",
        "spouse_name": "",
        "alphabetical_range": "DOT",
        "canvas_fragment": "https://digitalcollections.tulsalibrary.org/iiif/2/p15020coll12:2857/manifest.json/canvas/82#xywh=940,1303,244,35"
      }
    },
    {
      "type": "Feature",
      "geometry": {
        "type": "Point",
        "coordinates": [
          -95.9830852,
          36.171727
        ]
      },
      "properties": {
        "name": "Dotson Dora",
        "address": "b 1258 Pocahontas",
        "occupation_role": "maid",
        "employer": "",
        "spouse_name": "",
        "alphabetical_range": "DOT",
        "canvas_fragment": "https://digitalcollections.tulsalibrary.org/iiif/2/p15020coll12:2857/manifest.json/canvas/82#xywh=941,1375,243,34"
      }
    },
    {
      "type": "Feature",
      "geometry": {
        "type": "Point",
        "coordinates": [
          -95.9856835,
          36.1631086
        ]
      },
      "properties": {
        "name": "Douglas Jessie M",
        "address": "rms 509 N Greenwood av",
        "occupation_role": "maid",
        "employer": "",
        "spouse_name": "",
        "alphabetical_range": "DOT",
        "canvas_fragment": "https://digitalcollections.tulsalibrary.org/iiif/2/p15020coll12:2857/manifest.json/canvas/83#xywh=31,543,75,31"
      }
    },
    {
      "type": "Feature",
      "geometry": {
        "type": "Point",
        "coordinates": [
          -95.9897322,
          36.1614221
        ]
      },
      "properties": {
        "name": "Douglas Wm",
        "address": "r 320 N Elgin av",
        "occupation_role": "lab",
        "employer": "",
        "spouse_name": "Sallie",
        "alphabetical_range": "DOT",
        "canvas_fragment": "https://digitalcollections.tulsalibrary.org/iiif/2/p15020coll12:2857/manifest.json/canvas/83#xywh=120,1571,238,17"
      }
    },
    {
      "type": "Feature",
      "geometry": {
        "type": "Point",
        "coordinates": [
          -95.9874649,
          36.1690187
        ]
      },
      "properties": {
        "name": "Dozier Vann",
        "address": "r 536 Williams",
        "occupation_role": "",
        "employer": "",
        "spouse_name": "Roggie",
        "alphabetical_range": "DRA",
        "canvas_fragment": "https://digitalcollections.tulsalibrary.org/iiif/2/p15020coll12:2857/manifest.json/canvas/83#xywh=918,584,253,19"
      }
    },
    {
      "type": "Feature",
      "geometry": {
        "type": "Point",
        "coordinates": [
          -95.9860129,
          36.1601811
        ]
      },
      "properties": {
        "name": "Drake Walter",
        "address": "rms 121 N Greenwood av",
        "occupation_role": "lab",
        "employer": "",
        "spouse_name": "",
        "alphabetical_range": "DRA",
        "canvas_fragment": "https://digitalcollections.tulsalibrary.org/iiif/2/p15020coll12:2857/manifest.json/canvas/84#xywh=131,286,209,59"
      }
    },
    {
      "type": "Feature",
      "geometry": {
        "type": "Point",
        "coordinates": [
          -95.9860869,
          36.1602119
        ]
      },
      "properties": {
        "name": "Dreamland Theartre",
        "address": "127 N Greenwood av",
        "occupation_role": "Mrs Loula F Williams Mngr",
        "employer": "",
        "spouse_name": "",
        "alphabetical_range": "DRA",
        "canvas_fragment": "https://digitalcollections.tulsalibrary.org/iiif/2/p15020coll12:2857/manifest.json/canvas/84#xywh=136,698,233,36"
      }
    },
    {
      "type": "Feature",
      "geometry": {
        "type": "Point",
        "coordinates": [
          -95.9910728,
          36.162828
        ]
      },
      "properties": {
        "name": "Duff Julia",
        "address": "rms 536 N Elgin av",
        "occupation_role": "tchr",
        "employer": "Booker T Washn School",
        "spouse_name": "",
        "alphabetical_range": "DUN",
        "canvas_fragment": "https://digitalcollections.tulsalibrary.org/iiif/2/p15020coll12:2857/manifest.json/canvas/84#xywh=653,705,250,21"
      }
    },
    {
      "type": "Feature",
      "geometry": {
        "type": "Point",
        "coordinates": [
          -95.9899631,
          36.1629136
        ]
      },
      "properties": {
        "name": "Dunlap Homer",
        "address": "rms 420 E Easton",
        "occupation_role": "lab",
        "employer": "",
        "spouse_name": "",
        "alphabetical_range": "DUN",
        "canvas_fragment": "https://digitalcollections.tulsalibrary.org/iiif/2/p15020coll12:2857/manifest.json/canvas/85#xywh=668,601,252,31"
      }
    },
    {
      "type": "Feature",
      "geometry": {
        "type": "Point",
        "coordinates": [
          -95.986981,
          36.1597682
        ]
      },
      "properties": {
        "name": "Durham Edward",
        "address": "r 503 E Archer",
        "occupation_role": "furn rms",
        "employer": "",
        "spouse_name": "Amanda",
        "alphabetical_range": "DUR",
        "canvas_fragment": "https://digitalcollections.tulsalibrary.org/iiif/2/p15020coll12:2857/manifest.json/canvas/86#xywh=107,825,201,43"
      }
    },
    {
      "type": "Feature",
      "geometry": {
        "type": "Point",
        "coordinates": [
          -95.9865949,
          36.1614761
        ]
      },
      "properties": {
        "name": "Duty Ethel",
        "address": "rms 306 N Greenwood av",
        "occupation_role": "maid",
        "employer": "",
        "spouse_name": "",
        "alphabetical_range": "DUR",
        "canvas_fragment": "https://digitalcollections.tulsalibrary.org/iiif/2/p15020coll12:2857/manifest.json/canvas/86#xywh=346,918,253,33"
      }
    },
    {
      "type": "Feature",
      "geometry": {
        "type": "Point",
        "coordinates": [
          -95.9851742,
          36.1601113
        ]
      },
      "properties": {
        "name": "East End Garage",
        "address": "614 E Archer",
        "occupation_role": "Wm Williams",
        "employer": "",
        "spouse_name": "",
        "alphabetical_range": "EAR",
        "canvas_fragment": "https://digitalcollections.tulsalibrary.org/iiif/2/p15020coll12:2857/manifest.json/canvas/87#xywh=123,632,232,45"
      }
    },
    {
      "type": "Feature",
      "geometry": {
        "type": "Point",
        "coordinates": [
          -95.98636,
          36.1600768
        ]
      },
      "properties": {
        "name": "Economy Drug Co",
        "address": "108 N Greenwood av",
        "occupation_role": "Alfred F Bryant",
        "employer": "",
        "spouse_name": "",
        "alphabetical_range": "ECK",
        "canvas_fragment": "https://digitalcollections.tulsalibrary.org/iiif/2/p15020coll12:2857/manifest.json/canvas/87#xywh=650,733,248,23"
      }
    },
    {
      "type": "Feature",
      "geometry": {
        "type": "Point",
        "coordinates": [
          -95.9801906,
          36.1732019
        ]
      },
      "properties": {
        "name": "Edwards Zelia",
        "address": "b 1227 N Lansing av",
        "occupation_role": "maid",
        "employer": "Stradford Hotel",
        "spouse_name": "",
        "alphabetical_range": "EDM",
        "canvas_fragment": "https://digitalcollections.tulsalibrary.org/iiif/2/p15020coll12:2857/manifest.json/canvas/88#xywh=380,1398,247,27"
      }
    },
    {
      "type": "Feature",
      "geometry": {
        "type": "Point",
        "coordinates": [
          -95.9863822,
          36.1633047
        ]
      },
      "properties": {
        "name": "Edwards Archie",
        "address": "rms 607 N Greenwood av",
        "occupation_role": "lab",
        "employer": "",
        "spouse_name": "",
        "alphabetical_range": "EDM",
        "canvas_fragment": "https://digitalcollections.tulsalibrary.org/iiif/2/p15020coll12:2857/manifest.json/canvas/88#xywh=137,815,233,42"
      }
    },
    {
      "type": "Feature",
      "geometry": {
        "type": "Point",
        "coordinates": [
          -95.9806825,
          36.1737207
        ]
      },
      "properties": {
        "name": "Elder Mrs Susie",
        "address": "b 1279 N Lansing av",
        "occupation_role": "maid",
        "employer": "",
        "spouse_name": "",
        "alphabetical_range": "ELD",
        "canvas_fragment": "https://digitalcollections.tulsalibrary.org/iiif/2/p15020coll12:2857/manifest.json/canvas/88#xywh=934,1050,253,22"
      }
    },
    {
      "type": "Feature",
      "geometry": {
        "type": "Point",
        "coordinates": [
          -95.986799,
          36.1692523
        ]
      },
      "properties": {
        "name": "Eldridge Mrs Elsie",
        "address": "r 802 E Fairview",
        "occupation_role": "janitor",
        "employer": "Mayo bldg",
        "spouse_name": "",
        "alphabetical_range": "ELD",
        "canvas_fragment": "https://digitalcollections.tulsalibrary.org/iiif/2/p15020coll12:2857/manifest.json/canvas/88#xywh=950,1337,238,18"
      }
    },
    {
      "type": "Feature",
      "geometry": {
        "type": "Point",
        "coordinates": [
          -95.986799,
          36.1692523
        ]
      },
      "properties": {
        "name": "Eldridge Percy J",
        "address": "r 109 1/2 N Greenwood av",
        "occupation_role": "restaurant",
        "employer": "",
        "spouse_name": "Gertrude",
        "alphabetical_range": "ELD",
        "canvas_fragment": "https://digitalcollections.tulsalibrary.org/iiif/2/p15020coll12:2857/manifest.json/canvas/88#xywh=936,1566,253,39"
      }
    },
    {
      "type": "Feature",
      "geometry": {
        "type": "Point",
        "coordinates": [
          -95.986799,
          36.1692523
        ]
      },
      "properties": {
        "name": "Eldridge Robert",
        "address": "b 802 E Fairview",
        "occupation_role": "lab",
        "employer": "",
        "spouse_name": "",
        "alphabetical_range": "ELD",
        "canvas_fragment": "https://digitalcollections.tulsalibrary.org/iiif/2/p15020coll12:2857/manifest.json/canvas/88#xywh=936,1619,252,18"
      }
    },
    {
      "type": "Feature",
      "geometry": {
        "type": "Point",
        "coordinates": [
          -95.9856857,
          36.1631696
        ]
      },
      "properties": {
        "name": "Ellis Benjamin",
        "address": "r 513 N Greenwood av",
        "occupation_role": "porter",
        "employer": "",
        "spouse_name": "Lannie",
        "alphabetical_range": "ELL",
        "canvas_fragment": "https://digitalcollections.tulsalibrary.org/iiif/2/p15020coll12:2857/manifest.json/canvas/89#xywh=650,1014,251,27"
      }
    },
    {
      "type": "Feature",
      "geometry": {
        "type": "Point",
        "coordinates": [
          -95.9874767,
          36.1648284
        ]
      },
      "properties": {
        "name": "Emerson John",
        "address": "r 710 N Greenwood av",
        "occupation_role": "lab",
        "employer": "",
        "spouse_name": "Gladys",
        "alphabetical_range": "ELR",
        "canvas_fragment": "https://digitalcollections.tulsalibrary.org/iiif/2/p15020coll12:2857/manifest.json/canvas/90#xywh=138,1381,231,18"
      }
    },
    {
      "type": "Feature",
      "geometry": {
        "type": "Point",
        "coordinates": [
          -95.9868009,
          36.1684031
        ]
      },
      "properties": {
        "name": "Emerson Sally",
        "address": "b 1008 N Greenwood av",
        "occupation_role": "",
        "employer": "",
        "spouse_name": "",
        "alphabetical_range": "ELR",
        "canvas_fragment": "https://digitalcollections.tulsalibrary.org/iiif/2/p15020coll12:2857/manifest.json/canvas/90#xywh=137,1414,232,21"
      }
    },
    {
      "type": "Feature",
      "geometry": {
        "type": "Point",
        "coordinates": [
          -95.9867492,
          36.1692524
        ]
      },
      "properties": {
        "name": "Erskin Jesse",
        "address": "r 610 Williams",
        "occupation_role": "lab",
        "employer": "",
        "spouse_name": "Addie",
        "alphabetical_range": "EPP",
        "canvas_fragment": "https://digitalcollections.tulsalibrary.org/iiif/2/p15020coll12:2857/manifest.json/canvas/91#xywh=116,1513,234,19"
      }
    },
    {
      "type": "Feature",
      "geometry": {
        "type": "Point",
        "coordinates": [
          -95.9895559,
          36.1588282
        ]
      },
      "properties": {
        "name": "Escoe Walter E",
        "address": "120 E 3d, r 107 N Detroit av",
        "occupation_role": "porter",
        "employer": "",
        "spouse_name": "Mattie",
        "alphabetical_range": "EPP",
        "canvas_fragment": "https://digitalcollections.tulsalibrary.org/iiif/2/p15020coll12:2857/manifest.json/canvas/91#xywh=355,672,250,21"
      }
    },
    {
      "type": "Feature",
      "geometry": {
        "type": "Point",
        "coordinates": [
          -95.9862816,
          36.1615747
        ]
      },
      "properties": {
        "name": "Evans Henry",
        "address": "rms 319 N Greenwood av",
        "occupation_role": "porter",
        "employer": "",
        "spouse_name": "",
        "alphabetical_range": "EVA",
        "canvas_fragment": "https://digitalcollections.tulsalibrary.org/iiif/2/p15020coll12:2857/manifest.json/canvas/91#xywh=915,1518,228,18"
      }
    },
    {
      "type": "Feature",
      "geometry": {
        "type": "Point",
        "coordinates": [
          -95.9873643,
          36.1631037
        ]
      },
      "properties": {
        "name": "Evans Lewis",
        "address": "r 510 N Greenwood av",
        "occupation_role": "chauffeur",
        "employer": "Gen's Cash Stores Co",
        "spouse_name": "Lillian M",
        "alphabetical_range": "EVA",
        "canvas_fragment": "https://digitalcollections.tulsalibrary.org/iiif/2/p15020coll12:2857/manifest.json/canvas/92#xywh=130,663,226,45"
      }
    },
    {
      "type": "Feature",
      "geometry": {
        "type": "Point",
        "coordinates": [
          -95.9862813,
          36.161562
        ]
      },
      "properties": {
        "name": "Farria Mattie",
        "address": "rms 315 N Greenwood av",
        "occupation_role": "tchr",
        "employer": "",
        "spouse_name": "",
        "alphabetical_range": "FAR",
        "canvas_fragment": "https://digitalcollections.tulsalibrary.org/iiif/2/p15020coll12:2857/manifest.json/canvas/93#xywh=660,1120,232,22"
      }
    },
    {
      "type": "Feature",
      "geometry": {
        "type": "Point",
        "coordinates": [
          -95.9851742,
          36.1601113
        ]
      },
      "properties": {
        "name": "Felix Hiram",
        "address": "rms 614 E Archer",
        "occupation_role": "painter Gunn Bros",
        "employer": "Gunn Bros",
        "spouse_name": "",
        "alphabetical_range": "FEE",
        "canvas_fragment": "https://digitalcollections.tulsalibrary.org/iiif/2/p15020coll12:2857/manifest.json/canvas/94#xywh=119,1167,236,23"
      }
    },
    {
      "type": "Feature",
      "geometry": {
        "type": "Point",
        "coordinates": [
          -95.9873643,
          36.1631037
        ]
      },
      "properties": {
        "name": "Ferguson Alice",
        "address": "rms 510 Greenwood av",
        "occupation_role": "maid",
        "employer": "",
        "spouse_name": "",
        "alphabetical_range": "FER",
        "canvas_fragment": "https://digitalcollections.tulsalibrary.org/iiif/2/p15020coll12:2857/manifest.json/canvas/94#xywh=654,216,259,22"
      }
    },
    {
      "type": "Feature",
      "geometry": {
        "type": "Point",
        "coordinates": [
          -95.9866674,
          36.1680541
        ]
      },
      "properties": {
        "name": "Ferrell Walter",
        "address": "r 616 Bryant",
        "occupation_role": "",
        "employer": "",
        "spouse_name": "Lulu",
        "alphabetical_range": "FER",
        "canvas_fragment": "https://digitalcollections.tulsalibrary.org/iiif/2/p15020coll12:2857/manifest.json/canvas/94#xywh=915,402,250,20"
      }
    },
    {
      "type": "Feature",
      "geometry": {
        "type": "Point",
        "coordinates": [
          -95.9909988,
          36.1626862
        ]
      },
      "properties": {
        "name": "Fields Anna",
        "address": "rms 516 N Elgin av",
        "occupation_role": "maid",
        "employer": "",
        "spouse_name": "",
        "alphabetical_range": "FID",
        "canvas_fragment": "https://digitalcollections.tulsalibrary.org/iiif/2/p15020coll12:2857/manifest.json/canvas/95#xywh=132,752,237,25"
      }
    },
    {
      "type": "Feature",
      "geometry": {
        "type": "Point",
        "coordinates": [
          -95.9865989,
          36.1616662
        ]
      },
      "properties": {
        "name": "Fields James E",
        "address": "r 310 N Greenwood av",
        "occupation_role": "porter",
        "employer": "",
        "spouse_name": "Addie M",
        "alphabetical_range": "FID",
        "canvas_fragment": "https://digitalcollections.tulsalibrary.org/iiif/2/p15020coll12:2857/manifest.json/canvas/95#xywh=131,1186,236,16"
      }
    },
    {
      "type": "Feature",
      "geometry": {
        "type": "Point",
        "coordinates": [
          -95.9897398,
          36.1614372
        ]
      },
      "properties": {
        "name": "Fields John",
        "address": "rms 322 N Elgin av",
        "occupation_role": "porter",
        "employer": "",
        "spouse_name": "Cumire",
        "alphabetical_range": "FID",
        "canvas_fragment": "https://digitalcollections.tulsalibrary.org/iiif/2/p15020coll12:2857/manifest.json/canvas/95#xywh=130,1254,237,17"
      }
    },
    {
      "type": "Feature",
      "geometry": {
        "type": "Point",
        "coordinates": [
          -95.9856904,
          36.1629709
        ]
      },
      "properties": {
        "name": "Fields John",
        "address": "b 503 Greenwood av",
        "occupation_role": "janitor",
        "employer": "",
        "spouse_name": "",
        "alphabetical_range": "FID",
        "canvas_fragment": "https://digitalcollections.tulsalibrary.org/iiif/2/p15020coll12:2857/manifest.json/canvas/95#xywh=131,1289,235,18"
      }
    },
    {
      "type": "Feature",
      "geometry": {
        "type": "Point",
        "coordinates": [
          -95.986799,
          36.1692523
        ]
      },
      "properties": {
        "name": "Finley James",
        "address": "rms 128 1/2 N Greenwood av",
        "occupation_role": "porter",
        "employer": "222 S Main av",
        "spouse_name": "",
        "alphabetical_range": "FIN",
        "canvas_fragment": "https://digitalcollections.tulsalibrary.org/iiif/2/p15020coll12:2857/manifest.json/canvas/95#xywh=656,453,254,22"
      }
    },
    {
      "type": "Feature",
      "geometry": {
        "type": "Point",
        "coordinates": [
          -95.9899631,
          36.1629136
        ]
      },
      "properties": {
        "name": "Flemmings Sidney H",
        "address": "rms 420 E Easton",
        "occupation_role": "lab",
        "employer": "",
        "spouse_name": "",
        "alphabetical_range": "FLE",
        "canvas_fragment": "https://digitalcollections.tulsalibrary.org/iiif/2/p15020coll12:2857/manifest.json/canvas/97#xywh=126,1166,235,30"
      }
    },
    {
      "type": "Feature",
      "geometry": {
        "type": "Point",
        "coordinates": [
          -95.986257,
          36.1681055
        ]
      },
      "properties": {
        "name": "Flint John",
        "address": "b 919 N Greenwood av",
        "occupation_role": "helper",
        "employer": "",
        "spouse_name": "",
        "alphabetical_range": "FLE",
        "canvas_fragment": "https://digitalcollections.tulsalibrary.org/iiif/2/p15020coll12:2857/manifest.json/canvas/97#xywh=368,908,246,26"
      }
    },
    {
      "type": "Feature",
      "geometry": {
        "type": "Point",
        "coordinates": [
          -95.9801906,
          36.1732019
        ]
      },
      "properties": {
        "name": "Flipins Berry",
        "address": "r 1227 N Lansing av",
        "occupation_role": "lab",
        "employer": "",
        "spouse_name": "Mary",
        "alphabetical_range": "FLE",
        "canvas_fragment": "https://digitalcollections.tulsalibrary.org/iiif/2/p15020coll12:2857/manifest.json/canvas/97#xywh=368,945,246,31"
      }
    },
    {
      "type": "Feature",
      "geometry": {
        "type": "Point",
        "coordinates": [
          -95.9896635,
          36.1612865
        ]
      },
      "properties": {
        "name": "Florence Mrs Luda",
        "address": "r 302 N Elgin av",
        "occupation_role": "",
        "employer": "",
        "spouse_name": "",
        "alphabetical_range": "FLE",
        "canvas_fragment": "https://digitalcollections.tulsalibrary.org/iiif/2/p15020coll12:2857/manifest.json/canvas/97#xywh=369,1379,245,23"
      }
    },
    {
      "type": "Feature",
      "geometry": {
        "type": "Point",
        "coordinates": [
          -95.989612,
          36.1585682
        ]
      },
      "properties": {
        "name": "Ford Alice",
        "address": "rms 101 N Detroit av",
        "occupation_role": "",
        "employer": "",
        "spouse_name": "",
        "alphabetical_range": "FOR",
        "canvas_fragment": "https://digitalcollections.tulsalibrary.org/iiif/2/p15020coll12:2857/manifest.json/canvas/98#xywh=131,307,224,39"
      }
    },
    {
      "type": "Feature",
      "geometry": {
        "type": "Point",
        "coordinates": [
          -95.9853189,
          36.1600619
        ]
      },
      "properties": {
        "name": "Ford Anna",
        "address": "rms 615 E Archer",
        "occupation_role": "maid",
        "employer": "",
        "spouse_name": "",
        "alphabetical_range": "FOR",
        "canvas_fragment": "https://digitalcollections.tulsalibrary.org/iiif/2/p15020coll12:2857/manifest.json/canvas/98#xywh=130,324,235,40"
      }
    },
    {
      "type": "Feature",
      "geometry": {
        "type": "Point",
        "coordinates": [
          -95.9866677,
          36.1692526
        ]
      },
      "properties": {
        "name": "Ford Festus",
        "address": "b 628 Williams",
        "occupation_role": "",
        "employer": "",
        "spouse_name": "",
        "alphabetical_range": "FOR",
        "canvas_fragment": "https://digitalcollections.tulsalibrary.org/iiif/2/p15020coll12:2857/manifest.json/canvas/98#xywh=129,684,194,30"
      }
    },
    {
      "type": "Feature",
      "geometry": {
        "type": "Point",
        "coordinates": [
          -95.9905294,
          36.1629505
        ]
      },
      "properties": {
        "name": "Ford Frank",
        "address": "rms 527 N Elgin av",
        "occupation_role": "porter",
        "employer": "",
        "spouse_name": "",
        "alphabetical_range": "FOR",
        "canvas_fragment": "https://digitalcollections.tulsalibrary.org/iiif/2/p15020coll12:2857/manifest.json/canvas/98#xywh=128,699,235,34"
      }
    },
    {
      "type": "Feature",
      "geometry": {
        "type": "Point",
        "coordinates": [
          -95.986799,
          36.1692523
        ]
      },
      "properties": {
        "name": "Ford George",
        "address": "rms 107 1/2 N Greenwood av",
        "occupation_role": "lab",
        "employer": "",
        "spouse_name": "",
        "alphabetical_range": "FOR",
        "canvas_fragment": "https://digitalcollections.tulsalibrary.org/iiif/2/p15020coll12:2857/manifest.json/canvas/98#xywh=128,742,210,31"
      }
    },
    {
      "type": "Feature",
      "geometry": {
        "type": "Point",
        "coordinates": [
          -95.9909653,
          36.162622
        ]
      },
      "properties": {
        "name": "Fossett Mrs Allie",
        "address": "r 506 N Elgin av",
        "occupation_role": "",
        "employer": "",
        "spouse_name": "",
        "alphabetical_range": "FOR",
        "canvas_fragment": "https://digitalcollections.tulsalibrary.org/iiif/2/p15020coll12:2857/manifest.json/canvas/98#xywh=677,1518,253,18"
      }
    },
    {
      "type": "Feature",
      "geometry": {
        "type": "Point",
        "coordinates": [
          -95.986799,
          36.1692523
        ]
      },
      "properties": {
        "name": "Fowler Wm H",
        "address": "rms 129 1/2 N Greenwood av",
        "occupation_role": "hod carrier",
        "employer": "",
        "spouse_name": "",
        "alphabetical_range": "FOS",
        "canvas_fragment": "https://digitalcollections.tulsalibrary.org/iiif/2/p15020coll12:2857/manifest.json/canvas/99#xywh=352,1184,248,21"
      }
    },
    {
      "type": "Feature",
      "geometry": {
        "type": "Point",
        "coordinates": [
          -95.9902795,
          36.1624709
        ]
      },
      "properties": {
        "name": "Fox Douglass J",
        "address": "rms 420 N Elgin av",
        "occupation_role": "lab",
        "employer": "",
        "spouse_name": "Fannie",
        "alphabetical_range": "FOS",
        "canvas_fragment": "https://digitalcollections.tulsalibrary.org/iiif/2/p15020coll12:2857/manifest.json/canvas/99#xywh=352,1364,246,20"
      }
    },
    {
      "type": "Feature",
      "geometry": {
        "type": "Point",
        "coordinates": [
          -95.9868055,
          36.1659675
        ]
      },
      "properties": {
        "name": "Fraction Mattie",
        "address": "b 802 N Greenwood av",
        "occupation_role": "",
        "employer": "",
        "spouse_name": "",
        "alphabetical_range": "FRA",
        "canvas_fragment": "https://digitalcollections.tulsalibrary.org/iiif/2/p15020coll12:2857/manifest.json/canvas/99#xywh=667,690,252,32"
      }
    },
    {
      "type": "Feature",
      "geometry": {
        "type": "Point",
        "coordinates": [
          -95.986449,
          36.1639389
        ]
      },
      "properties": {
        "name": "Franklin Jackson W",
        "address": "r 705 N Greenwood av",
        "occupation_role": "lab",
        "employer": "",
        "spouse_name": "Frances",
        "alphabetical_range": "FRA",
        "canvas_fragment": "https://digitalcollections.tulsalibrary.org/iiif/2/p15020coll12:2857/manifest.json/canvas/99#xywh=934,1432,238,24"
      }
    },
    {
      "type": "Feature",
      "geometry": {
        "type": "Point",
        "coordinates": [
          -95.9873691,
          36.163033
        ]
      },
      "properties": {
        "name": "Frazier Ellis",
        "address": "r 502 N Greenwood av",
        "occupation_role": "waiter",
        "employer": "Grace Johnson",
        "spouse_name": "Alice",
        "alphabetical_range": "FRA",
        "canvas_fragment": "https://digitalcollections.tulsalibrary.org/iiif/2/p15020coll12:2857/manifest.json/canvas/100#xywh=366,482,245,35"
      }
    },
    {
      "type": "Feature",
      "geometry": {
        "type": "Point",
        "coordinates": [
          -95.9830852,
          36.171727
        ]
      },
      "properties": {
        "name": "Frazier Robert",
        "address": "r 1222 Pocahontas",
        "occupation_role": "",
        "employer": "",
        "spouse_name": "Betty",
        "alphabetical_range": "FRA",
        "canvas_fragment": "https://digitalcollections.tulsalibrary.org/iiif/2/p15020coll12:2857/manifest.json/canvas/100#xywh=365,787,248,32"
      }
    },
    {
      "type": "Feature",
      "geometry": {
        "type": "Point",
        "coordinates": [
          -95.9873639,
          36.1630876
        ]
      },
      "properties": {
        "name": "Frazier Wm",
        "address": "r 516 N Greenwood av",
        "occupation_role": "lab",
        "employer": "John P Richards C P Co",
        "spouse_name": "",
        "alphabetical_range": "FRA",
        "canvas_fragment": "https://digitalcollections.tulsalibrary.org/iiif/2/p15020coll12:2857/manifest.json/canvas/100#xywh=367,846,245,36"
      }
    },
    {
      "type": "Feature",
      "geometry": {
        "type": "Point",
        "coordinates": [
          -95.9811948,
          36.1732868
        ]
      },
      "properties": {
        "name": "Fryson Julia",
        "address": "b 1284 N Lansing",
        "occupation_role": "",
        "employer": "",
        "spouse_name": "",
        "alphabetical_range": "FUL",
        "canvas_fragment": "https://digitalcollections.tulsalibrary.org/iiif/2/p15020coll12:2857/manifest.json/canvas/101#xywh=660,1335,252,31"
      }
    },
    {
      "type": "Feature",
      "geometry": {
        "type": "Point",
        "coordinates": [
          -95.9856835,
          36.1631086
        ]
      },
      "properties": {
        "name": "Fulton Lulu",
        "address": "r 509 N Greenwood av",
        "occupation_role": "",
        "employer": "",
        "spouse_name": "",
        "alphabetical_range": "FUL",
        "canvas_fragment": "https://digitalcollections.tulsalibrary.org/iiif/2/p15020coll12:2857/manifest.json/canvas/102#xywh=143,1259,233,33"
      }
    },
    {
      "type": "Feature",
      "geometry": {
        "type": "Point",
        "coordinates": [
          -95.9867331,
          36.1606761
        ]
      },
      "properties": {
        "name": "Funches Abbie",
        "address": "206 N Greenwood av",
        "occupation_role": "tailor",
        "employer": "",
        "spouse_name": "",
        "alphabetical_range": "FUL",
        "canvas_fragment": "https://digitalcollections.tulsalibrary.org/iiif/2/p15020coll12:2857/manifest.json/canvas/102#xywh=146,1374,229,29"
      }
    },
    {
      "type": "Feature",
      "geometry": {
        "type": "Point",
        "coordinates": [
          -95.9899173,
          36.1629305
        ]
      },
      "properties": {
        "name": "Gabe Columbus F",
        "address": "r 422 E Easton",
        "occupation_role": "carp",
        "employer": "",
        "spouse_name": "Florine",
        "alphabetical_range": "GAG",
        "canvas_fragment": "https://digitalcollections.tulsalibrary.org/iiif/2/p15020coll12:2857/manifest.json/canvas/102#xywh=382,1051,243,29"
      }
    },
    {
      "type": "Feature",
      "geometry": {
        "type": "Point",
        "coordinates": [
          -95.9897398,
          36.1614372
        ]
      },
      "properties": {
        "name": "Gamble Willie",
        "address": "b 322 N Elgin av",
        "occupation_role": "maid",
        "employer": "Renberg's",
        "spouse_name": "",
        "alphabetical_range": "GAL",
        "canvas_fragment": "https://digitalcollections.tulsalibrary.org/iiif/2/p15020coll12:2857/manifest.json/canvas/103#xywh=129,1275,229,21"
      }
    },
    {
      "type": "Feature",
      "geometry": {
        "type": "Point",
        "coordinates": [
          -95.9863822,
          36.1633047
        ]
      },
      "properties": {
        "name": "Gambell Theodore",
        "address": "rms 607 N Greenwood av",
        "occupation_role": "lab",
        "employer": "",
        "spouse_name": "Minnie",
        "alphabetical_range": "GAL",
        "canvas_fragment": "https://digitalcollections.tulsalibrary.org/iiif/2/p15020coll12:2857/manifest.json/canvas/103#xywh=127,536,233,104"
      }
    },
    {
      "type": "Feature",
      "geometry": {
        "type": "Point",
        "coordinates": [
          -95.9890347,
          36.1595547
        ]
      },
      "properties": {
        "name": "Garner Maude",
        "address": "rms 128 N Elgin av",
        "occupation_role": "lab",
        "employer": "",
        "spouse_name": "",
        "alphabetical_range": "GAR",
        "canvas_fragment": "https://digitalcollections.tulsalibrary.org/iiif/2/p15020coll12:2857/manifest.json/canvas/103#xywh=928,254,246,35"
      }
    },
    {
      "type": "Feature",
      "geometry": {
        "type": "Point",
        "coordinates": [
          -95.9860129,
          36.1601811
        ]
      },
      "properties": {
        "name": "Garrett Cute",
        "address": "rms 121 N Greenwood av",
        "occupation_role": "lab",
        "employer": "",
        "spouse_name": "Rosa",
        "alphabetical_range": "GAR",
        "canvas_fragment": "https://digitalcollections.tulsalibrary.org/iiif/2/p15020coll12:2857/manifest.json/canvas/103#xywh=918,821,247,27"
      }
    },
    {
      "type": "Feature",
      "geometry": {
        "type": "Point",
        "coordinates": [
          -95.9860129,
          36.1601811
        ]
      },
      "properties": {
        "name": "Garrett Q T",
        "address": "rms 121 N Greenwood av",
        "occupation_role": "lab",
        "employer": "",
        "spouse_name": "Rosa",
        "alphabetical_range": "GAR",
        "canvas_fragment": "https://digitalcollections.tulsalibrary.org/iiif/2/p15020coll12:2857/manifest.json/canvas/103#xywh=910,1233,247,37"
      }
    },
    {
      "type": "Feature",
      "geometry": {
        "type": "Point",
        "coordinates": [
          -95.9862799,
          36.1614966
        ]
      },
      "properties": {
        "name": "Garrison Howard",
        "address": "rms 309 Greenwood",
        "occupation_role": "porter",
        "employer": "",
        "spouse_name": "",
        "alphabetical_range": "GAR",
        "canvas_fragment": "https://digitalcollections.tulsalibrary.org/iiif/2/p15020coll12:2857/manifest.json/canvas/104#xywh=140,572,233,35"
      }
    },
    {
      "type": "Feature",
      "geometry": {
        "type": "Point",
        "coordinates": [
          -95.9865929,
          36.161381
        ]
      },
      "properties": {
        "name": "Gary Samuel",
        "address": "rms 304 N Greenwood av",
        "occupation_role": "dishwasher",
        "employer": "Jack's Cafe",
        "spouse_name": "",
        "alphabetical_range": "GAR",
        "canvas_fragment": "https://digitalcollections.tulsalibrary.org/iiif/2/p15020coll12:2857/manifest.json/canvas/104#xywh=157,1714,475,53"
      }
    },
    {
      "type": "Feature",
      "geometry": {
        "type": "Point",
        "coordinates": [
          -95.9863822,
          36.1633047
        ]
      },
      "properties": {
        "name": "Gatewood Carl",
        "address": "rms 607 N Greenwood av",
        "occupation_role": "lab",
        "employer": "",
        "spouse_name": "",
        "alphabetical_range": "GAT",
        "canvas_fragment": "https://digitalcollections.tulsalibrary.org/iiif/2/p15020coll12:2857/manifest.json/canvas/104#xywh=389,1499,239,26"
      }
    },
    {
      "type": "Feature",
      "geometry": {
        "type": "Point",
        "coordinates": [
          -95.9863614,
          36.1680566
        ]
      },
      "properties": {
        "name": "Gay Wm",
        "address": "r 656 Bryant",
        "occupation_role": "lab",
        "employer": "",
        "spouse_name": "Delby",
        "alphabetical_range": "GAT",
        "canvas_fragment": "https://digitalcollections.tulsalibrary.org/iiif/2/p15020coll12:2857/manifest.json/canvas/104#xywh=673,911,247,30"
      }
    },
    {
      "type": "Feature",
      "geometry": {
        "type": "Point",
        "coordinates": [
          -95.9920109,
          36.1630993
        ]
      },
      "properties": {
        "name": "Gentry Thomas R",
        "address": "r 537 N Detroit av",
        "occupation_role": "Neely & Waden",
        "employer": "",
        "spouse_name": "Lottie E",
        "alphabetical_range": "GEN",
        "canvas_fragment": "https://digitalcollections.tulsalibrary.org/iiif/2/p15020coll12:2857/manifest.json/canvas/105#xywh=371,558,243,30"
      }
    },
    {
      "type": "Feature",
      "geometry": {
        "type": "Point",
        "coordinates": [
          -95.9920109,
          36.1630993
        ]
      },
      "properties": {
        "name": "Gentry Thomas",
        "address": "r 537 N Detroit av",
        "occupation_role": "pres Oquaka Cigar Store",
        "employer": "",
        "spouse_name": "Lottie",
        "alphabetical_range": "GEN",
        "canvas_fragment": "https://digitalcollections.tulsalibrary.org/iiif/2/p15020coll12:2857/manifest.json/canvas/105#xywh=371,588,243,28"
      }
    },
    {
      "type": "Feature",
      "geometry": {
        "type": "Point",
        "coordinates": [
          -95.9862799,
          36.1614966
        ]
      },
      "properties": {
        "name": "George Canoba",
        "address": "rms 309 N Greenwood av",
        "occupation_role": "cook",
        "employer": "",
        "spouse_name": "",
        "alphabetical_range": "GEN",
        "canvas_fragment": "https://digitalcollections.tulsalibrary.org/iiif/2/p15020coll12:2857/manifest.json/canvas/105#xywh=370,801,246,26"
      }
    },
    {
      "type": "Feature",
      "geometry": {
        "type": "Point",
        "coordinates": [
          -95.9897322,
          36.1614221
        ]
      },
      "properties": {
        "name": "Getre John",
        "address": "b 320 N Elgin av",
        "occupation_role": "porter",
        "employer": "Jefferson Hotel",
        "spouse_name": "",
        "alphabetical_range": "GEO",
        "canvas_fragment": "https://digitalcollections.tulsalibrary.org/iiif/2/p15020coll12:2857/manifest.json/canvas/105#xywh=675,1104,248,43"
      }
    },
    {
      "type": "Feature",
      "geometry": {
        "type": "Point",
        "coordinates": [
          -95.9855054,
          36.1600018
        ]
      },
      "properties": {
        "name": "Gibbons Jeffery",
        "address": "r 613 Archer",
        "occupation_role": "restaurant",
        "employer": "",
        "spouse_name": "Amelia",
        "alphabetical_range": "GIB",
        "canvas_fragment": "https://digitalcollections.tulsalibrary.org/iiif/2/p15020coll12:2857/manifest.json/canvas/105#xywh=931,585,245,25"
      }
    },
    {
      "type": "Feature",
      "geometry": {
        "type": "Point",
        "coordinates": [
          -95.9902407,
          36.1623964
        ]
      },
      "properties": {
        "name": "Gilham Belle",
        "address": "r 509 E Easton",
        "occupation_role": "tchr",
        "employer": "",
        "spouse_name": "",
        "alphabetical_range": "GIL",
        "canvas_fragment": "https://digitalcollections.tulsalibrary.org/iiif/2/p15020coll12:2857/manifest.json/canvas/106#xywh=682,668,244,20"
      }
    },
    {
      "type": "Feature",
      "geometry": {
        "type": "Point",
        "coordinates": [
          -95.991417,
          36.1619345
        ]
      },
      "properties": {
        "name": "Gilmer Tucker",
        "address": "r 417 N Detroit av",
        "occupation_role": "porter",
        "employer": "Exch Natl Bank",
        "spouse_name": "Ida",
        "alphabetical_range": "GIL",
        "canvas_fragment": "https://digitalcollections.tulsalibrary.org/iiif/2/p15020coll12:2857/manifest.json/canvas/107#xywh=140,868,230,22"
      }
    },
    {
      "type": "Feature",
      "geometry": {
        "type": "Point",
        "coordinates": [
          -95.986799,
          36.1692523
        ]
      },
      "properties": {
        "name": "Givens Henry",
        "address": "rms 107 1/2 N Greenwood av",
        "occupation_role": "lab",
        "employer": "",
        "spouse_name": "",
        "alphabetical_range": "GIL",
        "canvas_fragment": "https://digitalcollections.tulsalibrary.org/iiif/2/p15020coll12:2857/manifest.json/canvas/107#xywh=372,1568,215,18"
      }
    },
    {
      "type": "Feature",
      "geometry": {
        "type": "Point",
        "coordinates": [
          -95.986799,
          36.1692523
        ]
      },
      "properties": {
        "name": "Givins Emmet",
        "address": "rms 119 1/2 N Greenwood av",
        "occupation_role": "waiter",
        "employer": "",
        "spouse_name": "Peola",
        "alphabetical_range": "GIV",
        "canvas_fragment": "https://digitalcollections.tulsalibrary.org/iiif/2/p15020coll12:2857/manifest.json/canvas/107#xywh=674,406,245,31"
      }
    },
    {
      "type": "Feature",
      "geometry": {
        "type": "Point",
        "coordinates": [
          -95.9902873,
          36.1624858
        ]
      },
      "properties": {
        "name": "Glass Mary",
        "address": "r 424 N Elgin av",
        "occupation_role": "",
        "employer": "",
        "spouse_name": "",
        "alphabetical_range": "GIV",
        "canvas_fragment": "https://digitalcollections.tulsalibrary.org/iiif/2/p15020coll12:2857/manifest.json/canvas/107#xywh=667,1277,245,23"
      }
    },
    {
      "type": "Feature",
      "geometry": {
        "type": "Point",
        "coordinates": [
          -95.9856885,
          36.1599431
        ]
      },
      "properties": {
        "name": "Glenn John",
        "address": "rms 607 E Archer",
        "occupation_role": "cook",
        "employer": "",
        "spouse_name": "Flora",
        "alphabetical_range": "GLO",
        "canvas_fragment": "https://digitalcollections.tulsalibrary.org/iiif/2/p15020coll12:2857/manifest.json/canvas/107#xywh=922,973,242,31"
      }
    },
    {
      "type": "Feature",
      "geometry": {
        "type": "Point",
        "coordinates": [
          -95.9914516,
          36.1620014
        ]
      },
      "properties": {
        "name": "Glenn Pearl",
        "address": "rms 423 N Detroit av",
        "occupation_role": "lab",
        "employer": "",
        "spouse_name": "Lillian",
        "alphabetical_range": "GLO",
        "canvas_fragment": "https://digitalcollections.tulsalibrary.org/iiif/2/p15020coll12:2857/manifest.json/canvas/107#xywh=920,1015,247,22"
      }
    },
    {
      "type": "Feature",
      "geometry": {
        "type": "Point",
        "coordinates": [
          -95.9863822,
          36.1633047
        ]
      },
      "properties": {
        "name": "Glover Emma",
        "address": "b 623 N Greenwood av",
        "occupation_role": "",
        "employer": "",
        "spouse_name": "",
        "alphabetical_range": "GLO",
        "canvas_fragment": "https://digitalcollections.tulsalibrary.org/iiif/2/p15020coll12:2857/manifest.json/canvas/107#xywh=917,1611,243,29"
      }
    },
    {
      "type": "Feature",
      "geometry": {
        "type": "Point",
        "coordinates": [
          -95.9869989,
          36.1597621
        ]
      },
      "properties": {
        "name": "Glover Lulu",
        "address": "rms 501 E Archer",
        "occupation_role": "maid",
        "employer": "",
        "spouse_name": "",
        "alphabetical_range": "GOA",
        "canvas_fragment": "https://digitalcollections.tulsalibrary.org/iiif/2/p15020coll12:2857/manifest.json/canvas/108#xywh=378,625,240,33"
      }
    },
    {
      "type": "Feature",
      "geometry": {
        "type": "Point",
        "coordinates": [
          -95.9902756,
          36.1624635
        ]
      },
      "properties": {
        "name": "Goings James",
        "address": "rms 418 N Elgin av",
        "occupation_role": "mech",
        "employer": "",
        "spouse_name": "",
        "alphabetical_range": "GOA",
        "canvas_fragment": "https://digitalcollections.tulsalibrary.org/iiif/2/p15020coll12:2857/manifest.json/canvas/108#xywh=379,983,241,30"
      }
    },
    {
      "type": "Feature",
      "geometry": {
        "type": "Point",
        "coordinates": [
          -95.9873631,
          36.1631213
        ]
      },
      "properties": {
        "name": "Golden John H",
        "address": "r 512 N Greenwood av",
        "occupation_role": "porter",
        "employer": "",
        "spouse_name": "Virginia",
        "alphabetical_range": "GOA",
        "canvas_fragment": "https://digitalcollections.tulsalibrary.org/iiif/2/p15020coll12:2857/manifest.json/canvas/108#xywh=380,1600,242,22"
      }
    },
    {
      "type": "Feature",
      "geometry": {
        "type": "Point",
        "coordinates": [
          -95.9864379,
          36.168056
        ]
      },
      "properties": {
        "name": "Good Georgia",
        "address": "b 646 Bryant",
        "occupation_role": "",
        "employer": "",
        "spouse_name": "",
        "alphabetical_range": "GOO",
        "canvas_fragment": "https://digitalcollections.tulsalibrary.org/iiif/2/p15020coll12:2857/manifest.json/canvas/108#xywh=927,745,245,30"
      }
    },
    {
      "type": "Feature",
      "geometry": {
        "type": "Point",
        "coordinates": [
          -95.9873691,
          36.163033
        ]
      },
      "properties": {
        "name": "Gordon Emmett",
        "address": "r 502 N Greenwood av",
        "occupation_role": "waiter",
        "employer": "",
        "spouse_name": "Marguerite",
        "alphabetical_range": "GOO",
        "canvas_fragment": "https://digitalcollections.tulsalibrary.org/iiif/2/p15020coll12:2857/manifest.json/canvas/109#xywh=371,1641,195,21"
      }
    },
    {
      "type": "Feature",
      "geometry": {
        "type": "Point",
        "coordinates": [
          -95.9910055,
          36.1626991
        ]
      },
      "properties": {
        "name": "Grace Helen",
        "address": "b 518 N Elgin av",
        "occupation_role": "",
        "employer": "",
        "spouse_name": "",
        "alphabetical_range": "GRA",
        "canvas_fragment": "https://digitalcollections.tulsalibrary.org/iiif/2/p15020coll12:2857/manifest.json/canvas/110#xywh=372,446,219,27"
      }
    },
    {
      "type": "Feature",
      "geometry": {
        "type": "Point",
        "coordinates": [
          -95.9910055,
          36.1626991
        ]
      },
      "properties": {
        "name": "Grace Wm",
        "address": "r 518 N Elgin av",
        "occupation_role": "porter",
        "employer": "",
        "spouse_name": "Mattie",
        "alphabetical_range": "GRA",
        "canvas_fragment": "https://digitalcollections.tulsalibrary.org/iiif/2/p15020coll12:2857/manifest.json/canvas/110#xywh=371,630,243,20"
      }
    },
    {
      "type": "Feature",
      "geometry": {
        "type": "Point",
        "coordinates": [
          -95.9920246,
          36.1631283
        ]
      },
      "properties": {
        "name": "Graham Carrie",
        "address": "rms 543 N Detroit av",
        "occupation_role": "tchr",
        "employer": "Booker T Washn School",
        "spouse_name": "",
        "alphabetical_range": "GRA",
        "canvas_fragment": "https://digitalcollections.tulsalibrary.org/iiif/2/p15020coll12:2857/manifest.json/canvas/110#xywh=378,1357,230,22"
      }
    },
    {
      "type": "Feature",
      "geometry": {
        "type": "Point",
        "coordinates": [
          -95.9902756,
          36.1624635
        ]
      },
      "properties": {
        "name": "Grant Israel B",
        "address": "r 418 N Elgin av",
        "occupation_role": "barber",
        "employer": "W D Carter",
        "spouse_name": "Elizabeth",
        "alphabetical_range": "GRA",
        "canvas_fragment": "https://digitalcollections.tulsalibrary.org/iiif/2/p15020coll12:2857/manifest.json/canvas/110#xywh=1059,1076,129,24"
      }
    },
    {
      "type": "Feature",
      "geometry": {
        "type": "Point",
        "coordinates": [
          -95.9898988,
          36.1591129
        ]
      },
      "properties": {
        "name": "Gray Jeffery",
        "address": "rms 123 N Detroit av",
        "occupation_role": "mech",
        "employer": "Sturm Whittaker Co",
        "spouse_name": "",
        "alphabetical_range": "GRA",
        "canvas_fragment": "https://digitalcollections.tulsalibrary.org/iiif/2/p15020coll12:2857/manifest.json/canvas/111#xywh=669,287,248,21"
      }
    },
    {
      "type": "Feature",
      "geometry": {
        "type": "Point",
        "coordinates": [
          -95.9902795,
          36.1624709
        ]
      },
      "properties": {
        "name": "Gray Jeffery",
        "address": "r 420 N Elgin av",
        "occupation_role": "porter",
        "employer": "M S Wasserman",
        "spouse_name": "Sudie",
        "alphabetical_range": "GRA",
        "canvas_fragment": "https://digitalcollections.tulsalibrary.org/iiif/2/p15020coll12:2857/manifest.json/canvas/111#xywh=669,344,248,25"
      }
    },
    {
      "type": "Feature",
      "geometry": {
        "type": "Point",
        "coordinates": [
          -95.9898988,
          36.1591129
        ]
      },
      "properties": {
        "name": "Gray Jesse",
        "address": "rms 123 N Detroit",
        "occupation_role": "lab",
        "employer": "",
        "spouse_name": "",
        "alphabetical_range": "GRA",
        "canvas_fragment": "https://digitalcollections.tulsalibrary.org/iiif/2/p15020coll12:2857/manifest.json/canvas/111#xywh=670,360,248,19"
      }
    },
    {
      "type": "Feature",
      "geometry": {
        "type": "Point",
        "coordinates": [
          -95.986644,
          36.1596051
        ]
      },
      "properties": {
        "name": "Green Adam B",
        "address": "rms 518 E Archer",
        "occupation_role": "repr",
        "employer": "J L Grier",
        "spouse_name": "",
        "alphabetical_range": "GRE",
        "canvas_fragment": "https://digitalcollections.tulsalibrary.org/iiif/2/p15020coll12:2857/manifest.json/canvas/111#xywh=925,466,246,18"
      }
    },
    {
      "type": "Feature",
      "geometry": {
        "type": "Point",
        "coordinates": [
          -95.9865948,
          36.162245
        ]
      },
      "properties": {
        "name": "Green David G",
        "address": "rms 417 N Greenwood av",
        "occupation_role": "waiter",
        "employer": "",
        "spouse_name": "Gussie",
        "alphabetical_range": "GRE",
        "canvas_fragment": "https://digitalcollections.tulsalibrary.org/iiif/2/p15020coll12:2857/manifest.json/canvas/111#xywh=926,927,247,17"
      }
    },
    {
      "type": "Feature",
      "geometry": {
        "type": "Point",
        "coordinates": [
          -95.9901007,
          36.1628627
        ]
      },
      "properties": {
        "name": "Green Henry",
        "address": "r 415 E Easton",
        "occupation_role": "carp",
        "employer": "",
        "spouse_name": "Isabella",
        "alphabetical_range": "GRE",
        "canvas_fragment": "https://digitalcollections.tulsalibrary.org/iiif/2/p15020coll12:2857/manifest.json/canvas/112#xywh=138,217,240,46"
      }
    },
    {
      "type": "Feature",
      "geometry": {
        "type": "Point",
        "coordinates": [
          -95.9873691,
          36.163033
        ]
      },
      "properties": {
        "name": "Green Isa",
        "address": "rms 502 N Greenwood av",
        "occupation_role": "maid",
        "employer": "",
        "spouse_name": "",
        "alphabetical_range": "GRE",
        "canvas_fragment": "https://digitalcollections.tulsalibrary.org/iiif/2/p15020coll12:2857/manifest.json/canvas/112#xywh=139,468,232,38"
      }
    },
    {
      "type": "Feature",
      "geometry": {
        "type": "Point",
        "coordinates": [
          -95.9866677,
          36.1692526
        ]
      },
      "properties": {
        "name": "Green Mrs Roberta",
        "address": "r 628 Williams",
        "occupation_role": "",
        "employer": "",
        "spouse_name": "",
        "alphabetical_range": "GRE",
        "canvas_fragment": "https://digitalcollections.tulsalibrary.org/iiif/2/p15020coll12:2857/manifest.json/canvas/112#xywh=138,1442,233,29"
      }
    },
    {
      "type": "Feature",
      "geometry": {
        "type": "Point",
        "coordinates": [
          -95.9873856,
          36.1685866
        ]
      },
      "properties": {
        "name": "Green Wm",
        "address": "rms 535 Bryant",
        "occupation_role": "",
        "employer": "",
        "spouse_name": "",
        "alphabetical_range": "GRE",
        "canvas_fragment": "https://digitalcollections.tulsalibrary.org/iiif/2/p15020coll12:2857/manifest.json/canvas/112#xywh=380,379,194,32"
      }
    },
    {
      "type": "Feature",
      "geometry": {
        "type": "Point",
        "coordinates": [
          -95.9905217,
          36.1629358
        ]
      },
      "properties": {
        "name": "Grenleaf John",
        "address": "r 525 N Elgin av",
        "occupation_role": "lab",
        "employer": "",
        "spouse_name": "Frances",
        "alphabetical_range": "GRE",
        "canvas_fragment": "https://digitalcollections.tulsalibrary.org/iiif/2/p15020coll12:2857/manifest.json/canvas/112#xywh=380,1457,122,17"
      }
    },
    {
      "type": "Feature",
      "geometry": {
        "type": "Point",
        "coordinates": [
          -95.9873658,
          36.1631407
        ]
      },
      "properties": {
        "name": "Greer Robert",
        "address": "r 522 N Greenwood av",
        "occupation_role": "lab",
        "employer": "",
        "spouse_name": "Ruth",
        "alphabetical_range": "GRE",
        "canvas_fragment": "https://digitalcollections.tulsalibrary.org/iiif/2/p15020coll12:2857/manifest.json/canvas/112#xywh=677,1136,249,22"
      }
    },
    {
      "type": "Feature",
      "geometry": {
        "type": "Point",
        "coordinates": [
          -95.9865948,
          36.162245
        ]
      },
      "properties": {
        "name": "Greggs Ves",
        "address": "rms 418 N Greenwood av",
        "occupation_role": "pres",
        "employer": "Y M C A (c)",
        "spouse_name": "",
        "alphabetical_range": "GRI",
        "canvas_fragment": "https://digitalcollections.tulsalibrary.org/iiif/2/p15020coll12:2857/manifest.json/canvas/112#xywh=933,503,247,17"
      }
    },
    {
      "type": "Feature",
      "geometry": {
        "type": "Point",
        "coordinates": [
          -95.9811788,
          36.1721552
        ]
      },
      "properties": {
        "name": "Griffin Alex",
        "address": "r 1212 N Lansing av",
        "occupation_role": "lab",
        "employer": "",
        "spouse_name": "Mattie",
        "alphabetical_range": "GRI",
        "canvas_fragment": "https://digitalcollections.tulsalibrary.org/iiif/2/p15020coll12:2857/manifest.json/canvas/113#xywh=124,669,233,36"
      }
    },
    {
      "type": "Feature",
      "geometry": {
        "type": "Point",
        "coordinates": [
          -95.9860129,
          36.1601811
        ]
      },
      "properties": {
        "name": "Griffin Burkett",
        "address": "rms 121 N Greenwood av",
        "occupation_role": "lab",
        "employer": "",
        "spouse_name": "",
        "alphabetical_range": "GRI",
        "canvas_fragment": "https://digitalcollections.tulsalibrary.org/iiif/2/p15020coll12:2857/manifest.json/canvas/113#xywh=124,705,232,34"
      }
    },
    {
      "type": "Feature",
      "geometry": {
        "type": "Point",
        "coordinates": [
          -95.9899631,
          36.1629136
        ]
      },
      "properties": {
        "name": "Griffin Clarence",
        "address": "rms 420 E Easton",
        "occupation_role": "helper",
        "employer": "Hotel Tulsa",
        "spouse_name": "",
        "alphabetical_range": "GRI",
        "canvas_fragment": "https://digitalcollections.tulsalibrary.org/iiif/2/p15020coll12:2857/manifest.json/canvas/113#xywh=124,774,233,28"
      }
    },
    {
      "type": "Feature",
      "geometry": {
        "type": "Point",
        "coordinates": [
          -95.986799,
          36.1692523
        ]
      },
      "properties": {
        "name": "Griffin Erkett",
        "address": "rms 121 1/2 N Greenwood av",
        "occupation_role": "helper",
        "employer": "Motor Inn",
        "spouse_name": "",
        "alphabetical_range": "GRI",
        "canvas_fragment": "https://digitalcollections.tulsalibrary.org/iiif/2/p15020coll12:2857/manifest.json/canvas/113#xywh=124,957,234,26"
      }
    },
    {
      "type": "Feature",
      "geometry": {
        "type": "Point",
        "coordinates": [
          -95.9800781,
          36.173412
        ]
      },
      "properties": {
        "name": "Griffin George",
        "address": "r 1225 N Lansing av",
        "occupation_role": "lab",
        "employer": "",
        "spouse_name": "Carrie",
        "alphabetical_range": "GRI",
        "canvas_fragment": "https://digitalcollections.tulsalibrary.org/iiif/2/p15020coll12:2857/manifest.json/canvas/113#xywh=124,1072,180,19"
      }
    },
    {
      "type": "Feature",
      "geometry": {
        "type": "Point",
        "coordinates": [
          -95.9830852,
          36.171727
        ]
      },
      "properties": {
        "name": "Griffin Leon",
        "address": "r 1219 Pocahontas",
        "occupation_role": "porter",
        "employer": "Midwest Belting & R Co",
        "spouse_name": "Iola",
        "alphabetical_range": "GRI",
        "canvas_fragment": "https://digitalcollections.tulsalibrary.org/iiif/2/p15020coll12:2857/manifest.json/canvas/113#xywh=123,1463,234,19"
      }
    },
    {
      "type": "Feature",
      "geometry": {
        "type": "Point",
        "coordinates": [
          -95.986799,
          36.1692523
        ]
      },
      "properties": {
        "name": "Gurley Hotel",
        "address": "112 1/2 N Greenwood av",
        "occupation_role": "Ottawa W Gurley propr",
        "employer": "",
        "spouse_name": "",
        "alphabetical_range": "GWI",
        "canvas_fragment": "https://digitalcollections.tulsalibrary.org/iiif/2/p15020coll12:2857/manifest.json/canvas/114#xywh=683,781,248,20"
      }
    },
    {
      "type": "Feature",
      "geometry": {
        "type": "Point",
        "coordinates": [
          -95.986799,
          36.1692523
        ]
      },
      "properties": {
        "name": "Gurley Ottawa W",
        "address": "112 1/2 N Greenwood av",
        "occupation_role": "propr Gurley Hotel",
        "employer": "",
        "spouse_name": "Emma",
        "alphabetical_range": "GWI",
        "canvas_fragment": "https://digitalcollections.tulsalibrary.org/iiif/2/p15020coll12:2857/manifest.json/canvas/114#xywh=682,851,249,20"
      }
    },
    {
      "type": "Feature",
      "geometry": {
        "type": "Point",
        "coordinates": [
          -95.986799,
          36.1692523
        ]
      },
      "properties": {
        "name": "Haley Edward",
        "address": "r 1009 E Fairview",
        "occupation_role": "porter",
        "employer": "",
        "spouse_name": "Fannie",
        "alphabetical_range": "HAL",
        "canvas_fragment": "https://digitalcollections.tulsalibrary.org/iiif/2/p15020coll12:2857/manifest.json/canvas/115#xywh=929,1443,248,20"
      }
    },
    {
      "type": "Feature",
      "geometry": {
        "type": "Point",
        "coordinates": [
          -95.9860436,
          36.1683339
        ]
      },
      "properties": {
        "name": "Hall Minetta",
        "address": "b 840 1/2 E Bryant",
        "occupation_role": "",
        "employer": "",
        "spouse_name": "",
        "alphabetical_range": "HAL",
        "canvas_fragment": "https://digitalcollections.tulsalibrary.org/iiif/2/p15020coll12:2857/manifest.json/canvas/116#xywh=672,387,248,20"
      }
    },
    {
      "type": "Feature",
      "geometry": {
        "type": "Point",
        "coordinates": [
          -95.9865981,
          36.1621727
        ]
      },
      "properties": {
        "name": "Hall Wm",
        "address": "rms 409 N Greenwood av",
        "occupation_role": "janitor",
        "employer": "Richard bldg",
        "spouse_name": "",
        "alphabetical_range": "HAL",
        "canvas_fragment": "https://digitalcollections.tulsalibrary.org/iiif/2/p15020coll12:2857/manifest.json/canvas/116#xywh=671,1152,249,21"
      }
    },
    {
      "type": "Feature",
      "geometry": {
        "type": "Point",
        "coordinates": [
          -95.989739,
          36.1614356
        ]
      },
      "properties": {
        "name": "Hammond R",
        "address": "rms 317 N Elgin av",
        "occupation_role": "porter",
        "employer": "",
        "spouse_name": "",
        "alphabetical_range": "HAM",
        "canvas_fragment": "https://digitalcollections.tulsalibrary.org/iiif/2/p15020coll12:2857/manifest.json/canvas/117#xywh=680,1022,250,19"
      }
    },
    {
      "type": "Feature",
      "geometry": {
        "type": "Point",
        "coordinates": [
          -95.9863767,
          36.1680565
        ]
      },
      "properties": {
        "name": "Hammonds Benjamin",
        "address": "r 654 Bryant",
        "occupation_role": "gardner",
        "employer": "",
        "spouse_name": "Georgia",
        "alphabetical_range": "HAM",
        "canvas_fragment": "https://digitalcollections.tulsalibrary.org/iiif/2/p15020coll12:2857/manifest.json/canvas/117#xywh=682,1187,247,17"
      }
    },
    {
      "type": "Feature",
      "geometry": {
        "type": "Point",
        "coordinates": [
          -95.9863767,
          36.1680565
        ]
      },
      "properties": {
        "name": "Hammonds Adelaide",
        "address": "b 654 Bryant",
        "occupation_role": "",
        "employer": "",
        "spouse_name": "",
        "alphabetical_range": "HAM",
        "canvas_fragment": "https://digitalcollections.tulsalibrary.org/iiif/2/p15020coll12:2857/manifest.json/canvas/117#xywh=681,1200,247,19"
      }
    },
    {
      "type": "Feature",
      "geometry": {
        "type": "Point",
        "coordinates": [
          -95.9830852,
          36.171727
        ]
      },
      "properties": {
        "name": "Hampton Mrs Lindy",
        "address": "r 1231 Pocahontas",
        "occupation_role": "maid",
        "employer": "",
        "spouse_name": "",
        "alphabetical_range": "HAM",
        "canvas_fragment": "https://digitalcollections.tulsalibrary.org/iiif/2/p15020coll12:2857/manifest.json/canvas/117#xywh=936,545,245,17"
      }
    },
    {
      "type": "Feature",
      "geometry": {
        "type": "Point",
        "coordinates": [
          -95.9902795,
          36.1624709
        ]
      },
      "properties": {
        "name": "Hancock Wm",
        "address": "rms 420 N Elgin av",
        "occupation_role": "porter",
        "employer": "",
        "spouse_name": "",
        "alphabetical_range": "HAN",
        "canvas_fragment": "https://digitalcollections.tulsalibrary.org/iiif/2/p15020coll12:2857/manifest.json/canvas/117#xywh=936,1547,248,19"
      }
    },
    {
      "type": "Feature",
      "geometry": {
        "type": "Point",
        "coordinates": [
          -95.9868007,
          36.1684786
        ]
      },
      "properties": {
        "name": "Hankins John",
        "address": "r 1016 N Greenwood av",
        "occupation_role": "grocer",
        "employer": "",
        "spouse_name": "Lulu",
        "alphabetical_range": "HAN",
        "canvas_fragment": "https://digitalcollections.tulsalibrary.org/iiif/2/p15020coll12:2857/manifest.json/canvas/118#xywh=387,729,241,27"
      }
    },
    {
      "type": "Feature",
      "geometry": {
        "type": "Point",
        "coordinates": [
          -95.9873691,
          36.163033
        ]
      },
      "properties": {
        "name": "Hansel Joseph",
        "address": "rms 502 N Greenwood av",
        "occupation_role": "porter",
        "employer": "",
        "spouse_name": "",
        "alphabetical_range": "HAR",
        "canvas_fragment": "https://digitalcollections.tulsalibrary.org/iiif/2/p15020coll12:2857/manifest.json/canvas/118#xywh=675,714,245,17"
      }
    },
    {
      "type": "Feature",
      "geometry": {
        "type": "Point",
        "coordinates": [
          -95.986799,
          36.1692523
        ]
      },
      "properties": {
        "name": "Hardick Mrs Emma",
        "address": "r 908 E Fairview",
        "occupation_role": "",
        "employer": "",
        "spouse_name": "",
        "alphabetical_range": "HAR",
        "canvas_fragment": "https://digitalcollections.tulsalibrary.org/iiif/2/p15020coll12:2857/manifest.json/canvas/119#xywh=384,216,240,31"
      }
    },
    {
      "type": "Feature",
      "geometry": {
        "type": "Point",
        "coordinates": [
          -95.9899631,
          36.1629136
        ]
      },
      "properties": {
        "name": "Hardin Elijah",
        "address": "rms 420 E Easton",
        "occupation_role": "porter",
        "employer": "Y M C A Caefteria",
        "spouse_name": "Mary",
        "alphabetical_range": "HAR",
        "canvas_fragment": "https://digitalcollections.tulsalibrary.org/iiif/2/p15020coll12:2857/manifest.json/canvas/119#xywh=383,299,243,24"
      }
    },
    {
      "type": "Feature",
      "geometry": {
        "type": "Point",
        "coordinates": [
          -95.9898988,
          36.1591129
        ]
      },
      "properties": {
        "name": "Harding Joseph E",
        "address": "rms 123 N Detroit av",
        "occupation_role": "washer",
        "employer": "Guaranty Ldry",
        "spouse_name": "Marie",
        "alphabetical_range": "HAR",
        "canvas_fragment": "https://digitalcollections.tulsalibrary.org/iiif/2/p15020coll12:2857/manifest.json/canvas/119#xywh=397,731,228,22"
      }
    },
    {
      "type": "Feature",
      "geometry": {
        "type": "Point",
        "coordinates": [
          -95.9870597,
          36.1693166
        ]
      },
      "properties": {
        "name": "Hardridge Martha",
        "address": "b 1102 N Greenwood av",
        "occupation_role": "",
        "employer": "",
        "spouse_name": "",
        "alphabetical_range": "HAR",
        "canvas_fragment": "https://digitalcollections.tulsalibrary.org/iiif/2/p15020coll12:2857/manifest.json/canvas/119#xywh=387,1002,238,23"
      }
    },
    {
      "type": "Feature",
      "geometry": {
        "type": "Point",
        "coordinates": [
          -95.9870597,
          36.1693166
        ]
      },
      "properties": {
        "name": "Hardridge Mrs Rose",
        "address": "r 1102 N Greenwood av",
        "occupation_role": "",
        "employer": "",
        "spouse_name": "",
        "alphabetical_range": "HAR",
        "canvas_fragment": "https://digitalcollections.tulsalibrary.org/iiif/2/p15020coll12:2857/manifest.json/canvas/119#xywh=387,1036,239,25"
      }
    },
    {
      "type": "Feature",
      "geometry": {
        "type": "Point",
        "coordinates": [
          -95.986799,
          36.1692523
        ]
      },
      "properties": {
        "name": "Hardy G Elmo",
        "address": "115 1/2 N Greenwood av, r same",
        "occupation_role": "furn rms",
        "employer": "",
        "spouse_name": "Novie",
        "alphabetical_range": "HAR",
        "canvas_fragment": "https://digitalcollections.tulsalibrary.org/iiif/2/p15020coll12:2857/manifest.json/canvas/119#xywh=387,1317,240,21"
      }
    },
    {
      "type": "Feature",
      "geometry": {
        "type": "Point",
        "coordinates": [
          -95.986799,
          36.1692523
        ]
      },
      "properties": {
        "name": "Hardy John E",
        "address": "115 1/2 N Greenwood av, r same",
        "occupation_role": "furn rms",
        "employer": "",
        "spouse_name": "Matilda",
        "alphabetical_range": "HAR",
        "canvas_fragment": "https://digitalcollections.tulsalibrary.org/iiif/2/p15020coll12:2857/manifest.json/canvas/119#xywh=399,1410,193,20"
      }
    },
    {
      "type": "Feature",
      "geometry": {
        "type": "Point",
        "coordinates": [
          -95.986799,
          36.1692523
        ]
      },
      "properties": {
        "name": "Hardy Mrs Matilda",
        "address": "r 115 1/2 N Greenwood av",
        "occupation_role": "mngr",
        "employer": "C J Walker Beauty Parlor",
        "spouse_name": "",
        "alphabetical_range": "HAR",
        "canvas_fragment": "https://digitalcollections.tulsalibrary.org/iiif/2/p15020coll12:2857/manifest.json/canvas/119#xywh=387,1482,241,18"
      }
    },
    {
      "type": "Feature",
      "geometry": {
        "type": "Point",
        "coordinates": [
          -95.9860358,
          36.1602013
        ]
      },
      "properties": {
        "name": "Hardy & Hardy",
        "address": "111 N Greenwood av",
        "occupation_role": "restaurant",
        "employer": "",
        "spouse_name": "",
        "alphabetical_range": "HAR",
        "canvas_fragment": "https://digitalcollections.tulsalibrary.org/iiif/2/p15020coll12:2857/manifest.json/canvas/119#xywh=387,1584,241,19"
      }
    },
    {
      "type": "Feature",
      "geometry": {
        "type": "Point",
        "coordinates": [
          -95.9902756,
          36.1624635
        ]
      },
      "properties": {
        "name": "Harper Charles",
        "address": "rms 418 N Elgin av",
        "occupation_role": "lab",
        "employer": "",
        "spouse_name": "",
        "alphabetical_range": "HAR",
        "canvas_fragment": "https://digitalcollections.tulsalibrary.org/iiif/2/p15020coll12:2857/manifest.json/canvas/120#xywh=146,571,232,36"
      }
    },
    {
      "type": "Feature",
      "geometry": {
        "type": "Point",
        "coordinates": [
          -95.9866043,
          36.1692528
        ]
      },
      "properties": {
        "name": "Harper Louie",
        "address": "b 643 Williams",
        "occupation_role": "",
        "employer": "",
        "spouse_name": "",
        "alphabetical_range": "HAR",
        "canvas_fragment": "https://digitalcollections.tulsalibrary.org/iiif/2/p15020coll12:2857/manifest.json/canvas/120#xywh=142,1112,234,21"
      }
    },
    {
      "type": "Feature",
      "geometry": {
        "type": "Point",
        "coordinates": [
          -95.9872783,
          36.1690117
        ]
      },
      "properties": {
        "name": "Harris Arthur R",
        "address": "r 540 Williams",
        "occupation_role": "lab",
        "employer": "",
        "spouse_name": "Ella",
        "alphabetical_range": "HAR",
        "canvas_fragment": "https://digitalcollections.tulsalibrary.org/iiif/2/p15020coll12:2857/manifest.json/canvas/120#xywh=383,1555,244,20"
      }
    },
    {
      "type": "Feature",
      "geometry": {
        "type": "Point",
        "coordinates": [
          -95.9902407,
          36.1623964
        ]
      },
      "properties": {
        "name": "Harris Booker T",
        "address": "rms 507 E Easton",
        "occupation_role": "carp",
        "employer": "",
        "spouse_name": "Linny",
        "alphabetical_range": "HAR",
        "canvas_fragment": "https://digitalcollections.tulsalibrary.org/iiif/2/p15020coll12:2857/manifest.json/canvas/120#xywh=679,272,245,27"
      }
    },
    {
      "type": "Feature",
      "geometry": {
        "type": "Point",
        "coordinates": [
          -95.9902407,
          36.1623964
        ]
      },
      "properties": {
        "name": "Harris Edward",
        "address": "r 501 E Easton",
        "occupation_role": "porter",
        "employer": "",
        "spouse_name": "Sallie",
        "alphabetical_range": "HAR",
        "canvas_fragment": "https://digitalcollections.tulsalibrary.org/iiif/2/p15020coll12:2857/manifest.json/canvas/120#xywh=675,783,250,22"
      }
    },
    {
      "type": "Feature",
      "geometry": {
        "type": "Point",
        "coordinates": [
          -95.9862923,
          36.1691121
        ]
      },
      "properties": {
        "name": "Harris Emma",
        "address": "b 1025 N Greenwood av",
        "occupation_role": "",
        "employer": "",
        "spouse_name": "",
        "alphabetical_range": "HAR",
        "canvas_fragment": "https://digitalcollections.tulsalibrary.org/iiif/2/p15020coll12:2857/manifest.json/canvas/120#xywh=677,948,247,21"
      }
    },
    {
      "type": "Feature",
      "geometry": {
        "type": "Point",
        "coordinates": [
          -95.9869989,
          36.1597621
        ]
      },
      "properties": {
        "name": "Harris James",
        "address": "rms 501 E Archer",
        "occupation_role": "lab",
        "employer": "",
        "spouse_name": "",
        "alphabetical_range": "HAR",
        "canvas_fragment": "https://digitalcollections.tulsalibrary.org/iiif/2/p15020coll12:2857/manifest.json/canvas/120#xywh=934,555,247,17"
      }
    },
    {
      "type": "Feature",
      "geometry": {
        "type": "Point",
        "coordinates": [
          -95.9862563,
          36.1641399
        ]
      },
      "properties": {
        "name": "Harris John",
        "address": "rms 711 N Greenwood av",
        "occupation_role": "lab",
        "employer": "",
        "spouse_name": "Clara",
        "alphabetical_range": "HAR",
        "canvas_fragment": "https://digitalcollections.tulsalibrary.org/iiif/2/p15020coll12:2857/manifest.json/canvas/120#xywh=934,691,246,18"
      }
    },
    {
      "type": "Feature",
      "geometry": {
        "type": "Point",
        "coordinates": [
          -95.9862923,
          36.1691121
        ]
      },
      "properties": {
        "name": "Harris Lioyd",
        "address": "r 1025 N Greenwood av",
        "occupation_role": "lab",
        "employer": "",
        "spouse_name": "Eliza",
        "alphabetical_range": "HAR",
        "canvas_fragment": "https://digitalcollections.tulsalibrary.org/iiif/2/p15020coll12:2857/manifest.json/canvas/120#xywh=933,1285,248,17"
      }
    },
    {
      "type": "Feature",
      "geometry": {
        "type": "Point",
        "coordinates": [
          -95.9919926,
          36.1630605
        ]
      },
      "properties": {
        "name": "Harris Mabel",
        "address": "rms 529 N Detroit av",
        "occupation_role": "tchr",
        "employer": "Booker T Washn School",
        "spouse_name": "",
        "alphabetical_range": "HAR",
        "canvas_fragment": "https://digitalcollections.tulsalibrary.org/iiif/2/p15020coll12:2857/manifest.json/canvas/120#xywh=932,1317,249,22"
      }
    },
    {
      "type": "Feature",
      "geometry": {
        "type": "Point",
        "coordinates": [
          -95.9862753,
          36.1612858
        ]
      },
      "properties": {
        "name": "Harris Richard",
        "address": "rms 301 N Greenwood av",
        "occupation_role": "porter",
        "employer": "",
        "spouse_name": "",
        "alphabetical_range": "HAR",
        "canvas_fragment": "https://digitalcollections.tulsalibrary.org/iiif/2/p15020coll12:2857/manifest.json/canvas/120#xywh=932,1628,248,20"
      }
    },
    {
      "type": "Feature",
      "geometry": {
        "type": "Point",
        "coordinates": [
          -95.986799,
          36.1692523
        ]
      },
      "properties": {
        "name": "Harris Robert",
        "address": "rms 129 1/2 N Greenwood av",
        "occupation_role": "cook",
        "employer": "",
        "spouse_name": "Ella",
        "alphabetical_range": "HAR",
        "canvas_fragment": "https://digitalcollections.tulsalibrary.org/iiif/2/p15020coll12:2857/manifest.json/canvas/121#xywh=149,434,231,42"
      }
    },
    {
      "type": "Feature",
      "geometry": {
        "type": "Point",
        "coordinates": [
          -95.9905601,
          36.1630095
        ]
      },
      "properties": {
        "name": "Harris Wm",
        "address": "b rear 535 N Elgin av",
        "occupation_role": "",
        "employer": "",
        "spouse_name": "",
        "alphabetical_range": "HAR",
        "canvas_fragment": "https://digitalcollections.tulsalibrary.org/iiif/2/p15020coll12:2857/manifest.json/canvas/121#xywh=152,1244,230,30"
      }
    },
    {
      "type": "Feature",
      "geometry": {
        "type": "Point",
        "coordinates": [
          -95.9905601,
          36.1630095
        ]
      },
      "properties": {
        "name": "Harris Wm",
        "address": "r rear 535 N Elgin av",
        "occupation_role": "East End Feed Store",
        "employer": "",
        "spouse_name": "",
        "alphabetical_range": "HAR",
        "canvas_fragment": "https://digitalcollections.tulsalibrary.org/iiif/2/p15020coll12:2857/manifest.json/canvas/121#xywh=150,1274,233,25"
      }
    },
    {
      "type": "Feature",
      "geometry": {
        "type": "Point",
        "coordinates": [
          -95.9919743,
          36.1630218
        ]
      },
      "properties": {
        "name": "Harrison Beatrice",
        "address": "rms 521 N Detroit av",
        "occupation_role": "cateress",
        "employer": "",
        "spouse_name": "",
        "alphabetical_range": "HAR",
        "canvas_fragment": "https://digitalcollections.tulsalibrary.org/iiif/2/p15020coll12:2857/manifest.json/canvas/121#xywh=153,1588,231,20"
      }
    },
    {
      "type": "Feature",
      "geometry": {
        "type": "Point",
        "coordinates": [
          -95.9867385,
          36.1606952
        ]
      },
      "properties": {
        "name": "Harrison Ella",
        "address": "b 210 N Greenwood",
        "occupation_role": "dom",
        "employer": "",
        "spouse_name": "",
        "alphabetical_range": "HAR",
        "canvas_fragment": "https://digitalcollections.tulsalibrary.org/iiif/2/p15020coll12:2857/manifest.json/canvas/121#xywh=387,695,240,28"
      }
    },
    {
      "type": "Feature",
      "geometry": {
        "type": "Point",
        "coordinates": [
          -95.986799,
          36.1692523
        ]
      },
      "properties": {
        "name": "Hawkins Rev Andrew H",
        "address": "r 912 E Fairview",
        "occupation_role": "Rev",
        "employer": "",
        "spouse_name": "Elizabeth",
        "alphabetical_range": "HAW",
        "canvas_fragment": "https://digitalcollections.tulsalibrary.org/iiif/2/p15020coll12:2857/manifest.json/canvas/123#xywh=376,651,244,29"
      }
    },
    {
      "type": "Feature",
      "geometry": {
        "type": "Point",
        "coordinates": [
          -95.9897202,
          36.1625944
        ]
      },
      "properties": {
        "name": "Hawkins Joseph D",
        "address": "rms 403 N Elgin av",
        "occupation_role": "janitor",
        "employer": "S W Bell Tel Co",
        "spouse_name": "",
        "alphabetical_range": "HAW",
        "canvas_fragment": "https://digitalcollections.tulsalibrary.org/iiif/2/p15020coll12:2857/manifest.json/canvas/123#xywh=380,1100,243,23"
      }
    },
    {
      "type": "Feature",
      "geometry": {
        "type": "Point",
        "coordinates": [
          -95.9866043,
          36.1692528
        ]
      },
      "properties": {
        "name": "Hawthorne James",
        "address": "r 643 Williams",
        "occupation_role": "plasterer",
        "employer": "",
        "spouse_name": "Sara",
        "alphabetical_range": "HAW",
        "canvas_fragment": "https://digitalcollections.tulsalibrary.org/iiif/2/p15020coll12:2857/manifest.json/canvas/123#xywh=670,579,249,28"
      }
    },
    {
      "type": "Feature",
      "geometry": {
        "type": "Point",
        "coordinates": [
          -95.986799,
          36.1692523
        ]
      },
      "properties": {
        "name": "Haynes Ertie",
        "address": "rms 206 1/2 N Greenwood av",
        "occupation_role": "janitor",
        "employer": "Wright bldg",
        "spouse_name": "",
        "alphabetical_range": "HAY",
        "canvas_fragment": "https://digitalcollections.tulsalibrary.org/iiif/2/p15020coll12:2857/manifest.json/canvas/123#xywh=929,803,250,22"
      }
    },
    {
      "type": "Feature",
      "geometry": {
        "type": "Point",
        "coordinates": [
          -95.9902407,
          36.1623964
        ]
      },
      "properties": {
        "name": "Haynes John",
        "address": "r 515 E Easton",
        "occupation_role": "lab",
        "employer": "",
        "spouse_name": "Sadie",
        "alphabetical_range": "HAY",
        "canvas_fragment": "https://digitalcollections.tulsalibrary.org/iiif/2/p15020coll12:2857/manifest.json/canvas/123#xywh=931,896,250,18"
      }
    },
    {
      "type": "Feature",
      "geometry": {
        "type": "Point",
        "coordinates": [
          -95.9860437,
          36.1683339
        ]
      },
      "properties": {
        "name": "Helms Thomas",
        "address": "b 833 E Bryant",
        "occupation_role": "",
        "employer": "",
        "spouse_name": "",
        "alphabetical_range": "HEL",
        "canvas_fragment": "https://digitalcollections.tulsalibrary.org/iiif/2/p15020coll12:2857/manifest.json/canvas/124#xywh=920,1608,231,20"
      }
    },
    {
      "type": "Feature",
      "geometry": {
        "type": "Point",
        "coordinates": [
          -95.9830852,
          36.171727
        ]
      },
      "properties": {
        "name": "Helton Robert",
        "address": "b 1231 Pocahontas",
        "occupation_role": "",
        "employer": "",
        "spouse_name": "",
        "alphabetical_range": "HEL",
        "canvas_fragment": "https://digitalcollections.tulsalibrary.org/iiif/2/p15020coll12:2857/manifest.json/canvas/125#xywh=157,782,233,35"
      }
    },
    {
      "type": "Feature",
      "geometry": {
        "type": "Point",
        "coordinates": [
          -95.9830852,
          36.171727
        ]
      },
      "properties": {
        "name": "Henderson Anthony",
        "address": "b 1233 Pocahontas",
        "occupation_role": "lab",
        "employer": "",
        "spouse_name": "",
        "alphabetical_range": "HEN",
        "canvas_fragment": "https://digitalcollections.tulsalibrary.org/iiif/2/p15020coll12:2857/manifest.json/canvas/125#xywh=77,1320,60,34"
      }
    },
    {
      "type": "Feature",
      "geometry": {
        "type": "Point",
        "coordinates": [
          -95.9869632,
          36.1597743
        ]
      },
      "properties": {
        "name": "Henderson Mabel",
        "address": "rms 505 E Archer",
        "occupation_role": "maid",
        "employer": "",
        "spouse_name": "",
        "alphabetical_range": "HEN",
        "canvas_fragment": "https://digitalcollections.tulsalibrary.org/iiif/2/p15020coll12:2857/manifest.json/canvas/125#xywh=398,857,235,31"
      }
    },
    {
      "type": "Feature",
      "geometry": {
        "type": "Point",
        "coordinates": [
          -95.9830852,
          36.171727
        ]
      },
      "properties": {
        "name": "Henderson Marie",
        "address": "b 1233 Pocahontas",
        "occupation_role": "",
        "employer": "",
        "spouse_name": "",
        "alphabetical_range": "HEN",
        "canvas_fragment": "https://digitalcollections.tulsalibrary.org/iiif/2/p15020coll12:2857/manifest.json/canvas/125#xywh=398,929,235,32"
      }
    },
    {
      "type": "Feature",
      "geometry": {
        "type": "Point",
        "coordinates": [
          -95.9830852,
          36.171727
        ]
      },
      "properties": {
        "name": "Henderson Mrs Ora",
        "address": "r 1233 Pocahontas",
        "occupation_role": "maid Hotel Fern",
        "employer": "",
        "spouse_name": "Felix",
        "alphabetical_range": "HEN",
        "canvas_fragment": "https://digitalcollections.tulsalibrary.org/iiif/2/p15020coll12:2857/manifest.json/canvas/125#xywh=397,1003,236,30"
      }
    },
    {
      "type": "Feature",
      "geometry": {
        "type": "Point",
        "coordinates": [
          -95.9877033,
          36.1683247
        ]
      },
      "properties": {
        "name": "Hendricks Belle",
        "address": "b 527 Bryant",
        "occupation_role": "",
        "employer": "",
        "spouse_name": "",
        "alphabetical_range": "HEN",
        "canvas_fragment": "https://digitalcollections.tulsalibrary.org/iiif/2/p15020coll12:2857/manifest.json/canvas/125#xywh=673,464,221,23"
      }
    },
    {
      "type": "Feature",
      "geometry": {
        "type": "Point",
        "coordinates": [
          -95.9869845,
          36.1647849
        ]
      },
      "properties": {
        "name": "Henry Mrs Annie",
        "address": "rms 716 N Greenwood av",
        "occupation_role": "",
        "employer": "",
        "spouse_name": "",
        "alphabetical_range": "HEN",
        "canvas_fragment": "https://digitalcollections.tulsalibrary.org/iiif/2/p15020coll12:2857/manifest.json/canvas/126#xywh=119,653,237,41"
      }
    },
    {
      "type": "Feature",
      "geometry": {
        "type": "Point",
        "coordinates": [
          -95.986722,
          36.1692525
        ]
      },
      "properties": {
        "name": "Henry Mrs Fannie",
        "address": "b 617 Williams",
        "occupation_role": "",
        "employer": "",
        "spouse_name": "",
        "alphabetical_range": "HEN",
        "canvas_fragment": "https://digitalcollections.tulsalibrary.org/iiif/2/p15020coll12:2857/manifest.json/canvas/126#xywh=121,953,238,29"
      }
    },
    {
      "type": "Feature",
      "geometry": {
        "type": "Point",
        "coordinates": [
          -95.9830852,
          36.171727
        ]
      },
      "properties": {
        "name": "Herron Mrs Dora",
        "address": "r 1228 Pocahontas",
        "occupation_role": "maid",
        "employer": "",
        "spouse_name": "",
        "alphabetical_range": "HER",
        "canvas_fragment": "https://digitalcollections.tulsalibrary.org/iiif/2/p15020coll12:2857/manifest.json/canvas/126#xywh=919,1157,253,20"
      }
    },
    {
      "type": "Feature",
      "geometry": {
        "type": "Point",
        "coordinates": [
          -95.986799,
          36.1692523
        ]
      },
      "properties": {
        "name": "Hickman Mrs Belle",
        "address": "115 1/2 N Greenwood av",
        "occupation_role": "maid",
        "employer": "",
        "spouse_name": "",
        "alphabetical_range": "HIC",
        "canvas_fragment": "https://digitalcollections.tulsalibrary.org/iiif/2/p15020coll12:2857/manifest.json/canvas/127#xywh=371,969,245,31"
      }
    },
    {
      "type": "Feature",
      "geometry": {
        "type": "Point",
        "coordinates": [
          -95.9899631,
          36.1629136
        ]
      },
      "properties": {
        "name": "Hickman Clarence",
        "address": "b 420 E Easton",
        "occupation_role": "helper",
        "employer": "Nickau & Robinson",
        "spouse_name": "",
        "alphabetical_range": "HIC",
        "canvas_fragment": "https://digitalcollections.tulsalibrary.org/iiif/2/p15020coll12:2857/manifest.json/canvas/127#xywh=371,1090,247,26"
      }
    },
    {
      "type": "Feature",
      "geometry": {
        "type": "Point",
        "coordinates": [
          -95.986799,
          36.1692523
        ]
      },
      "properties": {
        "name": "Hickman Robert",
        "address": "rms 107 1/2 N Greenwood av",
        "occupation_role": "lab",
        "employer": "",
        "spouse_name": "",
        "alphabetical_range": "HIC",
        "canvas_fragment": "https://digitalcollections.tulsalibrary.org/iiif/2/p15020coll12:2857/manifest.json/canvas/127#xywh=373,1288,246,27"
      }
    },
    {
      "type": "Feature",
      "geometry": {
        "type": "Point",
        "coordinates": [
          -95.9849035,
          36.1704071
        ]
      },
      "properties": {
        "name": "Hickman Wm",
        "address": "b 643 Booker",
        "occupation_role": "lab",
        "employer": "",
        "spouse_name": "",
        "alphabetical_range": "HIC",
        "canvas_fragment": "https://digitalcollections.tulsalibrary.org/iiif/2/p15020coll12:2857/manifest.json/canvas/127#xywh=375,1330,234,20"
      }
    },
    {
      "type": "Feature",
      "geometry": {
        "type": "Point",
        "coordinates": [
          -95.9898988,
          36.1591129
        ]
      },
      "properties": {
        "name": "Hicks Alfred",
        "address": "rms 123 N Detroit av",
        "occupation_role": "porter",
        "employer": "",
        "spouse_name": "",
        "alphabetical_range": "HIC",
        "canvas_fragment": "https://digitalcollections.tulsalibrary.org/iiif/2/p15020coll12:2857/manifest.json/canvas/127#xywh=378,1629,246,25"
      }
    },
    {
      "type": "Feature",
      "geometry": {
        "type": "Point",
        "coordinates": [
          -95.9898988,
          36.1591129
        ]
      },
      "properties": {
        "name": "Hicks Augustus",
        "address": "r 123 N Detroit av",
        "occupation_role": "pastor",
        "employer": "",
        "spouse_name": "Maggie",
        "alphabetical_range": "HIC",
        "canvas_fragment": "https://digitalcollections.tulsalibrary.org/iiif/2/p15020coll12:2857/manifest.json/canvas/127#xywh=658,344,254,19"
      }
    },
    {
      "type": "Feature",
      "geometry": {
        "type": "Point",
        "coordinates": [
          -95.9863507,
          36.1692535
        ]
      },
      "properties": {
        "name": "Hicks Jesse",
        "address": "r 701 Williams",
        "occupation_role": "",
        "employer": "",
        "spouse_name": "Hattie",
        "alphabetical_range": "HIC",
        "canvas_fragment": "https://digitalcollections.tulsalibrary.org/iiif/2/p15020coll12:2857/manifest.json/canvas/127#xywh=656,695,252,20"
      }
    },
    {
      "type": "Feature",
      "geometry": {
        "type": "Point",
        "coordinates": [
          -95.986799,
          36.1692523
        ]
      },
      "properties": {
        "name": "Hicks Ray",
        "address": "rms 114 1/2 N Greenwood av",
        "occupation_role": "porter",
        "employer": "Globe Clothiers",
        "spouse_name": "",
        "alphabetical_range": "HIC",
        "canvas_fragment": "https://digitalcollections.tulsalibrary.org/iiif/2/p15020coll12:2857/manifest.json/canvas/127#xywh=652,1205,254,21"
      }
    },
    {
      "type": "Feature",
      "geometry": {
        "type": "Point",
        "coordinates": [
          -95.989739,
          36.1626306
        ]
      },
      "properties": {
        "name": "Higgs Wm",
        "address": "rms 407 N Elgin av",
        "occupation_role": "lab",
        "employer": "",
        "spouse_name": "Lulu",
        "alphabetical_range": "HIG",
        "canvas_fragment": "https://digitalcollections.tulsalibrary.org/iiif/2/p15020coll12:2857/manifest.json/canvas/127#xywh=911,1554,252,25"
      }
    },
    {
      "type": "Feature",
      "geometry": {
        "type": "Point",
        "coordinates": [
          -95.9890347,
          36.1595547
        ]
      },
      "properties": {
        "name": "Hill James",
        "address": "r 128 N Elgin av",
        "occupation_role": "grocer",
        "employer": "",
        "spouse_name": "Katy",
        "alphabetical_range": "HIL",
        "canvas_fragment": "https://digitalcollections.tulsalibrary.org/iiif/2/p15020coll12:2857/manifest.json/canvas/128#xywh=373,1516,243,31"
      }
    },
    {
      "type": "Feature",
      "geometry": {
        "type": "Point",
        "coordinates": [
          -95.9830852,
          36.171727
        ]
      },
      "properties": {
        "name": "Hill Marshall C",
        "address": "r 1229 Pocahontas",
        "occupation_role": "lab",
        "employer": "",
        "spouse_name": "Hazel",
        "alphabetical_range": "HIL",
        "canvas_fragment": "https://digitalcollections.tulsalibrary.org/iiif/2/p15020coll12:2857/manifest.json/canvas/128#xywh=673,918,247,17"
      }
    },
    {
      "type": "Feature",
      "geometry": {
        "type": "Point",
        "coordinates": [
          -95.9873652,
          36.163123
        ]
      },
      "properties": {
        "name": "Hoard Mary Amanda",
        "address": "r 520 N Greenwood av",
        "occupation_role": "hair dresser",
        "employer": "",
        "spouse_name": "",
        "alphabetical_range": "HOE",
        "canvas_fragment": "https://digitalcollections.tulsalibrary.org/iiif/2/p15020coll12:2857/manifest.json/canvas/129#xywh=668,855,247,19"
      }
    },
    {
      "type": "Feature",
      "geometry": {
        "type": "Point",
        "coordinates": [
          -95.9867673,
          36.1692524
        ]
      },
      "properties": {
        "name": "Hodge Victor",
        "address": "r 606 Williams",
        "occupation_role": "helper",
        "employer": "",
        "spouse_name": "Alberta",
        "alphabetical_range": "HOE",
        "canvas_fragment": "https://digitalcollections.tulsalibrary.org/iiif/2/p15020coll12:2857/manifest.json/canvas/129#xywh=923,706,248,22"
      }
    },
    {
      "type": "Feature",
      "geometry": {
        "type": "Point",
        "coordinates": [
          -95.9902407,
          36.1623964
        ]
      },
      "properties": {
        "name": "Holiday Ida",
        "address": "r 507 E Easton",
        "occupation_role": "maid",
        "employer": "",
        "spouse_name": "",
        "alphabetical_range": "HOL",
        "canvas_fragment": "https://digitalcollections.tulsalibrary.org/iiif/2/p15020coll12:2857/manifest.json/canvas/130#xywh=926,650,253,20"
      }
    },
    {
      "type": "Feature",
      "geometry": {
        "type": "Point",
        "coordinates": [
          -95.9904909,
          36.1628768
        ]
      },
      "properties": {
        "name": "Hollingsworth Lavora",
        "address": "rms 517 N Elgin av",
        "occupation_role": "",
        "employer": "",
        "spouse_name": "",
        "alphabetical_range": "HOL",
        "canvas_fragment": "https://digitalcollections.tulsalibrary.org/iiif/2/p15020coll12:2857/manifest.json/canvas/131#xywh=147,1348,233,33"
      }
    },
    {
      "type": "Feature",
      "geometry": {
        "type": "Point",
        "coordinates": [
          -95.9904909,
          36.1628768
        ]
      },
      "properties": {
        "name": "Hollingsworth Lincoln A",
        "address": "r 517 N Elgin av",
        "occupation_role": "tmstr",
        "employer": "",
        "spouse_name": "Ollie",
        "alphabetical_range": "HOL",
        "canvas_fragment": "https://digitalcollections.tulsalibrary.org/iiif/2/p15020coll12:2857/manifest.json/canvas/131#xywh=148,1471,229,30"
      }
    },
    {
      "type": "Feature",
      "geometry": {
        "type": "Point",
        "coordinates": [
          -95.9862753,
          36.1612858
        ]
      },
      "properties": {
        "name": "Holman Mrs Ethel",
        "address": "rms 301 N Greenwood av",
        "occupation_role": "barber",
        "employer": "Ellis Paylor",
        "spouse_name": "",
        "alphabetical_range": "HOL",
        "canvas_fragment": "https://digitalcollections.tulsalibrary.org/iiif/2/p15020coll12:2857/manifest.json/canvas/131#xywh=668,245,249,20"
      }
    },
    {
      "type": "Feature",
      "geometry": {
        "type": "Point",
        "coordinates": [
          -95.9801916,
          36.1733463
        ]
      },
      "properties": {
        "name": "Holmes Barrett L",
        "address": "r 1233 N Lansing av",
        "occupation_role": "lab",
        "employer": "Carter Oil Co",
        "spouse_name": "Ella",
        "alphabetical_range": "HOL",
        "canvas_fragment": "https://digitalcollections.tulsalibrary.org/iiif/2/p15020coll12:2857/manifest.json/canvas/131#xywh=665,580,250,41"
      }
    },
    {
      "type": "Feature",
      "geometry": {
        "type": "Point",
        "coordinates": [
          -95.9801916,
          36.1733463
        ]
      },
      "properties": {
        "name": "Holmes R Lee",
        "address": "b 1233 N Lansing av",
        "occupation_role": "",
        "employer": "",
        "spouse_name": "",
        "alphabetical_range": "HOL",
        "canvas_fragment": "https://digitalcollections.tulsalibrary.org/iiif/2/p15020coll12:2857/manifest.json/canvas/131#xywh=665,1305,248,18"
      }
    },
    {
      "type": "Feature",
      "geometry": {
        "type": "Point",
        "coordinates": [
          -95.986799,
          36.1692523
        ]
      },
      "properties": {
        "name": "Hooks Jesse",
        "address": "rms 115 1/2 N Greenwood av",
        "occupation_role": "lab",
        "employer": "Tulsa Floor Sweep Co",
        "spouse_name": "",
        "alphabetical_range": "HOO",
        "canvas_fragment": "https://digitalcollections.tulsalibrary.org/iiif/2/p15020coll12:2857/manifest.json/canvas/132#xywh=379,1487,244,30"
      }
    },
    {
      "type": "Feature",
      "geometry": {
        "type": "Point",
        "coordinates": [
          -95.9866134,
          36.1692528
        ]
      },
      "properties": {
        "name": "Hoparty Stewart V",
        "address": "r 641 Williams",
        "occupation_role": "lab",
        "employer": "",
        "spouse_name": "Aileen",
        "alphabetical_range": "HOO",
        "canvas_fragment": "https://digitalcollections.tulsalibrary.org/iiif/2/p15020coll12:2857/manifest.json/canvas/132#xywh=650,1402,129,20"
      }
    },
    {
      "type": "Feature",
      "geometry": {
        "type": "Point",
        "coordinates": [
          -95.9862815,
          36.1615683
        ]
      },
      "properties": {
        "name": "Howard Harvey",
        "address": "rms 317 N Greenwood av",
        "occupation_role": "painter",
        "employer": "Gunn Bros",
        "spouse_name": "Beatrice",
        "alphabetical_range": "HOU",
        "canvas_fragment": "https://digitalcollections.tulsalibrary.org/iiif/2/p15020coll12:2857/manifest.json/canvas/134#xywh=386,1279,243,22"
      }
    },
    {
      "type": "Feature",
      "geometry": {
        "type": "Point",
        "coordinates": [
          -95.9869072,
          36.1660039
        ]
      },
      "properties": {
        "name": "Howard Samuel M",
        "address": "810 N Greenwood av, r same",
        "occupation_role": "second hd furniture",
        "employer": "",
        "spouse_name": "",
        "alphabetical_range": "HOW",
        "canvas_fragment": "https://digitalcollections.tulsalibrary.org/iiif/2/p15020coll12:2857/manifest.json/canvas/134#xywh=667,771,245,22"
      }
    },
    {
      "type": "Feature",
      "geometry": {
        "type": "Point",
        "coordinates": [
          -95.9862817,
          36.161581
        ]
      },
      "properties": {
        "name": "Howard Wm",
        "address": "r 321 N Greenwood av",
        "occupation_role": "Newman & Howard",
        "employer": "",
        "spouse_name": "",
        "alphabetical_range": "HOW",
        "canvas_fragment": "https://digitalcollections.tulsalibrary.org/iiif/2/p15020coll12:2857/manifest.json/canvas/134#xywh=667,884,245,20"
      }
    },
    {
      "type": "Feature",
      "geometry": {
        "type": "Point",
        "coordinates": [
          -95.9898988,
          36.1591129
        ]
      },
      "properties": {
        "name": "Hubbard Wm",
        "address": "rms 123 N Detroit av",
        "occupation_role": "porter",
        "employer": "",
        "spouse_name": "Mary",
        "alphabetical_range": "HOW",
        "canvas_fragment": "https://digitalcollections.tulsalibrary.org/iiif/2/p15020coll12:2857/manifest.json/canvas/135#xywh=150,1333,478,32"
      }
    },
    {
      "type": "Feature",
      "geometry": {
        "type": "Point",
        "coordinates": [
          -95.9897054,
          36.1613692
        ]
      },
      "properties": {
        "name": "Hudson Samuel",
        "address": "b 307 N Elgin av",
        "occupation_role": "porter",
        "employer": "111 N Main av",
        "spouse_name": "",
        "alphabetical_range": "HUG",
        "canvas_fragment": "https://digitalcollections.tulsalibrary.org/iiif/2/p15020coll12:2857/manifest.json/canvas/135#xywh=664,644,248,23"
      }
    },
    {
      "type": "Feature",
      "geometry": {
        "type": "Point",
        "coordinates": [
          -95.9897657,
          36.1614888
        ]
      },
      "properties": {
        "name": "Hughes Hird",
        "address": "b 325 N Elgin av",
        "occupation_role": "waiter",
        "employer": "T E Hughes",
        "spouse_name": "",
        "alphabetical_range": "HUL",
        "canvas_fragment": "https://digitalcollections.tulsalibrary.org/iiif/2/p15020coll12:2857/manifest.json/canvas/136#xywh=154,816,234,34"
      }
    },
    {
      "type": "Feature",
      "geometry": {
        "type": "Point",
        "coordinates": [
          -95.9870964,
          36.1647641
        ]
      },
      "properties": {
        "name": "Hughes Horace T",
        "address": "r 714 N Greenwood av",
        "occupation_role": "tchr Booker T Washn School",
        "employer": "Booker T Washn School",
        "spouse_name": "Ida M",
        "alphabetical_range": "HUL",
        "canvas_fragment": "https://digitalcollections.tulsalibrary.org/iiif/2/p15020coll12:2857/manifest.json/canvas/136#xywh=155,889,234,24"
      }
    },
    {
      "type": "Feature",
      "geometry": {
        "type": "Point",
        "coordinates": [
          -95.9920291,
          36.163138
        ]
      },
      "properties": {
        "name": "Hughes John W",
        "address": "r 545 N Detroit av",
        "occupation_role": "prin Dungar Grade School",
        "employer": "Dungar Grade School",
        "spouse_name": "Nettie",
        "alphabetical_range": "HUL",
        "canvas_fragment": "https://digitalcollections.tulsalibrary.org/iiif/2/p15020coll12:2857/manifest.json/canvas/136#xywh=154,1286,233,21"
      }
    },
    {
      "type": "Feature",
      "geometry": {
        "type": "Point",
        "coordinates": [
          -95.9897657,
          36.1614888
        ]
      },
      "properties": {
        "name": "Hughes Thomas E",
        "address": "r 325 N Elgin av",
        "occupation_role": "restaurant",
        "employer": "",
        "spouse_name": "Mary",
        "alphabetical_range": "HUL",
        "canvas_fragment": "https://digitalcollections.tulsalibrary.org/iiif/2/p15020coll12:2857/manifest.json/canvas/136#xywh=395,602,238,28"
      }
    },
    {
      "type": "Feature",
      "geometry": {
        "type": "Point",
        "coordinates": [
          -95.9860129,
          36.1601811
        ]
      },
      "properties": {
        "name": "Hunt Edward",
        "address": "rms 121 W Greenwood av",
        "occupation_role": "lab",
        "employer": "",
        "spouse_name": "",
        "alphabetical_range": "HUN",
        "canvas_fragment": "https://digitalcollections.tulsalibrary.org/iiif/2/p15020coll12:2857/manifest.json/canvas/137#xywh=124,1011,211,34"
      }
    },
    {
      "type": "Feature",
      "geometry": {
        "type": "Point",
        "coordinates": [
          -95.989694,
          36.1613468
        ]
      },
      "properties": {
        "name": "Hunt Mrs George W",
        "address": "r 310 N Elgin av",
        "occupation_role": "hair dresser",
        "employer": "",
        "spouse_name": "",
        "alphabetical_range": "HUN",
        "canvas_fragment": "https://digitalcollections.tulsalibrary.org/iiif/2/p15020coll12:2857/manifest.json/canvas/137#xywh=123,1235,238,26"
      }
    },
    {
      "type": "Feature",
      "geometry": {
        "type": "Point",
        "coordinates": [
          -95.9898988,
          36.1591129
        ]
      },
      "properties": {
        "name": "Hunt Mattie",
        "address": "rms 123 W Detroit av",
        "occupation_role": "lab",
        "employer": "",
        "spouse_name": "",
        "alphabetical_range": "HUN",
        "canvas_fragment": "https://digitalcollections.tulsalibrary.org/iiif/2/p15020coll12:2857/manifest.json/canvas/137#xywh=369,264,244,27"
      }
    },
    {
      "type": "Feature",
      "geometry": {
        "type": "Point",
        "coordinates": [
          -95.989694,
          36.1613468
        ]
      },
      "properties": {
        "name": "Hunt Valda",
        "address": "b 310 N Elgin av",
        "occupation_role": "student",
        "employer": "",
        "spouse_name": "",
        "alphabetical_range": "HUN",
        "canvas_fragment": "https://digitalcollections.tulsalibrary.org/iiif/2/p15020coll12:2857/manifest.json/canvas/137#xywh=368,882,245,27"
      }
    },
    {
      "type": "Feature",
      "geometry": {
        "type": "Point",
        "coordinates": [
          -95.9874199,
          36.1632198
        ]
      },
      "properties": {
        "name": "Hunter Minnie",
        "address": "rms 602 N Greenwood av",
        "occupation_role": "porter",
        "employer": "Okla P & R Corp",
        "spouse_name": "",
        "alphabetical_range": "HUT",
        "canvas_fragment": "https://digitalcollections.tulsalibrary.org/iiif/2/p15020coll12:2857/manifest.json/canvas/137#xywh=650,328,248,26"
      }
    },
    {
      "type": "Feature",
      "geometry": {
        "type": "Point",
        "coordinates": [
          -95.9902446,
          36.1624039
        ]
      },
      "properties": {
        "name": "Hutchins Charles N",
        "address": "b 402 N Elgin av",
        "occupation_role": "piano repr",
        "employer": "",
        "spouse_name": "",
        "alphabetical_range": "HUT",
        "canvas_fragment": "https://digitalcollections.tulsalibrary.org/iiif/2/p15020coll12:2857/manifest.json/canvas/138#xywh=155,459,239,33"
      }
    },
    {
      "type": "Feature",
      "geometry": {
        "type": "Point",
        "coordinates": [
          -95.9902446,
          36.1624039
        ]
      },
      "properties": {
        "name": "Hutchins George Jr",
        "address": "b 402 N Elgin av",
        "occupation_role": "janitor",
        "employer": "",
        "spouse_name": "",
        "alphabetical_range": "HUT",
        "canvas_fragment": "https://digitalcollections.tulsalibrary.org/iiif/2/p15020coll12:2857/manifest.json/canvas/138#xywh=156,558,236,49"
      }
    },
    {
      "type": "Feature",
      "geometry": {
        "type": "Point",
        "coordinates": [
          -95.9902446,
          36.1624039
        ]
      },
      "properties": {
        "name": "Hutchins George W",
        "address": "r 402 N Elgin av",
        "occupation_role": "lawyer",
        "employer": "",
        "spouse_name": "Mamie",
        "alphabetical_range": "HUT",
        "canvas_fragment": "https://digitalcollections.tulsalibrary.org/iiif/2/p15020coll12:2857/manifest.json/canvas/138#xywh=156,594,235,47"
      }
    },
    {
      "type": "Feature",
      "geometry": {
        "type": "Point",
        "coordinates": [
          -95.9863652,
          36.1629705
        ]
      },
      "properties": {
        "name": "I O O F Hall",
        "address": "501 N Greenwood av",
        "occupation_role": "",
        "employer": "",
        "spouse_name": "",
        "alphabetical_range": "IND",
        "canvas_fragment": "https://digitalcollections.tulsalibrary.org/iiif/2/p15020coll12:2857/manifest.json/canvas/138#xywh=929,884,250,26"
      }
    },
    {
      "type": "Feature",
      "geometry": {
        "type": "Point",
        "coordinates": [
          -95.9849035,
          36.1704071
        ]
      },
      "properties": {
        "name": "Inge Roy",
        "address": "r 643 E Booker",
        "occupation_role": "lab",
        "employer": "",
        "spouse_name": "Nettie",
        "alphabetical_range": "IOW",
        "canvas_fragment": "https://digitalcollections.tulsalibrary.org/iiif/2/p15020coll12:2857/manifest.json/canvas/139#xywh=157,503,231,39"
      }
    },
    {
      "type": "Feature",
      "geometry": {
        "type": "Point",
        "coordinates": [
          -95.9830852,
          36.171727
        ]
      },
      "properties": {
        "name": "Ingram James",
        "address": "r 1309 Pocahontas",
        "occupation_role": "lab",
        "employer": "",
        "spouse_name": "Mary",
        "alphabetical_range": "IOW",
        "canvas_fragment": "https://digitalcollections.tulsalibrary.org/iiif/2/p15020coll12:2857/manifest.json/canvas/139#xywh=155,1478,230,17"
      }
    },
    {
      "type": "Feature",
      "geometry": {
        "type": "Point",
        "coordinates": [
          -95.9919789,
          36.1630314
        ]
      },
      "properties": {
        "name": "Jackson Andrew C",
        "address": "r 523 N Detroit av",
        "occupation_role": "phys",
        "employer": "",
        "spouse_name": "Julia",
        "alphabetical_range": "JAC",
        "canvas_fragment": "https://digitalcollections.tulsalibrary.org/iiif/2/p15020coll12:2857/manifest.json/canvas/140#xywh=150,370,235,47"
      }
    },
    {
      "type": "Feature",
      "geometry": {
        "type": "Point",
        "coordinates": [
          -95.9896864,
          36.1613317
        ]
      },
      "properties": {
        "name": "Jackson Ella",
        "address": "b 308 N Elgin",
        "occupation_role": "tchr",
        "employer": "",
        "spouse_name": "",
        "alphabetical_range": "JAC",
        "canvas_fragment": "https://digitalcollections.tulsalibrary.org/iiif/2/p15020coll12:2857/manifest.json/canvas/140#xywh=153,969,232,36"
      }
    },
    {
      "type": "Feature",
      "geometry": {
        "type": "Point",
        "coordinates": [
          -95.9903299,
          36.1627779
        ]
      },
      "properties": {
        "name": "Jackson Elijah J",
        "address": "r 405 E Easton",
        "occupation_role": "",
        "employer": "",
        "spouse_name": "Josephne",
        "alphabetical_range": "JAC",
        "canvas_fragment": "https://digitalcollections.tulsalibrary.org/iiif/2/p15020coll12:2857/manifest.json/canvas/140#xywh=153,1012,232,31"
      }
    },
    {
      "type": "Feature",
      "geometry": {
        "type": "Point",
        "coordinates": [
          -95.9869989,
          36.1597621
        ]
      },
      "properties": {
        "name": "Jackson John",
        "address": "rms 501 E Archer",
        "occupation_role": "porter",
        "employer": "Hotel Corona",
        "spouse_name": "",
        "alphabetical_range": "JAC",
        "canvas_fragment": "https://digitalcollections.tulsalibrary.org/iiif/2/p15020coll12:2857/manifest.json/canvas/140#xywh=401,580,115,24"
      }
    },
    {
      "type": "Feature",
      "geometry": {
        "type": "Point",
        "coordinates": [
          -95.9863507,
          36.1692535
        ]
      },
      "properties": {
        "name": "Jackson Josephine",
        "address": "r 819 E Williams",
        "occupation_role": "",
        "employer": "",
        "spouse_name": "",
        "alphabetical_range": "JAC",
        "canvas_fragment": "https://digitalcollections.tulsalibrary.org/iiif/2/p15020coll12:2857/manifest.json/canvas/140#xywh=391,707,238,23"
      }
    },
    {
      "type": "Feature",
      "geometry": {
        "type": "Point",
        "coordinates": [
          -95.9919834,
          36.1630411
        ]
      },
      "properties": {
        "name": "Jackson Julia",
        "address": "b 525 N Detroit av",
        "occupation_role": "tchr",
        "employer": "Booker T Washn School",
        "spouse_name": "",
        "alphabetical_range": "JAC",
        "canvas_fragment": "https://digitalcollections.tulsalibrary.org/iiif/2/p15020coll12:2857/manifest.json/canvas/140#xywh=391,737,240,21"
      }
    },
    {
      "type": "Feature",
      "geometry": {
        "type": "Point",
        "coordinates": [
          -95.9865596,
          36.1701825
        ]
      },
      "properties": {
        "name": "Jackson Libbie",
        "address": "b 610 Booker",
        "occupation_role": "",
        "employer": "",
        "spouse_name": "",
        "alphabetical_range": "JAC",
        "canvas_fragment": "https://digitalcollections.tulsalibrary.org/iiif/2/p15020coll12:2857/manifest.json/canvas/140#xywh=393,979,201,18"
      }
    },
    {
      "type": "Feature",
      "geometry": {
        "type": "Point",
        "coordinates": [
          -95.9865981,
          36.1621727
        ]
      },
      "properties": {
        "name": "Jamerson Lulu",
        "address": "r 409 N Greenwood av",
        "occupation_role": "",
        "employer": "",
        "spouse_name": "",
        "alphabetical_range": "JAM",
        "canvas_fragment": "https://digitalcollections.tulsalibrary.org/iiif/2/p15020coll12:2857/manifest.json/canvas/141#xywh=154,424,236,36"
      }
    },
    {
      "type": "Feature",
      "geometry": {
        "type": "Point",
        "coordinates": [
          -95.9863652,
          36.1629705
        ]
      },
      "properties": {
        "name": "James Anne",
        "address": "rms 501 N Greenwood av",
        "occupation_role": "maid",
        "employer": "Hotel Newport",
        "spouse_name": "",
        "alphabetical_range": "JAM",
        "canvas_fragment": "https://digitalcollections.tulsalibrary.org/iiif/2/p15020coll12:2857/manifest.json/canvas/141#xywh=154,461,236,34"
      }
    },
    {
      "type": "Feature",
      "geometry": {
        "type": "Point",
        "coordinates": [
          -95.9866858,
          36.1692526
        ]
      },
      "properties": {
        "name": "James Mrs Georgia",
        "address": "r 625 E Williams",
        "occupation_role": "dom",
        "employer": "",
        "spouse_name": "",
        "alphabetical_range": "JAM",
        "canvas_fragment": "https://digitalcollections.tulsalibrary.org/iiif/2/p15020coll12:2857/manifest.json/canvas/141#xywh=154,973,234,19"
      }
    },
    {
      "type": "Feature",
      "geometry": {
        "type": "Point",
        "coordinates": [
          -95.9866858,
          36.1692526
        ]
      },
      "properties": {
        "name": "James Jesse",
        "address": "r 625 Williams",
        "occupation_role": "lab",
        "employer": "",
        "spouse_name": "Georgia",
        "alphabetical_range": "JAM",
        "canvas_fragment": "https://digitalcollections.tulsalibrary.org/iiif/2/p15020coll12:2857/manifest.json/canvas/141#xywh=153,1145,234,20"
      }
    },
    {
      "type": "Feature",
      "geometry": {
        "type": "Point",
        "coordinates": [
          -95.9862815,
          36.1615683
        ]
      },
      "properties": {
        "name": "Jasper George",
        "address": "r 317 N Greenwood av",
        "occupation_role": "lab",
        "employer": "",
        "spouse_name": "Acie",
        "alphabetical_range": "JAR",
        "canvas_fragment": "https://digitalcollections.tulsalibrary.org/iiif/2/p15020coll12:2857/manifest.json/canvas/141#xywh=667,470,248,43"
      }
    },
    {
      "type": "Feature",
      "geometry": {
        "type": "Point",
        "coordinates": [
          -95.9830852,
          36.171727
        ]
      },
      "properties": {
        "name": "Jeffery Henry",
        "address": "r 1326 Pocahontas",
        "occupation_role": "lab",
        "employer": "",
        "spouse_name": "Cassie",
        "alphabetical_range": "JAR",
        "canvas_fragment": "https://digitalcollections.tulsalibrary.org/iiif/2/p15020coll12:2857/manifest.json/canvas/141#xywh=679,1447,248,31"
      }
    },
    {
      "type": "Feature",
      "geometry": {
        "type": "Point",
        "coordinates": [
          -95.9830852,
          36.171727
        ]
      },
      "properties": {
        "name": "Jeffery Samuel",
        "address": "b 1326 Pocahontas",
        "occupation_role": "",
        "employer": "",
        "spouse_name": "",
        "alphabetical_range": "JAR",
        "canvas_fragment": "https://digitalcollections.tulsalibrary.org/iiif/2/p15020coll12:2857/manifest.json/canvas/141#xywh=680,1483,247,28"
      }
    },
    {
      "type": "Feature",
      "geometry": {
        "type": "Point",
        "coordinates": [
          -95.9865989,
          36.1616662
        ]
      },
      "properties": {
        "name": "Jeffries John",
        "address": "rms 310 N Greenwood av",
        "occupation_role": "porter",
        "employer": "",
        "spouse_name": "",
        "alphabetical_range": "JAR",
        "canvas_fragment": "https://digitalcollections.tulsalibrary.org/iiif/2/p15020coll12:2857/manifest.json/canvas/141#xywh=679,1570,248,27"
      }
    },
    {
      "type": "Feature",
      "geometry": {
        "type": "Point",
        "coordinates": [
          -95.986799,
          36.1692523
        ]
      },
      "properties": {
        "name": "Jenkins Louis M",
        "address": "rms 122 1/2 N Greenwood av",
        "occupation_role": "clk",
        "employer": "Welcome Grocery Co",
        "spouse_name": "",
        "alphabetical_range": "JEN",
        "canvas_fragment": "https://digitalcollections.tulsalibrary.org/iiif/2/p15020coll12:2857/manifest.json/canvas/141#xywh=934,1535,249,28"
      }
    },
    {
      "type": "Feature",
      "geometry": {
        "type": "Point",
        "coordinates": [
          -95.9904909,
          36.1628768
        ]
      },
      "properties": {
        "name": "Jennings Felecia",
        "address": "rms 517 N Elgin av",
        "occupation_role": "",
        "employer": "",
        "spouse_name": "",
        "alphabetical_range": "JEN",
        "canvas_fragment": "https://digitalcollections.tulsalibrary.org/iiif/2/p15020coll12:2857/manifest.json/canvas/142#xywh=129,1155,232,20"
      }
    },
    {
      "type": "Feature",
      "geometry": {
        "type": "Point",
        "coordinates": [
          -95.9873529,
          36.1644753
        ]
      },
      "properties": {
        "name": "Jennings Lulu",
        "address": "rms 702 N Greenwood av",
        "occupation_role": "maid",
        "employer": "Hotel Cotton",
        "spouse_name": "",
        "alphabetical_range": "JEN",
        "canvas_fragment": "https://digitalcollections.tulsalibrary.org/iiif/2/p15020coll12:2857/manifest.json/canvas/142#xywh=126,1537,236,22"
      }
    },
    {
      "type": "Feature",
      "geometry": {
        "type": "Point",
        "coordinates": [
          -95.990972,
          36.1626348
        ]
      },
      "properties": {
        "name": "Johnson Annie",
        "address": "rms 508 N Elgin av",
        "occupation_role": "maid",
        "employer": "",
        "spouse_name": "",
        "alphabetical_range": "JOH",
        "canvas_fragment": "https://digitalcollections.tulsalibrary.org/iiif/2/p15020coll12:2857/manifest.json/canvas/142#xywh=662,1294,248,36"
      }
    },
    {
      "type": "Feature",
      "geometry": {
        "type": "Point",
        "coordinates": [
          -95.986799,
          36.1692523
        ]
      },
      "properties": {
        "name": "Johnson Curley A",
        "address": "rms 108 1/2 N Greenwood av",
        "occupation_role": "washer",
        "employer": "Tulsa Ldry Co",
        "spouse_name": "",
        "alphabetical_range": "JOH",
        "canvas_fragment": "https://digitalcollections.tulsalibrary.org/iiif/2/p15020coll12:2857/manifest.json/canvas/143#xywh=147,929,233,24"
      }
    },
    {
      "type": "Feature",
      "geometry": {
        "type": "Point",
        "coordinates": [
          -95.986597,
          36.1615711
        ]
      },
      "properties": {
        "name": "Johnson Mrs F Jane",
        "address": "r 308 N Greenwood av",
        "occupation_role": "tchr",
        "employer": "Dunbar School",
        "spouse_name": "",
        "alphabetical_range": "JOH",
        "canvas_fragment": "https://digitalcollections.tulsalibrary.org/iiif/2/p15020coll12:2857/manifest.json/canvas/143#xywh=650,305,247,26"
      }
    },
    {
      "type": "Feature",
      "geometry": {
        "type": "Point",
        "coordinates": [
          -95.9902382,
          36.1628118
        ]
      },
      "properties": {
        "name": "Johnson Geetchie",
        "address": "rms 408 E Easton",
        "occupation_role": "lab",
        "employer": "",
        "spouse_name": "Adalina",
        "alphabetical_range": "JOH",
        "canvas_fragment": "https://digitalcollections.tulsalibrary.org/iiif/2/p15020coll12:2857/manifest.json/canvas/143#xywh=650,328,137,32"
      }
    },
    {
      "type": "Feature",
      "geometry": {
        "type": "Point",
        "coordinates": [
          -95.986799,
          36.1692523
        ]
      },
      "properties": {
        "name": "Johnson George",
        "address": "r 917 E Fairview",
        "occupation_role": "grocer",
        "employer": "",
        "spouse_name": "Julia J",
        "alphabetical_range": "JOH",
        "canvas_fragment": "https://digitalcollections.tulsalibrary.org/iiif/2/p15020coll12:2857/manifest.json/canvas/143#xywh=650,500,249,27"
      }
    },
    {
      "type": "Feature",
      "geometry": {
        "type": "Point",
        "coordinates": [
          -95.9905294,
          36.1629505
        ]
      },
      "properties": {
        "name": "Johnson Gus",
        "address": "r 527 N Elgin av",
        "occupation_role": "porter",
        "employer": "",
        "spouse_name": "Alita",
        "alphabetical_range": "JOH",
        "canvas_fragment": "https://digitalcollections.tulsalibrary.org/iiif/2/p15020coll12:2857/manifest.json/canvas/143#xywh=654,988,247,34"
      }
    },
    {
      "type": "Feature",
      "geometry": {
        "type": "Point",
        "coordinates": [
          -95.9890927,
          36.1605319
        ]
      },
      "properties": {
        "name": "Johnson Gus",
        "address": "r 123 N Elgin av",
        "occupation_role": "lab",
        "employer": "",
        "spouse_name": "Aleda",
        "alphabetical_range": "JOH",
        "canvas_fragment": "https://digitalcollections.tulsalibrary.org/iiif/2/p15020coll12:2857/manifest.json/canvas/143#xywh=654,1023,247,33"
      }
    },
    {
      "type": "Feature",
      "geometry": {
        "type": "Point",
        "coordinates": [
          -95.9909653,
          36.162622
        ]
      },
      "properties": {
        "name": "Johnson Harry",
        "address": "rms 506 N Elgin av",
        "occupation_role": "porter",
        "employer": "",
        "spouse_name": "Mary",
        "alphabetical_range": "JOH",
        "canvas_fragment": "https://digitalcollections.tulsalibrary.org/iiif/2/p15020coll12:2857/manifest.json/canvas/143#xywh=656,1313,248,28"
      }
    },
    {
      "type": "Feature",
      "geometry": {
        "type": "Point",
        "coordinates": [
          -95.9865965,
          36.1622088
        ]
      },
      "properties": {
        "name": "Johnson Henry",
        "address": "r 412 N Greenwood av",
        "occupation_role": "lab",
        "employer": "",
        "spouse_name": "Ida",
        "alphabetical_range": "JOH",
        "canvas_fragment": "https://digitalcollections.tulsalibrary.org/iiif/2/p15020coll12:2857/manifest.json/canvas/143#xywh=903,364,248,23"
      }
    },
    {
      "type": "Feature",
      "geometry": {
        "type": "Point",
        "coordinates": [
          -95.9830852,
          36.171727
        ]
      },
      "properties": {
        "name": "Johnson Henry",
        "address": "r 1203 Pocahontas",
        "occupation_role": "carp",
        "employer": "",
        "spouse_name": "Josie",
        "alphabetical_range": "JOH",
        "canvas_fragment": "https://digitalcollections.tulsalibrary.org/iiif/2/p15020coll12:2857/manifest.json/canvas/143#xywh=905,401,246,17"
      }
    },
    {
      "type": "Feature",
      "geometry": {
        "type": "Point",
        "coordinates": [
          -95.9867628,
          36.1683279
        ]
      },
      "properties": {
        "name": "Johnson Henry",
        "address": "r 604 Bryant",
        "occupation_role": "lab",
        "employer": "",
        "spouse_name": "Mattie",
        "alphabetical_range": "JOH",
        "canvas_fragment": "https://digitalcollections.tulsalibrary.org/iiif/2/p15020coll12:2857/manifest.json/canvas/143#xywh=905,434,246,18"
      }
    },
    {
      "type": "Feature",
      "geometry": {
        "type": "Point",
        "coordinates": [
          -95.9851742,
          36.1601113
        ]
      },
      "properties": {
        "name": "Johnson Homer",
        "address": "rms 616 E Archer",
        "occupation_role": "porter",
        "employer": "",
        "spouse_name": "",
        "alphabetical_range": "JOH",
        "canvas_fragment": "https://digitalcollections.tulsalibrary.org/iiif/2/p15020coll12:2857/manifest.json/canvas/143#xywh=909,816,246,18"
      }
    },
    {
      "type": "Feature",
      "geometry": {
        "type": "Point",
        "coordinates": [
          -95.986597,
          36.1615711
        ]
      },
      "properties": {
        "name": "Johnson Rev James A",
        "address": "r 308 N Greenwood av",
        "occupation_role": "presiding elder",
        "employer": "Tulsa District A M E Church",
        "spouse_name": "F Jane",
        "alphabetical_range": "JOH",
        "canvas_fragment": "https://digitalcollections.tulsalibrary.org/iiif/2/p15020coll12:2857/manifest.json/canvas/143#xywh=924,1149,234,23"
      }
    },
    {
      "type": "Feature",
      "geometry": {
        "type": "Point",
        "coordinates": [
          -95.9902382,
          36.1628118
        ]
      },
      "properties": {
        "name": "Johnson Jefferson",
        "address": "r 409 E Easton",
        "occupation_role": "lab",
        "employer": "",
        "spouse_name": "Jennie",
        "alphabetical_range": "JOH",
        "canvas_fragment": "https://digitalcollections.tulsalibrary.org/iiif/2/p15020coll12:2857/manifest.json/canvas/143#xywh=915,1405,246,22"
      }
    },
    {
      "type": "Feature",
      "geometry": {
        "type": "Point",
        "coordinates": [
          -95.9873632,
          36.16307
        ]
      },
      "properties": {
        "name": "Johnson Mrs Katie",
        "address": "r 514 N Greenwood av",
        "occupation_role": "",
        "employer": "",
        "spouse_name": "",
        "alphabetical_range": "JOH",
        "canvas_fragment": "https://digitalcollections.tulsalibrary.org/iiif/2/p15020coll12:2857/manifest.json/canvas/144#xywh=145,1015,233,37"
      }
    },
    {
      "type": "Feature",
      "geometry": {
        "type": "Point",
        "coordinates": [
          -95.986799,
          36.1692523
        ]
      },
      "properties": {
        "name": "Johnson Linwood D",
        "address": "r 806 E Fairview",
        "occupation_role": "lab",
        "employer": "",
        "spouse_name": "Addie",
        "alphabetical_range": "JOH",
        "canvas_fragment": "https://digitalcollections.tulsalibrary.org/iiif/2/p15020coll12:2857/manifest.json/canvas/144#xywh=148,1439,234,24"
      }
    },
    {
      "type": "Feature",
      "geometry": {
        "type": "Point",
        "coordinates": [
          -95.9904832,
          36.1628621
        ]
      },
      "properties": {
        "name": "Johnson McKinley",
        "address": "r 515 N Elgin av",
        "occupation_role": "lab",
        "employer": "",
        "spouse_name": "",
        "alphabetical_range": "JOH",
        "canvas_fragment": "https://digitalcollections.tulsalibrary.org/iiif/2/p15020coll12:2857/manifest.json/canvas/144#xywh=384,366,235,39"
      }
    },
    {
      "type": "Feature",
      "geometry": {
        "type": "Point",
        "coordinates": [
          -95.9869989,
          36.1597621
        ]
      },
      "properties": {
        "name": "Johnson Mrs Marie",
        "address": "501 E Archer",
        "occupation_role": "furn rms",
        "employer": "",
        "spouse_name": "",
        "alphabetical_range": "JOH",
        "canvas_fragment": "https://digitalcollections.tulsalibrary.org/iiif/2/p15020coll12:2857/manifest.json/canvas/144#xywh=387,730,233,32"
      }
    },
    {
      "type": "Feature",
      "geometry": {
        "type": "Point",
        "coordinates": [
          -95.9890188,
          36.1681477
        ]
      },
      "properties": {
        "name": "Johnson Mrs Mattie",
        "address": "r 904 N Ruth av",
        "occupation_role": "",
        "employer": "",
        "spouse_name": "",
        "alphabetical_range": "JOH",
        "canvas_fragment": "https://digitalcollections.tulsalibrary.org/iiif/2/p15020coll12:2857/manifest.json/canvas/144#xywh=387,930,234,28"
      }
    },
    {
      "type": "Feature",
      "geometry": {
        "type": "Point",
        "coordinates": [
          -95.986722,
          36.1692525
        ]
      },
      "properties": {
        "name": "Johnson Mozzell",
        "address": "r 617 Williams",
        "occupation_role": "",
        "employer": "",
        "spouse_name": "",
        "alphabetical_range": "JOH",
        "canvas_fragment": "https://digitalcollections.tulsalibrary.org/iiif/2/p15020coll12:2857/manifest.json/canvas/144#xywh=388,1243,236,21"
      }
    },
    {
      "type": "Feature",
      "geometry": {
        "type": "Point",
        "coordinates": [
          -95.9830852,
          36.171727
        ]
      },
      "properties": {
        "name": "Johnson Oscar J",
        "address": "b 1271 Pocahontas",
        "occupation_role": "lab",
        "employer": "",
        "spouse_name": "",
        "alphabetical_range": "JOH",
        "canvas_fragment": "https://digitalcollections.tulsalibrary.org/iiif/2/p15020coll12:2857/manifest.json/canvas/144#xywh=657,261,249,39"
      }
    },
    {
      "type": "Feature",
      "geometry": {
        "type": "Point",
        "coordinates": [
          -95.988143,
          36.1681673
        ]
      },
      "properties": {
        "name": "Johnson Ralph",
        "address": "b 538 Bryant",
        "occupation_role": "lab",
        "employer": "",
        "spouse_name": "Emma",
        "alphabetical_range": "JOH",
        "canvas_fragment": "https://digitalcollections.tulsalibrary.org/iiif/2/p15020coll12:2857/manifest.json/canvas/144#xywh=660,436,250,39"
      }
    },
    {
      "type": "Feature",
      "geometry": {
        "type": "Point",
        "coordinates": [
          -95.9866001,
          36.1618411
        ]
      },
      "properties": {
        "name": "Johnson Robert",
        "address": "b 314 N Greenwood av",
        "occupation_role": "porter",
        "employer": "Hunt Co",
        "spouse_name": "",
        "alphabetical_range": "JOH",
        "canvas_fragment": "https://digitalcollections.tulsalibrary.org/iiif/2/p15020coll12:2857/manifest.json/canvas/144#xywh=664,737,251,29"
      }
    },
    {
      "type": "Feature",
      "geometry": {
        "type": "Point",
        "coordinates": [
          -95.9866006,
          36.1621184
        ]
      },
      "properties": {
        "name": "Johnson Seymour",
        "address": "r 402 N Greenwood av",
        "occupation_role": "detective",
        "employer": "",
        "spouse_name": "Sallie",
        "alphabetical_range": "JOH",
        "canvas_fragment": "https://digitalcollections.tulsalibrary.org/iiif/2/p15020coll12:2857/manifest.json/canvas/144#xywh=673,1488,254,30"
      }
    },
    {
      "type": "Feature",
      "geometry": {
        "type": "Point",
        "coordinates": [
          -95.9863507,
          36.1692535
        ]
      },
      "properties": {
        "name": "Johnson Shakespeare",
        "address": "r 822 E Williams",
        "occupation_role": "plumber",
        "employer": "",
        "spouse_name": "Lula",
        "alphabetical_range": "JOH",
        "canvas_fragment": "https://digitalcollections.tulsalibrary.org/iiif/2/p15020coll12:2857/manifest.json/canvas/144#xywh=689,1544,172,26"
      }
    },
    {
      "type": "Feature",
      "geometry": {
        "type": "Point",
        "coordinates": [
          -95.990113,
          36.1595195
        ]
      },
      "properties": {
        "name": "Johnson Thomas",
        "address": "rms 201 N Detroit av",
        "occupation_role": "lab",
        "employer": "",
        "spouse_name": "Lillie",
        "alphabetical_range": "JOH",
        "canvas_fragment": "https://digitalcollections.tulsalibrary.org/iiif/2/p15020coll12:2857/manifest.json/canvas/144#xywh=924,776,253,25"
      }
    },
    {
      "type": "Feature",
      "geometry": {
        "type": "Point",
        "coordinates": [
          -95.9863507,
          36.1692535
        ]
      },
      "properties": {
        "name": "Johnson Thomas",
        "address": "r 737 E Williams",
        "occupation_role": "lab",
        "employer": "",
        "spouse_name": "Sallie",
        "alphabetical_range": "JOH",
        "canvas_fragment": "https://digitalcollections.tulsalibrary.org/iiif/2/p15020coll12:2857/manifest.json/canvas/144#xywh=925,816,251,22"
      }
    },
    {
      "type": "Feature",
      "geometry": {
        "type": "Point",
        "coordinates": [
          -95.9869397,
          36.1612453
        ]
      },
      "properties": {
        "name": "Johnson Wm",
        "address": "r 509 E Cameron",
        "occupation_role": "janitor",
        "employer": "Dreamland Theatre",
        "spouse_name": "Theda",
        "alphabetical_range": "JOH",
        "canvas_fragment": "https://digitalcollections.tulsalibrary.org/iiif/2/p15020coll12:2857/manifest.json/canvas/144#xywh=929,1067,252,24"
      }
    },
    {
      "type": "Feature",
      "geometry": {
        "type": "Point",
        "coordinates": [
          -95.986799,
          36.1692523
        ]
      },
      "properties": {
        "name": "Johnson Wm H",
        "address": "r rear 304 W Greenwood",
        "occupation_role": "lab",
        "employer": "",
        "spouse_name": "Theda",
        "alphabetical_range": "JOH",
        "canvas_fragment": "https://digitalcollections.tulsalibrary.org/iiif/2/p15020coll12:2857/manifest.json/canvas/144#xywh=934,1405,252,27"
      }
    },
    {
      "type": "Feature",
      "geometry": {
        "type": "Point",
        "coordinates": [
          -95.9865952,
          36.1692528
        ]
      },
      "properties": {
        "name": "Jones Alfretta",
        "address": "b 645 Williams",
        "occupation_role": "",
        "employer": "",
        "spouse_name": "",
        "alphabetical_range": "JON",
        "canvas_fragment": "https://digitalcollections.tulsalibrary.org/iiif/2/p15020coll12:2857/manifest.json/canvas/145#xywh=650,301,230,50"
      }
    },
    {
      "type": "Feature",
      "geometry": {
        "type": "Point",
        "coordinates": [
          -95.990009,
          36.1628966
        ]
      },
      "properties": {
        "name": "Jones Allan",
        "address": "r 419 E Easton",
        "occupation_role": "porter",
        "employer": "Kennedy bldg",
        "spouse_name": "Nettie",
        "alphabetical_range": "JON",
        "canvas_fragment": "https://digitalcollections.tulsalibrary.org/iiif/2/p15020coll12:2857/manifest.json/canvas/145#xywh=650,390,250,47"
      }
    },
    {
      "type": "Feature",
      "geometry": {
        "type": "Point",
        "coordinates": [
          -95.986799,
          36.1692523
        ]
      },
      "properties": {
        "name": "Jones Alice",
        "address": "rms 129 1/2 N Greenwood av",
        "occupation_role": "cook",
        "employer": "",
        "spouse_name": "",
        "alphabetical_range": "JON",
        "canvas_fragment": "https://digitalcollections.tulsalibrary.org/iiif/2/p15020coll12:2857/manifest.json/canvas/145#xywh=652,914,254,28"
      }
    },
    {
      "type": "Feature",
      "geometry": {
        "type": "Point",
        "coordinates": [
          -95.9867993,
          36.1701738
        ]
      },
      "properties": {
        "name": "Jones Belle",
        "address": "rms 1130 N Greenwood av",
        "occupation_role": "waiter",
        "employer": "John Martines",
        "spouse_name": "",
        "alphabetical_range": "JON",
        "canvas_fragment": "https://digitalcollections.tulsalibrary.org/iiif/2/p15020coll12:2857/manifest.json/canvas/145#xywh=652,885,254,29"
      }
    },
    {
      "type": "Feature",
      "geometry": {
        "type": "Point",
        "coordinates": [
          -95.9860129,
          36.1601811
        ]
      },
      "properties": {
        "name": "Jones Bettie",
        "address": "rms 121 N Greenwood av",
        "occupation_role": "maid",
        "employer": "",
        "spouse_name": "",
        "alphabetical_range": "JON",
        "canvas_fragment": "https://digitalcollections.tulsalibrary.org/iiif/2/p15020coll12:2857/manifest.json/canvas/145#xywh=745,1050,160,24"
      }
    },
    {
      "type": "Feature",
      "geometry": {
        "type": "Point",
        "coordinates": [
          -95.9890186,
          36.1681439
        ]
      },
      "properties": {
        "name": "Jones Cara B",
        "address": "r 903 N Ruth av",
        "occupation_role": "",
        "employer": "",
        "spouse_name": "",
        "alphabetical_range": "JON",
        "canvas_fragment": "https://digitalcollections.tulsalibrary.org/iiif/2/p15020coll12:2857/manifest.json/canvas/145#xywh=682,1763,470,34"
      }
    },
    {
      "type": "Feature",
      "geometry": {
        "type": "Point",
        "coordinates": [
          -95.986799,
          36.1692523
        ]
      },
      "properties": {
        "name": "Jones Edward",
        "address": "rms 107 1/2 N Greenwood av",
        "occupation_role": "lab",
        "employer": "",
        "spouse_name": "",
        "alphabetical_range": "JON",
        "canvas_fragment": "https://digitalcollections.tulsalibrary.org/iiif/2/p15020coll12:2857/manifest.json/canvas/145"
      }
    },
    {
      "type": "Feature",
      "geometry": {
        "type": "Point",
        "coordinates": [
          -95.9865318,
          36.169253
        ]
      },
      "properties": {
        "name": "Jones Mrs Etta",
        "address": "r 659 Williams",
        "occupation_role": "",
        "employer": "",
        "spouse_name": "",
        "alphabetical_range": "JON",
        "canvas_fragment": "https://digitalcollections.tulsalibrary.org/iiif/2/p15020coll12:2857/manifest.json/canvas/145#xywh=1209,1379,15,18"
      }
    },
    {
      "type": "Feature",
      "geometry": {
        "type": "Point",
        "coordinates": [
          -95.9874767,
          36.1648284
        ]
      },
      "properties": {
        "name": "Jones Florence",
        "address": "b 710 N Greenwood av",
        "occupation_role": "",
        "employer": "",
        "spouse_name": "",
        "alphabetical_range": "JON",
        "canvas_fragment": "https://digitalcollections.tulsalibrary.org/iiif/2/p15020coll12:2857/manifest.json/canvas/146#xywh=131,370,238,28"
      }
    },
    {
      "type": "Feature",
      "geometry": {
        "type": "Point",
        "coordinates": [
          -95.9852598,
          36.1601747
        ]
      },
      "properties": {
        "name": "Jones Frank F",
        "address": "r 617 E Archer",
        "occupation_role": "tailor",
        "employer": "",
        "spouse_name": "Nannie",
        "alphabetical_range": "JON",
        "canvas_fragment": "https://digitalcollections.tulsalibrary.org/iiif/2/p15020coll12:2857/manifest.json/canvas/146#xywh=128,596,238,27"
      }
    },
    {
      "type": "Feature",
      "geometry": {
        "type": "Point",
        "coordinates": [
          -95.9873639,
          36.1630876
        ]
      },
      "properties": {
        "name": "Jones Gertrude",
        "address": "rms 516 N Greenwood av",
        "occupation_role": "maid",
        "employer": "",
        "spouse_name": "",
        "alphabetical_range": "JON",
        "canvas_fragment": "https://digitalcollections.tulsalibrary.org/iiif/2/p15020coll12:2857/manifest.json/canvas/146#xywh=121,1070,237,21"
      }
    },
    {
      "type": "Feature",
      "geometry": {
        "type": "Point",
        "coordinates": [
          -95.9866674,
          36.1680541
        ]
      },
      "properties": {
        "name": "Jones Hattie",
        "address": "r 616 E Bryant",
        "occupation_role": "",
        "employer": "",
        "spouse_name": "",
        "alphabetical_range": "JON",
        "canvas_fragment": "https://digitalcollections.tulsalibrary.org/iiif/2/p15020coll12:2857/manifest.json/canvas/146#xywh=116,1349,238,28"
      }
    },
    {
      "type": "Feature",
      "geometry": {
        "type": "Point",
        "coordinates": [
          -95.986799,
          36.1692523
        ]
      },
      "properties": {
        "name": "Jones Henry",
        "address": "rms 112 1/2 N Greenwood av",
        "occupation_role": "lab",
        "employer": "",
        "spouse_name": "",
        "alphabetical_range": "JON",
        "canvas_fragment": "https://digitalcollections.tulsalibrary.org/iiif/2/p15020coll12:2857/manifest.json/canvas/146#xywh=114,1453,237,30"
      }
    },
    {
      "type": "Feature",
      "geometry": {
        "type": "Point",
        "coordinates": [
          -95.9800818,
          36.1735328
        ]
      },
      "properties": {
        "name": "Jones Henry",
        "address": "r 1249 N Lansing av",
        "occupation_role": "lab",
        "employer": "",
        "spouse_name": "Mary",
        "alphabetical_range": "JON",
        "canvas_fragment": "https://digitalcollections.tulsalibrary.org/iiif/2/p15020coll12:2857/manifest.json/canvas/146#xywh=114,1487,237,29"
      }
    },
    {
      "type": "Feature",
      "geometry": {
        "type": "Point",
        "coordinates": [
          -95.9905217,
          36.1629358
        ]
      },
      "properties": {
        "name": "Jones John",
        "address": "r 525 N Elgin av",
        "occupation_role": "lab",
        "employer": "",
        "spouse_name": "Daisy",
        "alphabetical_range": "JON",
        "canvas_fragment": "https://digitalcollections.tulsalibrary.org/iiif/2/p15020coll12:2857/manifest.json/canvas/146#xywh=360,1493,247,31"
      }
    },
    {
      "type": "Feature",
      "geometry": {
        "type": "Point",
        "coordinates": [
          -95.9860129,
          36.1601811
        ]
      },
      "properties": {
        "name": "Jones Mattie",
        "address": "rms 121 N Greenwood av",
        "occupation_role": "waiter",
        "employer": "525 E Cameron",
        "spouse_name": "",
        "alphabetical_range": "JON",
        "canvas_fragment": "https://digitalcollections.tulsalibrary.org/iiif/2/p15020coll12:2857/manifest.json/canvas/146#xywh=922,987,251,31"
      }
    },
    {
      "type": "Feature",
      "geometry": {
        "type": "Point",
        "coordinates": [
          -95.9800818,
          36.1735328
        ]
      },
      "properties": {
        "name": "Jones Maude",
        "address": "b 1249 N Lansing av",
        "occupation_role": "",
        "employer": "",
        "spouse_name": "",
        "alphabetical_range": "JON",
        "canvas_fragment": "https://digitalcollections.tulsalibrary.org/iiif/2/p15020coll12:2857/manifest.json/canvas/146#xywh=925,1093,247,28"
      }
    },
    {
      "type": "Feature",
      "geometry": {
        "type": "Point",
        "coordinates": [
          -95.9896864,
          36.1613317
        ]
      },
      "properties": {
        "name": "Jones Nathaniel",
        "address": "r 308 N Elgin av",
        "occupation_role": "janitor",
        "employer": "",
        "spouse_name": "Elnora",
        "alphabetical_range": "JON",
        "canvas_fragment": "https://digitalcollections.tulsalibrary.org/iiif/2/p15020coll12:2857/manifest.json/canvas/146#xywh=930,1446,252,31"
      }
    },
    {
      "type": "Feature",
      "geometry": {
        "type": "Point",
        "coordinates": [
          -95.9896864,
          36.1613317
        ]
      },
      "properties": {
        "name": "Jones Samuel",
        "address": "r 308 N Elgin av",
        "occupation_role": "porter",
        "employer": "",
        "spouse_name": "Elnora",
        "alphabetical_range": "JON",
        "canvas_fragment": "https://digitalcollections.tulsalibrary.org/iiif/2/p15020coll12:2857/manifest.json/canvas/147#xywh=125,1191,214,17"
      }
    },
    {
      "type": "Feature",
      "geometry": {
        "type": "Point",
        "coordinates": [
          -95.9873632,
          36.16307
        ]
      },
      "properties": {
        "name": "Jones Scipio",
        "address": "rms 514 N Greenwood av",
        "occupation_role": "porter",
        "employer": "",
        "spouse_name": "",
        "alphabetical_range": "JON",
        "canvas_fragment": "https://digitalcollections.tulsalibrary.org/iiif/2/p15020coll12:2857/manifest.json/canvas/147#xywh=124,1277,233,20"
      }
    },
    {
      "type": "Feature",
      "geometry": {
        "type": "Point",
        "coordinates": [
          -95.9800818,
          36.1735328
        ]
      },
      "properties": {
        "name": "Jones Thomas",
        "address": "b 1249 N Lansing av",
        "occupation_role": "",
        "employer": "",
        "spouse_name": "",
        "alphabetical_range": "JON",
        "canvas_fragment": "https://digitalcollections.tulsalibrary.org/iiif/2/p15020coll12:2857/manifest.json/canvas/147#xywh=381,570,88,17"
      }
    },
    {
      "type": "Feature",
      "geometry": {
        "type": "Point",
        "coordinates": [
          -95.9865952,
          36.1692528
        ]
      },
      "properties": {
        "name": "Jones Velma",
        "address": "b 645 Williams",
        "occupation_role": "",
        "employer": "",
        "spouse_name": "",
        "alphabetical_range": "JOR",
        "canvas_fragment": "https://digitalcollections.tulsalibrary.org/iiif/2/p15020coll12:2857/manifest.json/canvas/147#xywh=371,236,243,27"
      }
    },
    {
      "type": "Feature",
      "geometry": {
        "type": "Point",
        "coordinates": [
          -95.986799,
          36.1692523
        ]
      },
      "properties": {
        "name": "Jones Wesley",
        "address": "103 1/2 N Greenwood av, rms Gurley Hotel",
        "occupation_role": "phys",
        "employer": "",
        "spouse_name": "Myrtle",
        "alphabetical_range": "JOR",
        "canvas_fragment": "https://digitalcollections.tulsalibrary.org/iiif/2/p15020coll12:2857/manifest.json/canvas/147#xywh=369,439,243,34"
      }
    },
    {
      "type": "Feature",
      "geometry": {
        "type": "Point",
        "coordinates": [
          -95.987132,
          36.1647125
        ]
      },
      "properties": {
        "name": "Jones Wm A",
        "address": "r 712 N Greenwood av",
        "occupation_role": "lab",
        "employer": "",
        "spouse_name": "Willimae",
        "alphabetical_range": "JOR",
        "canvas_fragment": "https://digitalcollections.tulsalibrary.org/iiif/2/p15020coll12:2857/manifest.json/canvas/147#xywh=369,582,243,29"
      }
    },
    {
      "type": "Feature",
      "geometry": {
        "type": "Point",
        "coordinates": [
          -95.9887172,
          36.168168
        ]
      },
      "properties": {
        "name": "Jordan Charles",
        "address": "r 512 Bryant",
        "occupation_role": "",
        "employer": "",
        "spouse_name": "Anna",
        "alphabetical_range": "JOR",
        "canvas_fragment": "https://digitalcollections.tulsalibrary.org/iiif/2/p15020coll12:2857/manifest.json/canvas/147#xywh=566,712,45,22"
      }
    },
    {
      "type": "Feature",
      "geometry": {
        "type": "Point",
        "coordinates": [
          -95.9864439,
          36.1658748
        ]
      },
      "properties": {
        "name": "Jordon Joseph",
        "address": "620 E Independence",
        "occupation_role": "porter",
        "employer": "",
        "spouse_name": "Cleola",
        "alphabetical_range": "JOR",
        "canvas_fragment": "https://digitalcollections.tulsalibrary.org/iiif/2/p15020coll12:2857/manifest.json/canvas/147#xywh=659,303,229,45"
      }
    },
    {
      "type": "Feature",
      "geometry": {
        "type": "Point",
        "coordinates": [
          -95.9856862,
          36.1630319
        ]
      },
      "properties": {
        "name": "Jurdan Goldie",
        "address": "rms 507 N Greenwood av",
        "occupation_role": "maid",
        "employer": "",
        "spouse_name": "",
        "alphabetical_range": "JOR",
        "canvas_fragment": "https://digitalcollections.tulsalibrary.org/iiif/2/p15020coll12:2857/manifest.json/canvas/147#xywh=916,490,223,31"
      }
    },
    {
      "type": "Feature",
      "geometry": {
        "type": "Point",
        "coordinates": [
          -95.9801753,
          36.1721711
        ]
      },
      "properties": {
        "name": "Kemp Susie",
        "address": "r 1205 N Lansing av",
        "occupation_role": "",
        "employer": "",
        "spouse_name": "",
        "alphabetical_range": "KEL",
        "canvas_fragment": "https://digitalcollections.tulsalibrary.org/iiif/2/p15020coll12:2857/manifest.json/canvas/150#xywh=362,235,245,25"
      }
    },
    {
      "type": "Feature",
      "geometry": {
        "type": "Point",
        "coordinates": [
          -95.9830852,
          36.171727
        ]
      },
      "properties": {
        "name": "Kennedy George",
        "address": "r 1257 Pocahontas",
        "occupation_role": "lab",
        "employer": "",
        "spouse_name": "Corrine",
        "alphabetical_range": "KEN",
        "canvas_fragment": "https://digitalcollections.tulsalibrary.org/iiif/2/p15020coll12:2857/manifest.json/canvas/150#xywh=661,483,245,45"
      }
    },
    {
      "type": "Feature",
      "geometry": {
        "type": "Point",
        "coordinates": [
          -95.9830852,
          36.171727
        ]
      },
      "properties": {
        "name": "Kennedy Henry",
        "address": "b 1304 Pocahontas",
        "occupation_role": "lab",
        "employer": "",
        "spouse_name": "",
        "alphabetical_range": "KEN",
        "canvas_fragment": "https://digitalcollections.tulsalibrary.org/iiif/2/p15020coll12:2857/manifest.json/canvas/150#xywh=662,555,246,44"
      }
    },
    {
      "type": "Feature",
      "geometry": {
        "type": "Point",
        "coordinates": [
          -95.9830852,
          36.171727
        ]
      },
      "properties": {
        "name": "Kenedy Isaac",
        "address": "b 1222 Pocahontas",
        "occupation_role": "lab",
        "employer": "",
        "spouse_name": "Sadie",
        "alphabetical_range": "KEN",
        "canvas_fragment": "https://digitalcollections.tulsalibrary.org/iiif/2/p15020coll12:2857/manifest.json/canvas/150#xywh=663,666,247,43"
      }
    },
    {
      "type": "Feature",
      "geometry": {
        "type": "Point",
        "coordinates": [
          -95.9851742,
          36.1601113
        ]
      },
      "properties": {
        "name": "Kernel Edward",
        "address": "r 616 E Archer",
        "occupation_role": "shoe shiner",
        "employer": "",
        "spouse_name": "Lucille",
        "alphabetical_range": "KES",
        "canvas_fragment": "https://digitalcollections.tulsalibrary.org/iiif/2/p15020coll12:2857/manifest.json/canvas/151#xywh=138,961,233,21"
      }
    },
    {
      "type": "Feature",
      "geometry": {
        "type": "Point",
        "coordinates": [
          -95.9901465,
          36.1628457
        ]
      },
      "properties": {
        "name": "Kilgore Lillian",
        "address": "rms 412 E Easton",
        "occupation_role": "lab",
        "employer": "",
        "spouse_name": "",
        "alphabetical_range": "KIP",
        "canvas_fragment": "https://digitalcollections.tulsalibrary.org/iiif/2/p15020coll12:2857/manifest.json/canvas/152#xywh=153,659,229,23"
      }
    },
    {
      "type": "Feature",
      "geometry": {
        "type": "Point",
        "coordinates": [
          -95.9869845,
          36.1647849
        ]
      },
      "properties": {
        "name": "Kinchin Marion",
        "address": "r 718 N Greenwood av",
        "occupation_role": "porter",
        "employer": "",
        "spouse_name": "Maggie",
        "alphabetical_range": "KIP",
        "canvas_fragment": "https://digitalcollections.tulsalibrary.org/iiif/2/p15020coll12:2857/manifest.json/canvas/152#xywh=390,1101,237,22"
      }
    },
    {
      "type": "Feature",
      "geometry": {
        "type": "Point",
        "coordinates": [
          -95.9865956,
          36.1622269
        ]
      },
      "properties": {
        "name": "King James",
        "address": "r 414 N Greenwood av",
        "occupation_role": "lab",
        "employer": "",
        "spouse_name": "George",
        "alphabetical_range": "KIN",
        "canvas_fragment": "https://digitalcollections.tulsalibrary.org/iiif/2/p15020coll12:2857/manifest.json/canvas/152#xywh=697,1302,242,31"
      }
    },
    {
      "type": "Feature",
      "geometry": {
        "type": "Point",
        "coordinates": [
          -95.9869066,
          36.1664187
        ]
      },
      "properties": {
        "name": "King Tony",
        "address": "r 902 N Greenwood av",
        "occupation_role": "helper",
        "employer": "",
        "spouse_name": "Jessie",
        "alphabetical_range": "KIN",
        "canvas_fragment": "https://digitalcollections.tulsalibrary.org/iiif/2/p15020coll12:2857/manifest.json/canvas/153#xywh=129,552,232,28"
      }
    },
    {
      "type": "Feature",
      "geometry": {
        "type": "Point",
        "coordinates": [
          -95.9897093,
          36.1613769
        ]
      },
      "properties": {
        "name": "Kirby Henry C",
        "address": "rms 314 N Elgin av",
        "occupation_role": "waiter",
        "employer": "",
        "spouse_name": "Willie M",
        "alphabetical_range": "KIR",
        "canvas_fragment": "https://digitalcollections.tulsalibrary.org/iiif/2/p15020coll12:2857/manifest.json/canvas/153#xywh=364,1514,243,28"
      }
    },
    {
      "type": "Feature",
      "geometry": {
        "type": "Point",
        "coordinates": [
          -95.9830852,
          36.171727
        ]
      },
      "properties": {
        "name": "Kirsh Eugene",
        "address": "r 1263 Pocahontas",
        "occupation_role": "lab",
        "employer": "",
        "spouse_name": "Anna",
        "alphabetical_range": "KIT",
        "canvas_fragment": "https://digitalcollections.tulsalibrary.org/iiif/2/p15020coll12:2857/manifest.json/canvas/153#xywh=917,554,245,31"
      }
    },
    {
      "type": "Feature",
      "geometry": {
        "type": "Point",
        "coordinates": [
          -95.986799,
          36.1692523
        ]
      },
      "properties": {
        "name": "Kizzie George",
        "address": "b 802 E Fairview",
        "occupation_role": "lab",
        "employer": "",
        "spouse_name": "Susie",
        "alphabetical_range": "KIT",
        "canvas_fragment": "https://digitalcollections.tulsalibrary.org/iiif/2/p15020coll12:2857/manifest.json/canvas/154#xywh=153,1115,230,18"
      }
    },
    {
      "type": "Feature",
      "geometry": {
        "type": "Point",
        "coordinates": [
          -95.9863652,
          36.1629705
        ]
      },
      "properties": {
        "name": "Knights of Pythias Hall",
        "address": "501 N Greenwood av",
        "occupation_role": "hall",
        "employer": "",
        "spouse_name": "",
        "alphabetical_range": "KNO",
        "canvas_fragment": "https://digitalcollections.tulsalibrary.org/iiif/2/p15020coll12:2857/manifest.json/canvas/154#xywh=931,955,240,38"
      }
    },
    {
      "type": "Feature",
      "geometry": {
        "type": "Point",
        "coordinates": [
          -95.9865949,
          36.1614761
        ]
      },
      "properties": {
        "name": "Kyle Richie",
        "address": "rms 306 N Greenwood av",
        "occupation_role": "clk",
        "employer": "L A Ferguson",
        "spouse_name": "",
        "alphabetical_range": "KRO",
        "canvas_fragment": "https://digitalcollections.tulsalibrary.org/iiif/2/p15020coll12:2857/manifest.json/canvas/156#xywh=356,1084,245,19"
      }
    },
    {
      "type": "Feature",
      "geometry": {
        "type": "Point",
        "coordinates": [
          -95.9862823,
          36.1616147
        ]
      },
      "properties": {
        "name": "Kyle Wm",
        "address": "r 311 N Greenwood",
        "occupation_role": "drugs",
        "employer": "",
        "spouse_name": "Hattie",
        "alphabetical_range": "KRO",
        "canvas_fragment": "https://digitalcollections.tulsalibrary.org/iiif/2/p15020coll12:2857/manifest.json/canvas/156#xywh=355,1114,246,22"
      }
    },
    {
      "type": "Feature",
      "geometry": {
        "type": "Point",
        "coordinates": [
          -95.985258,
          36.1601752
        ]
      },
      "properties": {
        "name": "Lane Oliver",
        "address": "rms 619 E Archer",
        "occupation_role": "helper",
        "employer": "",
        "spouse_name": "",
        "alphabetical_range": "LAN",
        "canvas_fragment": "https://digitalcollections.tulsalibrary.org/iiif/2/p15020coll12:2857/manifest.json/canvas/157#xywh=931,1281,242,20"
      }
    },
    {
      "type": "Feature",
      "geometry": {
        "type": "Point",
        "coordinates": [
          -95.9862563,
          36.1641399
        ]
      },
      "properties": {
        "name": "Lark Samuel",
        "address": "r 711 N Greenwood av",
        "occupation_role": "lab",
        "employer": "",
        "spouse_name": "Laura",
        "alphabetical_range": "LAS",
        "canvas_fragment": "https://digitalcollections.tulsalibrary.org/iiif/2/p15020coll12:2857/manifest.json/canvas/158#xywh=1173,92,12,20"
      }
    },
    {
      "type": "Feature",
      "geometry": {
        "type": "Point",
        "coordinates": [
          -95.9863822,
          36.1633047
        ]
      },
      "properties": {
        "name": "Larry Crate",
        "address": "r 609 N Greenwood av",
        "occupation_role": "carp",
        "employer": "",
        "spouse_name": "Cessie",
        "alphabetical_range": "LAS",
        "canvas_fragment": "https://digitalcollections.tulsalibrary.org/iiif/2/p15020coll12:2857/manifest.json/canvas/158#xywh=916,520,246,22"
      }
    },
    {
      "type": "Feature",
      "geometry": {
        "type": "Point",
        "coordinates": [
          -95.9868006,
          36.1685541
        ]
      },
      "properties": {
        "name": "Lathem Mattie",
        "address": "b 1024 N Greenwood av",
        "occupation_role": "",
        "employer": "",
        "spouse_name": "",
        "alphabetical_range": "LAS",
        "canvas_fragment": "https://digitalcollections.tulsalibrary.org/iiif/2/p15020coll12:2857/manifest.json/canvas/159#xywh=152,1577,239,20"
      }
    },
    {
      "type": "Feature",
      "geometry": {
        "type": "Point",
        "coordinates": [
          -95.9868006,
          36.1685541
        ]
      },
      "properties": {
        "name": "Lathom Marshal J",
        "address": "r 1024 N Greenwood av",
        "occupation_role": "lab",
        "employer": "",
        "spouse_name": "Ella",
        "alphabetical_range": "LAS",
        "canvas_fragment": "https://digitalcollections.tulsalibrary.org/iiif/2/p15020coll12:2857/manifest.json/canvas/159#xywh=152,1613,239,18"
      }
    },
    {
      "type": "Feature",
      "geometry": {
        "type": "Point",
        "coordinates": [
          -95.9830852,
          36.171727
        ]
      },
      "properties": {
        "name": "Latimer James",
        "address": "r 1230 Pocahontas",
        "occupation_role": "lab",
        "employer": "",
        "spouse_name": "Zaner",
        "alphabetical_range": "LAS",
        "canvas_fragment": "https://digitalcollections.tulsalibrary.org/iiif/2/p15020coll12:2857/manifest.json/canvas/159#xywh=390,262,241,25"
      }
    },
    {
      "type": "Feature",
      "geometry": {
        "type": "Point",
        "coordinates": [
          -95.986799,
          36.1692523
        ]
      },
      "properties": {
        "name": "Logans Elizabeth",
        "address": "b 802 E Fairview",
        "occupation_role": "maid",
        "employer": "",
        "spouse_name": "",
        "alphabetical_range": "LOG",
        "canvas_fragment": "https://digitalcollections.tulsalibrary.org/iiif/2/p15020coll12:2857/manifest.json/canvas/160#xywh=660,195,491,48"
      }
    },
    {
      "type": "Feature",
      "geometry": {
        "type": "Point",
        "coordinates": [
          -95.9875327,
          36.1633205
        ]
      },
      "properties": {
        "name": "Lemos Cora M",
        "address": "b 618 N Greenwood av",
        "occupation_role": "",
        "employer": "",
        "spouse_name": "",
        "alphabetical_range": "LEK",
        "canvas_fragment": "https://digitalcollections.tulsalibrary.org/iiif/2/p15020coll12:2857/manifest.json/canvas/161#xywh=660,1058,247,24"
      }
    },
    {
      "type": "Feature",
      "geometry": {
        "type": "Point",
        "coordinates": [
          -95.9866496,
          36.1692527
        ]
      },
      "properties": {
        "name": "Lennox Terry",
        "address": "b 632 Williams",
        "occupation_role": "",
        "employer": "",
        "spouse_name": "",
        "alphabetical_range": "LEK",
        "canvas_fragment": "https://digitalcollections.tulsalibrary.org/iiif/2/p15020coll12:2857/manifest.json/canvas/161#xywh=662,1627,214,18"
      }
    },
    {
      "type": "Feature",
      "geometry": {
        "type": "Point",
        "coordinates": [
          -95.9896635,
          36.1612865
        ]
      },
      "properties": {
        "name": "Lewis Bonnie",
        "address": "b 302 N Elgin",
        "occupation_role": "lab",
        "employer": "Forster-Davis Motor Corp",
        "spouse_name": "",
        "alphabetical_range": "LEW",
        "canvas_fragment": "https://digitalcollections.tulsalibrary.org/iiif/2/p15020coll12:2857/manifest.json/canvas/162#xywh=667,446,179,27"
      }
    },
    {
      "type": "Feature",
      "geometry": {
        "type": "Point",
        "coordinates": [
          -95.9866863,
          36.1683286
        ]
      },
      "properties": {
        "name": "Lewis George",
        "address": "b 615 Bryant",
        "occupation_role": "",
        "employer": "",
        "spouse_name": "",
        "alphabetical_range": "LEW",
        "canvas_fragment": "https://digitalcollections.tulsalibrary.org/iiif/2/p15020coll12:2857/manifest.json/canvas/162#xywh=672,1344,194,23"
      }
    },
    {
      "type": "Feature",
      "geometry": {
        "type": "Point",
        "coordinates": [
          -95.9856885,
          36.1599431
        ]
      },
      "properties": {
        "name": "Lewis George W",
        "address": "r 607 E Archer",
        "occupation_role": "janitor",
        "employer": "",
        "spouse_name": "",
        "alphabetical_range": "LEW",
        "canvas_fragment": "https://digitalcollections.tulsalibrary.org/iiif/2/p15020coll12:2857/manifest.json/canvas/162#xywh=671,1454,247,22"
      }
    },
    {
      "type": "Feature",
      "geometry": {
        "type": "Point",
        "coordinates": [
          -95.9856835,
          36.1631086
        ]
      },
      "properties": {
        "name": "Lewis John T",
        "address": "rms 509 N Greenwood av",
        "occupation_role": "chauffeur",
        "employer": "",
        "spouse_name": "Allone",
        "alphabetical_range": "LEW",
        "canvas_fragment": "https://digitalcollections.tulsalibrary.org/iiif/2/p15020coll12:2857/manifest.json/canvas/162#xywh=922,748,254,21"
      }
    },
    {
      "type": "Feature",
      "geometry": {
        "type": "Point",
        "coordinates": [
          -95.9856885,
          36.1599431
        ]
      },
      "properties": {
        "name": "Lewis Julius",
        "address": "b 607 E Archer av",
        "occupation_role": "chauffeur",
        "employer": "Adams Motor Sales Co",
        "spouse_name": "",
        "alphabetical_range": "LEW",
        "canvas_fragment": "https://digitalcollections.tulsalibrary.org/iiif/2/p15020coll12:2857/manifest.json/canvas/162#xywh=922,820,250,21"
      }
    },
    {
      "type": "Feature",
      "geometry": {
        "type": "Point",
        "coordinates": [
          -95.9856885,
          36.1599431
        ]
      },
      "properties": {
        "name": "Lewis Kenneth",
        "address": "rms 607 E Archer",
        "occupation_role": "porter",
        "employer": "",
        "spouse_name": "",
        "alphabetical_range": "LEW",
        "canvas_fragment": "https://digitalcollections.tulsalibrary.org/iiif/2/p15020coll12:2857/manifest.json/canvas/162#xywh=922,891,250,19"
      }
    },
    {
      "type": "Feature",
      "geometry": {
        "type": "Point",
        "coordinates": [
          -95.9862816,
          36.1615747
        ]
      },
      "properties": {
        "name": "Lewis Lucy",
        "address": "rms 319 N Greenwood av",
        "occupation_role": "maid",
        "employer": "",
        "spouse_name": "",
        "alphabetical_range": "LEW",
        "canvas_fragment": "https://digitalcollections.tulsalibrary.org/iiif/2/p15020coll12:2857/manifest.json/canvas/162#xywh=924,1260,248,19"
      }
    },
    {
      "type": "Feature",
      "geometry": {
        "type": "Point",
        "coordinates": [
          -95.985699,
          36.1633049
        ]
      },
      "properties": {
        "name": "Lewis Prentiss",
        "address": "rms 517 N Greenwood av",
        "occupation_role": "porter",
        "employer": "Younkman's Red Cross Pharmacy",
        "spouse_name": "",
        "alphabetical_range": "LEW",
        "canvas_fragment": "https://digitalcollections.tulsalibrary.org/iiif/2/p15020coll12:2857/manifest.json/canvas/162#xywh=927,1570,248,23"
      }
    },
    {
      "type": "Feature",
      "geometry": {
        "type": "Point",
        "coordinates": [
          -95.9806825,
          36.1737207
        ]
      },
      "properties": {
        "name": "Lewis Sampson E",
        "address": "r 1279 N Lansing av",
        "occupation_role": "lab",
        "employer": "",
        "spouse_name": "Alice",
        "alphabetical_range": "LEW",
        "canvas_fragment": "https://digitalcollections.tulsalibrary.org/iiif/2/p15020coll12:2857/manifest.json/canvas/163#xywh=113,619,240,21"
      }
    },
    {
      "type": "Feature",
      "geometry": {
        "type": "Point",
        "coordinates": [
          -95.9869632,
          36.1597743
        ]
      },
      "properties": {
        "name": "Lewis Wm",
        "address": "rms 505 E Archer",
        "occupation_role": "cook",
        "employer": "Ketchum Hotel",
        "spouse_name": "",
        "alphabetical_range": "LEW",
        "canvas_fragment": "https://digitalcollections.tulsalibrary.org/iiif/2/p15020coll12:2857/manifest.json/canvas/163#xywh=127,880,108,17"
      }
    },
    {
      "type": "Feature",
      "geometry": {
        "type": "Point",
        "coordinates": [
          -95.9865949,
          36.1614761
        ]
      },
      "properties": {
        "name": "Lewis Wm C",
        "address": "r 306 N Greenwood av",
        "occupation_role": "carman",
        "employer": "",
        "spouse_name": "Osie",
        "alphabetical_range": "LEW",
        "canvas_fragment": "https://digitalcollections.tulsalibrary.org/iiif/2/p15020coll12:2857/manifest.json/canvas/163#xywh=116,963,243,21"
      }
    },
    {
      "type": "Feature",
      "geometry": {
        "type": "Point",
        "coordinates": [
          -95.9865024,
          36.1659168
        ]
      },
      "properties": {
        "name": "Little Press'ly L",
        "address": "r 617 E Independence",
        "occupation_role": "Bell & Little",
        "employer": "",
        "spouse_name": "Mabel",
        "alphabetical_range": "LIT",
        "canvas_fragment": "https://digitalcollections.tulsalibrary.org/iiif/2/p15020coll12:2857/manifest.json/canvas/164#xywh=1171,462,86,23"
      }
    },
    {
      "type": "Feature",
      "geometry": {
        "type": "Point",
        "coordinates": [
          -95.986799,
          36.1692523
        ]
      },
      "properties": {
        "name": "Littles Mrs Emma",
        "address": "r 910 E Fairview",
        "occupation_role": "maid",
        "employer": "",
        "spouse_name": "",
        "alphabetical_range": "LIT",
        "canvas_fragment": "https://digitalcollections.tulsalibrary.org/iiif/2/p15020coll12:2857/manifest.json/canvas/164#xywh=666,1035,243,17"
      }
    },
    {
      "type": "Feature",
      "geometry": {
        "type": "Point",
        "coordinates": [
          -95.9879318,
          36.1685812
        ]
      },
      "properties": {
        "name": "Littles Mrs Lucile J",
        "address": "r 523 Bryant",
        "occupation_role": "",
        "employer": "",
        "spouse_name": "",
        "alphabetical_range": "LIT",
        "canvas_fragment": "https://digitalcollections.tulsalibrary.org/iiif/2/p15020coll12:2857/manifest.json/canvas/164#xywh=665,1105,237,19"
      }
    },
    {
      "type": "Feature",
      "geometry": {
        "type": "Point",
        "coordinates": [
          -95.986799,
          36.1692523
        ]
      },
      "properties": {
        "name": "Logans Elizabeth",
        "address": "b 802 E Fairview",
        "occupation_role": "maid",
        "employer": "",
        "spouse_name": "",
        "alphabetical_range": "LOG",
        "canvas_fragment": "https://digitalcollections.tulsalibrary.org/iiif/2/p15020coll12:2857/manifest.json/canvas/165#xywh=667,201,491,38"
      }
    },
    {
      "type": "Feature",
      "geometry": {
        "type": "Point",
        "coordinates": [
          -95.9896635,
          36.1612865
        ]
      },
      "properties": {
        "name": "Louis Edward",
        "address": "rms 302 N Elgin av",
        "occupation_role": "lab",
        "employer": "",
        "spouse_name": "Bertha",
        "alphabetical_range": "LOW",
        "canvas_fragment": "https://digitalcollections.tulsalibrary.org/iiif/2/p15020coll12:2857/manifest.json/canvas/166#xywh=669,686,241,36"
      }
    },
    {
      "type": "Feature",
      "geometry": {
        "type": "Point",
        "coordinates": [
          -95.9896635,
          36.1612865
        ]
      },
      "properties": {
        "name": "Louis Jesse",
        "address": "rms 302 N Elgin av",
        "occupation_role": "lab",
        "employer": "",
        "spouse_name": "",
        "alphabetical_range": "LOW",
        "canvas_fragment": "https://digitalcollections.tulsalibrary.org/iiif/2/p15020coll12:2857/manifest.json/canvas/166#xywh=671,808,239,35"
      }
    },
    {
      "type": "Feature",
      "geometry": {
        "type": "Point",
        "coordinates": [
          -95.9870597,
          36.1693717
        ]
      },
      "properties": {
        "name": "Love Columbus",
        "address": "r 1104 N Greenwood av",
        "occupation_role": "lab",
        "employer": "",
        "spouse_name": "Evelyn",
        "alphabetical_range": "LOW",
        "canvas_fragment": "https://digitalcollections.tulsalibrary.org/iiif/2/p15020coll12:2857/manifest.json/canvas/166#xywh=674,1208,240,32"
      }
    },
    {
      "type": "Feature",
      "geometry": {
        "type": "Point",
        "coordinates": [
          -95.9902756,
          36.1624635
        ]
      },
      "properties": {
        "name": "Love Kathryn",
        "address": "r 418 N Elgin av",
        "occupation_role": "",
        "employer": "",
        "spouse_name": "",
        "alphabetical_range": "LOW",
        "canvas_fragment": "https://digitalcollections.tulsalibrary.org/iiif/2/p15020coll12:2857/manifest.json/canvas/166#xywh=678,1509,239,25"
      }
    },
    {
      "type": "Feature",
      "geometry": {
        "type": "Point",
        "coordinates": [
          -95.9862753,
          36.1612858
        ]
      },
      "properties": {
        "name": "Love Samuel",
        "address": "r 301 N Greenwood av",
        "occupation_role": "clnr",
        "employer": "Y M C A Cleaners",
        "spouse_name": "",
        "alphabetical_range": "LOW",
        "canvas_fragment": "https://digitalcollections.tulsalibrary.org/iiif/2/p15020coll12:2857/manifest.json/canvas/166#xywh=678,1609,239,32"
      }
    },
    {
      "type": "Feature",
      "geometry": {
        "type": "Point",
        "coordinates": [
          -95.9806852,
          36.1734884
        ]
      },
      "properties": {
        "name": "Lowery Walter",
        "address": "r 1241 N Lansing av",
        "occupation_role": "mech",
        "employer": "Sinclair Oil & G Co",
        "spouse_name": "Ella",
        "alphabetical_range": "LUC",
        "canvas_fragment": "https://digitalcollections.tulsalibrary.org/iiif/2/p15020coll12:2857/manifest.json/canvas/167#xywh=122,1492,240,19"
      }
    },
    {
      "type": "Feature",
      "geometry": {
        "type": "Point",
        "coordinates": [
          -95.9874199,
          36.1632198
        ]
      },
      "properties": {
        "name": "Lupper Wm",
        "address": "rms 602 N Greenwood",
        "occupation_role": "porter",
        "employer": "C F Bumgarner Furn Co",
        "spouse_name": "Cora",
        "alphabetical_range": "LUS",
        "canvas_fragment": "https://digitalcollections.tulsalibrary.org/iiif/2/p15020coll12:2857/manifest.json/canvas/167#xywh=925,1369,268,21"
      }
    },
    {
      "type": "Feature",
      "geometry": {
        "type": "Point",
        "coordinates": [
          -95.986799,
          36.1692523
        ]
      },
      "properties": {
        "name": "Luster Jesse",
        "address": "r 913 E Fairview",
        "occupation_role": "tmstr",
        "employer": "",
        "spouse_name": "Ola",
        "alphabetical_range": "LUS",
        "canvas_fragment": "https://digitalcollections.tulsalibrary.org/iiif/2/p15020coll12:2857/manifest.json/canvas/167#xywh=926,1624,248,27"
      }
    },
    {
      "type": "Feature",
      "geometry": {
        "type": "Point",
        "coordinates": [
          -95.9862753,
          36.1612858
        ]
      },
      "properties": {
        "name": "Lynch Percy",
        "address": "b 301 N Greenwood av",
        "occupation_role": "porter",
        "employer": "Oil City Garage",
        "spouse_name": "",
        "alphabetical_range": "LUT",
        "canvas_fragment": "https://digitalcollections.tulsalibrary.org/iiif/2/p15020coll12:2857/manifest.json/canvas/168#xywh=370,390,246,21"
      }
    },
    {
      "type": "Feature",
      "geometry": {
        "type": "Point",
        "coordinates": [
          -95.9866521,
          36.1680542
        ]
      },
      "properties": {
        "name": "McAdams John",
        "address": "r 618 Bryant",
        "occupation_role": "",
        "employer": "",
        "spouse_name": "Mamie",
        "alphabetical_range": "MCA",
        "canvas_fragment": "https://digitalcollections.tulsalibrary.org/iiif/2/p15020coll12:2857/manifest.json/canvas/168#xywh=924,795,245,23"
      }
    },
    {
      "type": "Feature",
      "geometry": {
        "type": "Point",
        "coordinates": [
          -95.9862569,
          36.1681165
        ]
      },
      "properties": {
        "name": "MaAfee Hosie",
        "address": "r 923 N Greenwood av",
        "occupation_role": "helper",
        "employer": "",
        "spouse_name": "Daisy",
        "alphabetical_range": "MCA",
        "canvas_fragment": "https://digitalcollections.tulsalibrary.org/iiif/2/p15020coll12:2857/manifest.json/canvas/168#xywh=924,977,247,22"
      }
    },
    {
      "type": "Feature",
      "geometry": {
        "type": "Point",
        "coordinates": [
          -95.9862569,
          36.1681165
        ]
      },
      "properties": {
        "name": "McAfee John",
        "address": "b 923 N Greenwood av",
        "occupation_role": "helper",
        "employer": "",
        "spouse_name": "Lebetha",
        "alphabetical_range": "MCA",
        "canvas_fragment": "https://digitalcollections.tulsalibrary.org/iiif/2/p15020coll12:2857/manifest.json/canvas/168#xywh=925,1012,247,22"
      }
    },
    {
      "type": "Feature",
      "geometry": {
        "type": "Point",
        "coordinates": [
          -95.9862569,
          36.1681165
        ]
      },
      "properties": {
        "name": "McAfee Nathan",
        "address": "b 923 N Greenwood av",
        "occupation_role": "helper",
        "employer": "",
        "spouse_name": "",
        "alphabetical_range": "MCA",
        "canvas_fragment": "https://digitalcollections.tulsalibrary.org/iiif/2/p15020coll12:2857/manifest.json/canvas/168#xywh=925,1048,246,22"
      }
    },
    {
      "type": "Feature",
      "geometry": {
        "type": "Point",
        "coordinates": [
          -95.9902407,
          36.1623964
        ]
      },
      "properties": {
        "name": "McCaller Emma",
        "address": "rms 509 E Easton",
        "occupation_role": "maid",
        "employer": "",
        "spouse_name": "",
        "alphabetical_range": "McC",
        "canvas_fragment": "https://digitalcollections.tulsalibrary.org/iiif/2/p15020coll12:2857/manifest.json/canvas/169#xywh=678,821,241,22"
      }
    },
    {
      "type": "Feature",
      "geometry": {
        "type": "Point",
        "coordinates": [
          -95.9909653,
          36.162622
        ]
      },
      "properties": {
        "name": "McCallister Homer",
        "address": "r 506 N Elgin av",
        "occupation_role": "barber",
        "employer": "W P Carter (c)",
        "spouse_name": "Bell",
        "alphabetical_range": "McC",
        "canvas_fragment": "https://digitalcollections.tulsalibrary.org/iiif/2/p15020coll12:2857/manifest.json/canvas/169#xywh=676,853,243,22"
      }
    },
    {
      "type": "Feature",
      "geometry": {
        "type": "Point",
        "coordinates": [
          -95.9905217,
          36.1629358
        ]
      },
      "properties": {
        "name": "McClellan John",
        "address": "r 525 N Elgin av",
        "occupation_role": "lab",
        "employer": "",
        "spouse_name": "Julia",
        "alphabetical_range": "McC",
        "canvas_fragment": "https://digitalcollections.tulsalibrary.org/iiif/2/p15020coll12:2857/manifest.json/canvas/170#xywh=373,1103,241,20"
      }
    },
    {
      "type": "Feature",
      "geometry": {
        "type": "Point",
        "coordinates": [
          -95.9897017,
          36.1613618
        ]
      },
      "properties": {
        "name": "McCleod Wallace",
        "address": "rms 312 N Elgin av",
        "occupation_role": "porter",
        "employer": "",
        "spouse_name": "",
        "alphabetical_range": "McC",
        "canvas_fragment": "https://digitalcollections.tulsalibrary.org/iiif/2/p15020coll12:2857/manifest.json/canvas/170#xywh=382,1548,72,19"
      }
    },
    {
      "type": "Feature",
      "geometry": {
        "type": "Point",
        "coordinates": [
          -95.9865044,
          36.1704114
        ]
      },
      "properties": {
        "name": "McClure Victor",
        "address": "r 607 Booker",
        "occupation_role": "",
        "employer": "",
        "spouse_name": "Rebecca",
        "alphabetical_range": "McC",
        "canvas_fragment": "https://digitalcollections.tulsalibrary.org/iiif/2/p15020coll12:2857/manifest.json/canvas/170#xywh=676,1105,243,23"
      }
    },
    {
      "type": "Feature",
      "geometry": {
        "type": "Point",
        "coordinates": [
          -95.986603,
          36.160322
        ]
      },
      "properties": {
        "name": "McCluster Alfred",
        "address": "r 102 N Greenwood av",
        "occupation_role": "porter",
        "employer": "",
        "spouse_name": "",
        "alphabetical_range": "McC",
        "canvas_fragment": "https://digitalcollections.tulsalibrary.org/iiif/2/p15020coll12:2857/manifest.json/canvas/170#xywh=678,1394,241,21"
      }
    },
    {
      "type": "Feature",
      "geometry": {
        "type": "Point",
        "coordinates": [
          -95.9890192,
          36.1681589
        ]
      },
      "properties": {
        "name": "McCowan Pin",
        "address": "rms 910 N Ruth av",
        "occupation_role": "lab",
        "employer": "",
        "spouse_name": "",
        "alphabetical_range": "McC",
        "canvas_fragment": "https://digitalcollections.tulsalibrary.org/iiif/2/p15020coll12:2857/manifest.json/canvas/171#xywh=361,212,245,28"
      }
    },
    {
      "type": "Feature",
      "geometry": {
        "type": "Point",
        "coordinates": [
          -95.989019,
          36.1681551
        ]
      },
      "properties": {
        "name": "McCulloch Charles A",
        "address": "r 909 N Frankfort av",
        "occupation_role": "driver",
        "employer": "King Restaurant-Hotel Sup Co",
        "spouse_name": "Allie",
        "alphabetical_range": "McC",
        "canvas_fragment": "https://digitalcollections.tulsalibrary.org/iiif/2/p15020coll12:2857/manifest.json/canvas/171#xywh=928,758,236,23"
      }
    },
    {
      "type": "Feature",
      "geometry": {
        "type": "Point",
        "coordinates": [
          -95.9863822,
          36.1633047
        ]
      },
      "properties": {
        "name": "McDaniels James A",
        "address": "r 523 N Greenwood av",
        "occupation_role": "porter",
        "employer": "",
        "spouse_name": "Henrietta",
        "alphabetical_range": "McC",
        "canvas_fragment": "https://digitalcollections.tulsalibrary.org/iiif/2/p15020coll12:2857/manifest.json/canvas/172#xywh=120,1308,240,19"
      }
    },
    {
      "type": "Feature",
      "geometry": {
        "type": "Point",
        "coordinates": [
          -95.9863822,
          36.1633047
        ]
      },
      "properties": {
        "name": "McDonald Felix J",
        "address": "r 607 N Greenwood av",
        "occupation_role": "furn rms",
        "employer": "",
        "spouse_name": "Carrie",
        "alphabetical_range": "McC",
        "canvas_fragment": "https://digitalcollections.tulsalibrary.org/iiif/2/p15020coll12:2857/manifest.json/canvas/172#xywh=362,805,245,22"
      }
    },
    {
      "type": "Feature",
      "geometry": {
        "type": "Point",
        "coordinates": [
          -95.9862816,
          36.1615747
        ]
      },
      "properties": {
        "name": "McDonald Frank",
        "address": "rms 319 N Greenwood av",
        "occupation_role": "lab",
        "employer": "",
        "spouse_name": "Daisy",
        "alphabetical_range": "McC",
        "canvas_fragment": "https://digitalcollections.tulsalibrary.org/iiif/2/p15020coll12:2857/manifest.json/canvas/172#xywh=364,878,243,17"
      }
    },
    {
      "type": "Feature",
      "geometry": {
        "type": "Point",
        "coordinates": [
          -95.9830852,
          36.171727
        ]
      },
      "properties": {
        "name": "McDonald Fred",
        "address": "r 1304 Pocahontas",
        "occupation_role": "janitor",
        "employer": "",
        "spouse_name": "Lucy",
        "alphabetical_range": "McC",
        "canvas_fragment": "https://digitalcollections.tulsalibrary.org/iiif/2/p15020coll12:2857/manifest.json/canvas/172#xywh=365,912,242,19"
      }
    },
    {
      "type": "Feature",
      "geometry": {
        "type": "Point",
        "coordinates": [
          -95.986799,
          36.1692523
        ]
      },
      "properties": {
        "name": "McDonald John",
        "address": "rms 107 1/2 N Greenwood av",
        "occupation_role": "shoe shiner",
        "employer": "Carl Whitaker (c)",
        "spouse_name": "Marie",
        "alphabetical_range": "McC",
        "canvas_fragment": "https://digitalcollections.tulsalibrary.org/iiif/2/p15020coll12:2857/manifest.json/canvas/172#xywh=365,1095,243,20"
      }
    },
    {
      "type": "Feature",
      "geometry": {
        "type": "Point",
        "coordinates": [
          -95.9866001,
          36.1618411
        ]
      },
      "properties": {
        "name": "McDonald Lee",
        "address": "rms 314 N Greenwood av",
        "occupation_role": "porter",
        "employer": "",
        "spouse_name": "",
        "alphabetical_range": "McC",
        "canvas_fragment": "https://digitalcollections.tulsalibrary.org/iiif/2/p15020coll12:2857/manifest.json/canvas/172#xywh=366,1341,243,21"
      }
    },
    {
      "type": "Feature",
      "geometry": {
        "type": "Point",
        "coordinates": [
          -95.986799,
          36.1692523
        ]
      },
      "properties": {
        "name": "McDonald Marie",
        "address": "rms 107 1/2 N Greenwood av",
        "occupation_role": "maid",
        "employer": "Browning Hotel",
        "spouse_name": "",
        "alphabetical_range": "McC",
        "canvas_fragment": "https://digitalcollections.tulsalibrary.org/iiif/2/p15020coll12:2857/manifest.json/canvas/172#xywh=365,1475,246,19"
      }
    },
    {
      "type": "Feature",
      "geometry": {
        "type": "Point",
        "coordinates": [
          -95.9873529,
          36.1644753
        ]
      },
      "properties": {
        "name": "McDonald Nannie",
        "address": "b 702 N Greenwood av",
        "occupation_role": "",
        "employer": "",
        "spouse_name": "",
        "alphabetical_range": "McC",
        "canvas_fragment": "https://digitalcollections.tulsalibrary.org/iiif/2/p15020coll12:2857/manifest.json/canvas/172#xywh=365,1605,246,21"
      }
    },
    {
      "type": "Feature",
      "geometry": {
        "type": "Point",
        "coordinates": [
          -95.9862816,
          36.1615747
        ]
      },
      "properties": {
        "name": "McDonald Wm",
        "address": "rms 319 N Greenwood av",
        "occupation_role": "lab",
        "employer": "",
        "spouse_name": "Christine",
        "alphabetical_range": "MCD",
        "canvas_fragment": "https://digitalcollections.tulsalibrary.org/iiif/2/p15020coll12:2857/manifest.json/canvas/172#xywh=668,649,131,33"
      }
    },
    {
      "type": "Feature",
      "geometry": {
        "type": "Point",
        "coordinates": [
          -95.986799,
          36.1692523
        ]
      },
      "properties": {
        "name": "McDowell Hazle",
        "address": "rms 508 1/2 N Greenwood av",
        "occupation_role": "maid New Fox Hotel",
        "employer": "New Fox Hotel",
        "spouse_name": "",
        "alphabetical_range": "MCD",
        "canvas_fragment": "https://digitalcollections.tulsalibrary.org/iiif/2/p15020coll12:2857/manifest.json/canvas/172#xywh=668,1593,245,25"
      }
    },
    {
      "type": "Feature",
      "geometry": {
        "type": "Point",
        "coordinates": [
          -95.9860436,
          36.1683339
        ]
      },
      "properties": {
        "name": "McGill Charles",
        "address": "r 828 E Bryant",
        "occupation_role": "lab",
        "employer": "",
        "spouse_name": "Willie",
        "alphabetical_range": "McG",
        "canvas_fragment": "https://digitalcollections.tulsalibrary.org/iiif/2/p15020coll12:2857/manifest.json/canvas/173#xywh=662,627,243,45"
      }
    },
    {
      "type": "Feature",
      "geometry": {
        "type": "Point",
        "coordinates": [
          -95.986799,
          36.1692523
        ]
      },
      "properties": {
        "name": "McGowan Euria L",
        "address": "r 811 E Fairview",
        "occupation_role": "janitor",
        "employer": "",
        "spouse_name": "Vera",
        "alphabetical_range": "McG",
        "canvas_fragment": "https://digitalcollections.tulsalibrary.org/iiif/2/p15020coll12:2857/manifest.json/canvas/173#xywh=913,717,244,35"
      }
    },
    {
      "type": "Feature",
      "geometry": {
        "type": "Point",
        "coordinates": [
          -95.9902407,
          36.1623964
        ]
      },
      "properties": {
        "name": "Mack John",
        "address": "rms 515 E Easton",
        "occupation_role": "lab",
        "employer": "",
        "spouse_name": "Florida",
        "alphabetical_range": "McI",
        "canvas_fragment": "https://digitalcollections.tulsalibrary.org/iiif/2/p15020coll12:2857/manifest.json/canvas/174#xywh=660,628,243,48"
      }
    },
    {
      "type": "Feature",
      "geometry": {
        "type": "Point",
        "coordinates": [
          -95.9857053,
          36.163335
        ]
      },
      "properties": {
        "name": "Mack Mitchell",
        "address": "rms 519 N Greenwood av",
        "occupation_role": "helper",
        "employer": "Berry-Gorman T & R Co",
        "spouse_name": "Celia",
        "alphabetical_range": "McI",
        "canvas_fragment": "https://digitalcollections.tulsalibrary.org/iiif/2/p15020coll12:2857/manifest.json/canvas/174#xywh=661,716,241,46"
      }
    },
    {
      "type": "Feature",
      "geometry": {
        "type": "Point",
        "coordinates": [
          -95.9919645,
          36.163001
        ]
      },
      "properties": {
        "name": "McKeever Joseph G",
        "address": "r 515 N Detroit av",
        "occupation_role": "dentist",
        "employer": "102 N Greenwood av",
        "spouse_name": "Myrtle",
        "alphabetical_range": "McK",
        "canvas_fragment": "https://digitalcollections.tulsalibrary.org/iiif/2/p15020coll12:2857/manifest.json/canvas/174#xywh=911,692,245,32"
      }
    },
    {
      "type": "Feature",
      "geometry": {
        "type": "Point",
        "coordinates": [
          -95.986981,
          36.1597682
        ]
      },
      "properties": {
        "name": "McKinney Wm",
        "address": "rms 503 E Archer",
        "occupation_role": "porter",
        "employer": "",
        "spouse_name": "",
        "alphabetical_range": "McK",
        "canvas_fragment": "https://digitalcollections.tulsalibrary.org/iiif/2/p15020coll12:2857/manifest.json/canvas/175#xywh=383,1213,243,21"
      }
    },
    {
      "type": "Feature",
      "geometry": {
        "type": "Point",
        "coordinates": [
          -95.9863507,
          36.1692535
        ]
      },
      "properties": {
        "name": "Mackintosh Robert",
        "address": "b 819 E Williams",
        "occupation_role": "janitor",
        "employer": "",
        "spouse_name": "",
        "alphabetical_range": "McK",
        "canvas_fragment": "https://digitalcollections.tulsalibrary.org/iiif/2/p15020coll12:2857/manifest.json/canvas/175#xywh=380,1516,245,22"
      }
    },
    {
      "type": "Feature",
      "geometry": {
        "type": "Point",
        "coordinates": [
          -95.9865948,
          36.162245
        ]
      },
      "properties": {
        "name": "Mackley Samuel",
        "address": "r 418 N Greenwood av",
        "occupation_role": "porter",
        "employer": "",
        "spouse_name": "Lucy",
        "alphabetical_range": "McK",
        "canvas_fragment": "https://digitalcollections.tulsalibrary.org/iiif/2/p15020coll12:2857/manifest.json/canvas/175#xywh=654,324,254,27"
      }
    },
    {
      "type": "Feature",
      "geometry": {
        "type": "Point",
        "coordinates": [
          -95.9897256,
          36.161409
        ]
      },
      "properties": {
        "name": "McLeod Wallace",
        "address": "b 313 N Elgin av",
        "occupation_role": "porter",
        "employer": "Security State Bank",
        "spouse_name": "",
        "alphabetical_range": "MCL",
        "canvas_fragment": "https://digitalcollections.tulsalibrary.org/iiif/2/p15020coll12:2857/manifest.json/canvas/175#xywh=941,1519,136,19"
      }
    },
    {
      "type": "Feature",
      "geometry": {
        "type": "Point",
        "coordinates": [
          -95.986799,
          36.1692523
        ]
      },
      "properties": {
        "name": "McNeal Nauman",
        "address": "b 813 E Fairview",
        "occupation_role": "chauffeur",
        "employer": "",
        "spouse_name": "",
        "alphabetical_range": "McN",
        "canvas_fragment": "https://digitalcollections.tulsalibrary.org/iiif/2/p15020coll12:2857/manifest.json/canvas/176#xywh=667,560,249,37"
      }
    },
    {
      "type": "Feature",
      "geometry": {
        "type": "Point",
        "coordinates": [
          -95.9856883,
          36.1630014
        ]
      },
      "properties": {
        "name": "McNeely John",
        "address": "rms 505 N Greenwood av",
        "occupation_role": "lab",
        "employer": "",
        "spouse_name": "",
        "alphabetical_range": "McN",
        "canvas_fragment": "https://digitalcollections.tulsalibrary.org/iiif/2/p15020coll12:2857/manifest.json/canvas/176#xywh=667,640,245,30"
      }
    },
    {
      "type": "Feature",
      "geometry": {
        "type": "Point",
        "coordinates": [
          -95.9856883,
          36.1630014
        ]
      },
      "properties": {
        "name": "McNeely Wyle",
        "address": "rms 505 Greenwood av",
        "occupation_role": "lab",
        "employer": "",
        "spouse_name": "",
        "alphabetical_range": "McN",
        "canvas_fragment": "https://digitalcollections.tulsalibrary.org/iiif/2/p15020coll12:2857/manifest.json/canvas/176#xywh=681,763,92,23"
      }
    },
    {
      "type": "Feature",
      "geometry": {
        "type": "Point",
        "coordinates": [
          -95.986799,
          36.1692523
        ]
      },
      "properties": {
        "name": "McNeil Mrs Anna",
        "address": "r 911 E Fairview",
        "occupation_role": "",
        "employer": "",
        "spouse_name": "",
        "alphabetical_range": "McN",
        "canvas_fragment": "https://digitalcollections.tulsalibrary.org/iiif/2/p15020coll12:2857/manifest.json/canvas/176#xywh=672,911,245,36"
      }
    },
    {
      "type": "Feature",
      "geometry": {
        "type": "Point",
        "coordinates": [
          -95.9866001,
          36.1618411
        ]
      },
      "properties": {
        "name": "McVaden Wm",
        "address": "rms 314 N Greenwood av",
        "occupation_role": "lab",
        "employer": "",
        "spouse_name": "",
        "alphabetical_range": "McR",
        "canvas_fragment": "https://digitalcollections.tulsalibrary.org/iiif/2/p15020coll12:2857/manifest.json/canvas/177#xywh=116,1004,245,22"
      }
    },
    {
      "type": "Feature",
      "geometry": {
        "type": "Point",
        "coordinates": [
          -95.9865603,
          36.168055
        ]
      },
      "properties": {
        "name": "Madden Columbus",
        "address": "b 630 Bryant",
        "occupation_role": "",
        "employer": "",
        "spouse_name": "",
        "alphabetical_range": "MAD",
        "canvas_fragment": "https://digitalcollections.tulsalibrary.org/iiif/2/p15020coll12:2857/manifest.json/canvas/177#xywh=363,440,229,22"
      }
    },
    {
      "type": "Feature",
      "geometry": {
        "type": "Point",
        "coordinates": [
          -95.985258,
          36.1601752
        ]
      },
      "properties": {
        "name": "Madden Lee",
        "address": "rms 619 E Archer",
        "occupation_role": "waiter",
        "employer": "",
        "spouse_name": "Estella",
        "alphabetical_range": "MAD",
        "canvas_fragment": "https://digitalcollections.tulsalibrary.org/iiif/2/p15020coll12:2857/manifest.json/canvas/177#xywh=362,695,248,54"
      }
    },
    {
      "type": "Feature",
      "geometry": {
        "type": "Point",
        "coordinates": [
          -95.9865603,
          36.168055
        ]
      },
      "properties": {
        "name": "Madden Walter",
        "address": "r 630 Bryant",
        "occupation_role": "",
        "employer": "",
        "spouse_name": "Lena",
        "alphabetical_range": "MAD",
        "canvas_fragment": "https://digitalcollections.tulsalibrary.org/iiif/2/p15020coll12:2857/manifest.json/canvas/177#xywh=363,874,246,29"
      }
    },
    {
      "type": "Feature",
      "geometry": {
        "type": "Point",
        "coordinates": [
          -95.9865603,
          36.168055
        ]
      },
      "properties": {
        "name": "Madden Wm",
        "address": "b 630 Bryant",
        "occupation_role": "",
        "employer": "",
        "spouse_name": "",
        "alphabetical_range": "MAD",
        "canvas_fragment": "https://digitalcollections.tulsalibrary.org/iiif/2/p15020coll12:2857/manifest.json/canvas/177#xywh=364,920,192,21"
      }
    },
    {
      "type": "Feature",
      "geometry": {
        "type": "Point",
        "coordinates": [
          -95.9863822,
          36.1633047
        ]
      },
      "properties": {
        "name": "Maddox Monroe",
        "address": "r 605 N Greenwood av",
        "occupation_role": "porter",
        "employer": "Baker Bros Drug Co",
        "spouse_name": "Josephine",
        "alphabetical_range": "MAD",
        "canvas_fragment": "https://digitalcollections.tulsalibrary.org/iiif/2/p15020coll12:2857/manifest.json/canvas/177#xywh=367,1299,246,22"
      }
    },
    {
      "type": "Feature",
      "geometry": {
        "type": "Point",
        "coordinates": [
          -95.9919926,
          36.1630605
        ]
      },
      "properties": {
        "name": "Magill Harrison M",
        "address": "r 529 N Detroit av",
        "occupation_role": "tchr Booker T Washn School",
        "employer": "Booker T Washn School",
        "spouse_name": "Fredonia",
        "alphabetical_range": "MAD",
        "canvas_fragment": "https://digitalcollections.tulsalibrary.org/iiif/2/p15020coll12:2857/manifest.json/canvas/177#xywh=914,349,248,24"
      }
    },
    {
      "type": "Feature",
      "geometry": {
        "type": "Point",
        "coordinates": [
          -95.9862563,
          36.1641399
        ]
      },
      "properties": {
        "name": "Malone Johnnie",
        "address": "rms 711 N Greenwood av",
        "occupation_role": "lab",
        "employer": "",
        "spouse_name": "Clara",
        "alphabetical_range": "MAI",
        "canvas_fragment": "https://digitalcollections.tulsalibrary.org/iiif/2/p15020coll12:2857/manifest.json/canvas/178#xywh=371,805,208,22"
      }
    },
    {
      "type": "Feature",
      "geometry": {
        "type": "Point",
        "coordinates": [
          -95.980685,
          36.1734552
        ]
      },
      "properties": {
        "name": "Mann Bros",
        "address": "1294 N Lansing av",
        "occupation_role": "grocers",
        "employer": "Abie B and McKinley M Mann",
        "spouse_name": "",
        "alphabetical_range": "MAN",
        "canvas_fragment": "https://digitalcollections.tulsalibrary.org/iiif/2/p15020coll12:2857/manifest.json/canvas/178#xywh=936,1386,245,28"
      }
    },
    {
      "type": "Feature",
      "geometry": {
        "type": "Point",
        "coordinates": [
          -95.986907,
          36.16604
        ]
      },
      "properties": {
        "name": "Mann John D",
        "address": "r 818 N Greenwood av",
        "occupation_role": "grocer",
        "employer": "",
        "spouse_name": "Sarah",
        "alphabetical_range": "MAN",
        "canvas_fragment": "https://digitalcollections.tulsalibrary.org/iiif/2/p15020coll12:2857/manifest.json/canvas/178#xywh=938,1483,243,31"
      }
    },
    {
      "type": "Feature",
      "geometry": {
        "type": "Point",
        "coordinates": [
          -95.9811957,
          36.1734196
        ]
      },
      "properties": {
        "name": "Mann McKinley M",
        "address": "b 1292 N Lansing av",
        "occupation_role": "Mann Bros",
        "employer": "",
        "spouse_name": "",
        "alphabetical_range": "MAN",
        "canvas_fragment": "https://digitalcollections.tulsalibrary.org/iiif/2/p15020coll12:2857/manifest.json/canvas/178#xywh=684,1476,247,35"
      }
    },
    {
      "type": "Feature",
      "geometry": {
        "type": "Point",
        "coordinates": [
          -95.9811957,
          36.1734196
        ]
      },
      "properties": {
        "name": "Mann Obie B",
        "address": "r 1292 N Lansing av",
        "occupation_role": "Mann Bros",
        "employer": "",
        "spouse_name": "",
        "alphabetical_range": "MAN",
        "canvas_fragment": "https://digitalcollections.tulsalibrary.org/iiif/2/p15020coll12:2857/manifest.json/canvas/179#xywh=124,440,238,31"
      }
    },
    {
      "type": "Feature",
      "geometry": {
        "type": "Point",
        "coordinates": [
          -95.9811957,
          36.1734196
        ]
      },
      "properties": {
        "name": "Mann Octavia",
        "address": "b 1292 N Lansing av",
        "occupation_role": "wid Pleasant P",
        "employer": "",
        "spouse_name": "",
        "alphabetical_range": "MAN",
        "canvas_fragment": "https://digitalcollections.tulsalibrary.org/iiif/2/p15020coll12:2857/manifest.json/canvas/179#xywh=124,473,238,34"
      }
    },
    {
      "type": "Feature",
      "geometry": {
        "type": "Point",
        "coordinates": [
          -95.986799,
          36.1692523
        ]
      },
      "properties": {
        "name": "Marks Bertha",
        "address": "b 813 E Fairview",
        "occupation_role": "",
        "employer": "",
        "spouse_name": "",
        "alphabetical_range": "MAR",
        "canvas_fragment": "https://digitalcollections.tulsalibrary.org/iiif/2/p15020coll12:2857/manifest.json/canvas/179#xywh=925,450,247,23"
      }
    },
    {
      "type": "Feature",
      "geometry": {
        "type": "Point",
        "coordinates": [
          -95.986799,
          36.1692523
        ]
      },
      "properties": {
        "name": "Marshall James",
        "address": "r 802 E Fairview av",
        "occupation_role": "porter",
        "employer": "",
        "spouse_name": "Mollie",
        "alphabetical_range": "MAR",
        "canvas_fragment": "https://digitalcollections.tulsalibrary.org/iiif/2/p15020coll12:2857/manifest.json/canvas/180#xywh=369,296,242,30"
      }
    },
    {
      "type": "Feature",
      "geometry": {
        "type": "Point",
        "coordinates": [
          -95.986799,
          36.1692523
        ]
      },
      "properties": {
        "name": "Martin Lucile",
        "address": "rms 914 E Fairview",
        "occupation_role": "helper",
        "employer": "",
        "spouse_name": "",
        "alphabetical_range": "MAR",
        "canvas_fragment": "https://digitalcollections.tulsalibrary.org/iiif/2/p15020coll12:2857/manifest.json/canvas/181#xywh=134,770,239,35"
      }
    },
    {
      "type": "Feature",
      "geometry": {
        "type": "Point",
        "coordinates": [
          -95.9881561,
          36.1593152
        ]
      },
      "properties": {
        "name": "Martirnes John",
        "address": "r 419 E Archer",
        "occupation_role": "restaurant",
        "employer": "",
        "spouse_name": "Mary",
        "alphabetical_range": "MAR",
        "canvas_fragment": "https://digitalcollections.tulsalibrary.org/iiif/2/p15020coll12:2857/manifest.json/canvas/181#xywh=379,1343,244,19"
      }
    },
    {
      "type": "Feature",
      "geometry": {
        "type": "Point",
        "coordinates": [
          -95.9880498,
          36.1683269
        ]
      },
      "properties": {
        "name": "Mason Babe",
        "address": "r 519 Bryant",
        "occupation_role": "lab",
        "employer": "",
        "spouse_name": "Parthena",
        "alphabetical_range": "MAS",
        "canvas_fragment": "https://digitalcollections.tulsalibrary.org/iiif/2/p15020coll12:2857/manifest.json/canvas/181#xywh=664,701,244,39"
      }
    },
    {
      "type": "Feature",
      "geometry": {
        "type": "Point",
        "coordinates": [
          -95.9897054,
          36.1613692
        ]
      },
      "properties": {
        "name": "Mason Charles",
        "address": "rms 307 N Elgin av",
        "occupation_role": "lab",
        "employer": "",
        "spouse_name": "Maggie",
        "alphabetical_range": "MAS",
        "canvas_fragment": "https://digitalcollections.tulsalibrary.org/iiif/2/p15020coll12:2857/manifest.json/canvas/181#xywh=667,846,244,39"
      }
    },
    {
      "type": "Feature",
      "geometry": {
        "type": "Point",
        "coordinates": [
          -95.9811903,
          36.1725182
        ]
      },
      "properties": {
        "name": "Mason Clara",
        "address": "r 1228 N Lansing av",
        "occupation_role": "",
        "employer": "",
        "spouse_name": "",
        "alphabetical_range": "MAS",
        "canvas_fragment": "https://digitalcollections.tulsalibrary.org/iiif/2/p15020coll12:2857/manifest.json/canvas/181#xywh=667,880,243,38"
      }
    },
    {
      "type": "Feature",
      "geometry": {
        "type": "Point",
        "coordinates": [
          -95.9811903,
          36.1725182
        ]
      },
      "properties": {
        "name": "Mason Daniel",
        "address": "b 1228 N Lansing av",
        "occupation_role": "lab",
        "employer": "",
        "spouse_name": "",
        "alphabetical_range": "MAS",
        "canvas_fragment": "https://digitalcollections.tulsalibrary.org/iiif/2/p15020coll12:2857/manifest.json/canvas/181#xywh=668,985,244,37"
      }
    },
    {
      "type": "Feature",
      "geometry": {
        "type": "Point",
        "coordinates": [
          -95.9811903,
          36.1725182
        ]
      },
      "properties": {
        "name": "Mason Evance",
        "address": "b 1228 N Lansing av",
        "occupation_role": "lab",
        "employer": "",
        "spouse_name": "",
        "alphabetical_range": "MAS",
        "canvas_fragment": "https://digitalcollections.tulsalibrary.org/iiif/2/p15020coll12:2857/manifest.json/canvas/181#xywh=668,1113,245,35"
      }
    },
    {
      "type": "Feature",
      "geometry": {
        "type": "Point",
        "coordinates": [
          -95.9863652,
          36.1629705
        ]
      },
      "properties": {
        "name": "Masonic Hall (c)",
        "address": "501 N Greenwood av",
        "occupation_role": "",
        "employer": "",
        "spouse_name": "",
        "alphabetical_range": "MAS",
        "canvas_fragment": "https://digitalcollections.tulsalibrary.org/iiif/2/p15020coll12:2857/manifest.json/canvas/181#xywh=921,1158,246,36"
      }
    },
    {
      "type": "Feature",
      "geometry": {
        "type": "Point",
        "coordinates": [
          -95.9806829,
          36.1726528
        ]
      },
      "properties": {
        "name": "Mathews David",
        "address": "b 1244 N Lansing av",
        "occupation_role": "lab",
        "employer": "",
        "spouse_name": "",
        "alphabetical_range": "MAS",
        "canvas_fragment": "https://digitalcollections.tulsalibrary.org/iiif/2/p15020coll12:2857/manifest.json/canvas/182#xywh=129,1212,237,29"
      }
    },
    {
      "type": "Feature",
      "geometry": {
        "type": "Point",
        "coordinates": [
          -95.9806829,
          36.1726528
        ]
      },
      "properties": {
        "name": "Mathews Edward",
        "address": "r 1244 N Lansing av",
        "occupation_role": "billiards",
        "employer": "",
        "spouse_name": "Laura",
        "alphabetical_range": "MAS",
        "canvas_fragment": "https://digitalcollections.tulsalibrary.org/iiif/2/p15020coll12:2857/manifest.json/canvas/182#xywh=129,1317,240,27"
      }
    },
    {
      "type": "Feature",
      "geometry": {
        "type": "Point",
        "coordinates": [
          -95.9864073,
          36.1680563
        ]
      },
      "properties": {
        "name": "Mathis Benjamin",
        "address": "r 650 E Bryant",
        "occupation_role": "cook",
        "employer": "",
        "spouse_name": "Effie",
        "alphabetical_range": "MAS",
        "canvas_fragment": "https://digitalcollections.tulsalibrary.org/iiif/2/p15020coll12:2857/manifest.json/canvas/182#xywh=371,603,242,27"
      }
    },
    {
      "type": "Feature",
      "geometry": {
        "type": "Point",
        "coordinates": [
          -95.9864073,
          36.1680563
        ]
      },
      "properties": {
        "name": "Mathis Fred",
        "address": "r 650 Bryant",
        "occupation_role": "cook",
        "employer": "",
        "spouse_name": "Effie",
        "alphabetical_range": "MAS",
        "canvas_fragment": "https://digitalcollections.tulsalibrary.org/iiif/2/p15020coll12:2857/manifest.json/canvas/182#xywh=374,742,239,24"
      }
    },
    {
      "type": "Feature",
      "geometry": {
        "type": "Point",
        "coordinates": [
          -95.9868049,
          36.1660769
        ]
      },
      "properties": {
        "name": "Matthew Homer D",
        "address": "b 803 N Greenwood av",
        "occupation_role": "carp",
        "employer": "",
        "spouse_name": "",
        "alphabetical_range": "MAX",
        "canvas_fragment": "https://digitalcollections.tulsalibrary.org/iiif/2/p15020coll12:2857/manifest.json/canvas/182#xywh=666,296,247,42"
      }
    },
    {
      "type": "Feature",
      "geometry": {
        "type": "Point",
        "coordinates": [
          -95.9868049,
          36.1660769
        ]
      },
      "properties": {
        "name": "Matthew Wm H",
        "address": "r 803 N Greenwood av",
        "occupation_role": "",
        "employer": "",
        "spouse_name": "",
        "alphabetical_range": "MAX",
        "canvas_fragment": "https://digitalcollections.tulsalibrary.org/iiif/2/p15020coll12:2857/manifest.json/canvas/182#xywh=667,381,246,42"
      }
    },
    {
      "type": "Feature",
      "geometry": {
        "type": "Point",
        "coordinates": [
          -95.9869845,
          36.1647849
        ]
      },
      "properties": {
        "name": "Matthews Benjamin",
        "address": "rms 716 N Greenwood av",
        "occupation_role": "carp",
        "employer": "",
        "spouse_name": "Madia",
        "alphabetical_range": "MAX",
        "canvas_fragment": "https://digitalcollections.tulsalibrary.org/iiif/2/p15020coll12:2857/manifest.json/canvas/182#xywh=667,451,246,39"
      }
    },
    {
      "type": "Feature",
      "geometry": {
        "type": "Point",
        "coordinates": [
          -95.9873639,
          36.1630876
        ]
      },
      "properties": {
        "name": "Matthews Dollie A",
        "address": "rms 516 N Greenwood av",
        "occupation_role": "lab",
        "employer": "",
        "spouse_name": "",
        "alphabetical_range": "MAX",
        "canvas_fragment": "https://digitalcollections.tulsalibrary.org/iiif/2/p15020coll12:2857/manifest.json/canvas/182#xywh=668,570,247,38"
      }
    },
    {
      "type": "Feature",
      "geometry": {
        "type": "Point",
        "coordinates": [
          -95.9868049,
          36.1660769
        ]
      },
      "properties": {
        "name": "Matthews Londro",
        "address": "b 803 N Greenwood av",
        "occupation_role": "lather",
        "employer": "",
        "spouse_name": "",
        "alphabetical_range": "MAX",
        "canvas_fragment": "https://digitalcollections.tulsalibrary.org/iiif/2/p15020coll12:2857/manifest.json/canvas/182#xywh=670,727,245,35"
      }
    },
    {
      "type": "Feature",
      "geometry": {
        "type": "Point",
        "coordinates": [
          -95.9866001,
          36.1618411
        ]
      },
      "properties": {
        "name": "May Minerva",
        "address": "rms 314 Greenwood av",
        "occupation_role": "maid",
        "employer": "",
        "spouse_name": "",
        "alphabetical_range": "MAY",
        "canvas_fragment": "https://digitalcollections.tulsalibrary.org/iiif/2/p15020coll12:2857/manifest.json/canvas/183#xywh=116,1328,240,22"
      }
    },
    {
      "type": "Feature",
      "geometry": {
        "type": "Point",
        "coordinates": [
          -95.9866001,
          36.1618411
        ]
      },
      "properties": {
        "name": "May Percy",
        "address": "rms 314 N Greenwood av",
        "occupation_role": "porter",
        "employer": "",
        "spouse_name": "",
        "alphabetical_range": "MAY",
        "canvas_fragment": "https://digitalcollections.tulsalibrary.org/iiif/2/p15020coll12:2857/manifest.json/canvas/183#xywh=116,1391,239,33"
      }
    },
    {
      "type": "Feature",
      "geometry": {
        "type": "Point",
        "coordinates": [
          -95.9897398,
          36.1614372
        ]
      },
      "properties": {
        "name": "Mayberry Hazel",
        "address": "b 322 N Elgin av",
        "occupation_role": "attndt H A Burns",
        "employer": "H A Burns",
        "spouse_name": "",
        "alphabetical_range": "MAY",
        "canvas_fragment": "https://digitalcollections.tulsalibrary.org/iiif/2/p15020coll12:2857/manifest.json/canvas/183#xywh=116,1482,240,21"
      }
    },
    {
      "type": "Feature",
      "geometry": {
        "type": "Point",
        "coordinates": [
          -95.9865318,
          36.169253
        ]
      },
      "properties": {
        "name": "Medlock Henry",
        "address": "r 659 Williams",
        "occupation_role": "trackman",
        "employer": "",
        "spouse_name": "Maria",
        "alphabetical_range": "MEE",
        "canvas_fragment": "https://digitalcollections.tulsalibrary.org/iiif/2/p15020coll12:2857/manifest.json/canvas/183#xywh=937,1434,241,18"
      }
    },
    {
      "type": "Feature",
      "geometry": {
        "type": "Point",
        "coordinates": [
          -95.9862923,
          36.1691084
        ]
      },
      "properties": {
        "name": "Melton Joseph L",
        "address": "b 1023 N Greenwood av",
        "occupation_role": "lab",
        "employer": "",
        "spouse_name": "",
        "alphabetical_range": "MEL",
        "canvas_fragment": "https://digitalcollections.tulsalibrary.org/iiif/2/p15020coll12:2857/manifest.json/canvas/184#xywh=669,292,239,39"
      }
    },
    {
      "type": "Feature",
      "geometry": {
        "type": "Point",
        "coordinates": [
          -95.9865333,
          36.1683298
        ]
      },
      "properties": {
        "name": "Miller George",
        "address": "b 635 Bryant",
        "occupation_role": "",
        "employer": "",
        "spouse_name": "",
        "alphabetical_range": "MIL",
        "canvas_fragment": "https://digitalcollections.tulsalibrary.org/iiif/2/p15020coll12:2857/manifest.json/canvas/186#xywh=916,634,249,22"
      }
    },
    {
      "type": "Feature",
      "geometry": {
        "type": "Point",
        "coordinates": [
          -95.9880498,
          36.1683269
        ]
      },
      "properties": {
        "name": "Miller Georgia",
        "address": "b 519 Bryant",
        "occupation_role": "cook",
        "employer": "",
        "spouse_name": "",
        "alphabetical_range": "MIL",
        "canvas_fragment": "https://digitalcollections.tulsalibrary.org/iiif/2/p15020coll12:2857/manifest.json/canvas/186#xywh=918,928,251,23"
      }
    },
    {
      "type": "Feature",
      "geometry": {
        "type": "Point",
        "coordinates": [
          -95.9865333,
          36.1683298
        ]
      },
      "properties": {
        "name": "Miller Gus",
        "address": "r 635 Bryant",
        "occupation_role": "",
        "employer": "",
        "spouse_name": "Nannie",
        "alphabetical_range": "MIL",
        "canvas_fragment": "https://digitalcollections.tulsalibrary.org/iiif/2/p15020coll12:2857/manifest.json/canvas/186#xywh=918,973,251,23"
      }
    },
    {
      "type": "Feature",
      "geometry": {
        "type": "Point",
        "coordinates": [
          -95.9865333,
          36.1683298
        ]
      },
      "properties": {
        "name": "Miller Homer",
        "address": "b 635 Bryant",
        "occupation_role": "porter",
        "employer": "",
        "spouse_name": "",
        "alphabetical_range": "MIL",
        "canvas_fragment": "https://digitalcollections.tulsalibrary.org/iiif/2/p15020coll12:2857/manifest.json/canvas/186#xywh=924,1381,248,31"
      }
    },
    {
      "type": "Feature",
      "geometry": {
        "type": "Point",
        "coordinates": [
          -95.986799,
          36.1692523
        ]
      },
      "properties": {
        "name": "Miller John",
        "address": "rms 115 1/2 N Greenwood av",
        "occupation_role": "shoe shiner",
        "employer": "Carl Whitaker",
        "spouse_name": "",
        "alphabetical_range": "MIL",
        "canvas_fragment": "https://digitalcollections.tulsalibrary.org/iiif/2/p15020coll12:2857/manifest.json/canvas/187#xywh=119,804,243,22"
      }
    },
    {
      "type": "Feature",
      "geometry": {
        "type": "Point",
        "coordinates": [
          -95.9865333,
          36.1683298
        ]
      },
      "properties": {
        "name": "Miller LeRoy",
        "address": "b 635 Bryant",
        "occupation_role": "",
        "employer": "",
        "spouse_name": "",
        "alphabetical_range": "MIL",
        "canvas_fragment": "https://digitalcollections.tulsalibrary.org/iiif/2/p15020coll12:2857/manifest.json/canvas/187#xywh=372,598,206,18"
      }
    },
    {
      "type": "Feature",
      "geometry": {
        "type": "Point",
        "coordinates": [
          -95.9862813,
          36.161562
        ]
      },
      "properties": {
        "name": "Miller R L",
        "address": "r 315 N Greenwood av",
        "occupation_role": "lab",
        "employer": "Goodner-Mitchell Co",
        "spouse_name": "Voyzie",
        "alphabetical_range": "MIL",
        "canvas_fragment": "https://digitalcollections.tulsalibrary.org/iiif/2/p15020coll12:2857/manifest.json/canvas/187#xywh=663,1362,247,22"
      }
    },
    {
      "type": "Feature",
      "geometry": {
        "type": "Point",
        "coordinates": [
          -95.986799,
          36.1692523
        ]
      },
      "properties": {
        "name": "Mills Dero",
        "address": "r 8036 E Fairview",
        "occupation_role": "custodian",
        "employer": "P O",
        "spouse_name": "Lula F",
        "alphabetical_range": "MIL",
        "canvas_fragment": "https://digitalcollections.tulsalibrary.org/iiif/2/p15020coll12:2857/manifest.json/canvas/188#xywh=138,458,240,53"
      }
    },
    {
      "type": "Feature",
      "geometry": {
        "type": "Point",
        "coordinates": [
          -95.9865981,
          36.1621727
        ]
      },
      "properties": {
        "name": "Mills Lott",
        "address": "rms 408 N Greenwood av",
        "occupation_role": "mech",
        "employer": "",
        "spouse_name": "Ella",
        "alphabetical_range": "MIL",
        "canvas_fragment": "https://digitalcollections.tulsalibrary.org/iiif/2/p15020coll12:2857/manifest.json/canvas/188#xywh=143,941,241,41"
      }
    },
    {
      "type": "Feature",
      "geometry": {
        "type": "Point",
        "coordinates": [
          -95.9853189,
          36.1600619
        ]
      },
      "properties": {
        "name": "Mims Robert",
        "address": "rms 615 E Archer av",
        "occupation_role": "lab",
        "employer": "",
        "spouse_name": "Mary",
        "alphabetical_range": "MIL",
        "canvas_fragment": "https://digitalcollections.tulsalibrary.org/iiif/2/p15020coll12:2857/manifest.json/canvas/188#xywh=391,988,237,22"
      }
    },
    {
      "type": "Feature",
      "geometry": {
        "type": "Point",
        "coordinates": [
          -95.9899631,
          36.1629136
        ]
      },
      "properties": {
        "name": "Minner Edgar",
        "address": "rms 420 E Easton",
        "occupation_role": "lab",
        "employer": "",
        "spouse_name": "",
        "alphabetical_range": "MIN",
        "canvas_fragment": "https://digitalcollections.tulsalibrary.org/iiif/2/p15020coll12:2857/manifest.json/canvas/188#xywh=662,591,245,35"
      }
    },
    {
      "type": "Feature",
      "geometry": {
        "type": "Point",
        "coordinates": [
          -95.9897524,
          36.1614622
        ]
      },
      "properties": {
        "name": "Mitchell Felix",
        "address": "r 321 N Elgin av",
        "occupation_role": "porter",
        "employer": "",
        "spouse_name": "Nicey",
        "alphabetical_range": "MIT",
        "canvas_fragment": "https://digitalcollections.tulsalibrary.org/iiif/2/p15020coll12:2857/manifest.json/canvas/189#xywh=124,1166,243,31"
      }
    },
    {
      "type": "Feature",
      "geometry": {
        "type": "Point",
        "coordinates": [
          -95.9910971,
          36.1628745
        ]
      },
      "properties": {
        "name": "Mitchell Horace F",
        "address": "rms 542 N Elgin av",
        "occupation_role": "tchr",
        "employer": "Booker T Washn School",
        "spouse_name": "Mattie",
        "alphabetical_range": "MIT",
        "canvas_fragment": "https://digitalcollections.tulsalibrary.org/iiif/2/p15020coll12:2857/manifest.json/canvas/189#xywh=371,563,240,27"
      }
    },
    {
      "type": "Feature",
      "geometry": {
        "type": "Point",
        "coordinates": [
          -95.986599,
          36.1621546
        ]
      },
      "properties": {
        "name": "Mitchell James S",
        "address": "rms 406 N Greenwood av",
        "occupation_role": "lab",
        "employer": "",
        "spouse_name": "Nellie",
        "alphabetical_range": "MIT",
        "canvas_fragment": "https://digitalcollections.tulsalibrary.org/iiif/2/p15020coll12:2857/manifest.json/canvas/189#xywh=372,847,241,30"
      }
    },
    {
      "type": "Feature",
      "geometry": {
        "type": "Point",
        "coordinates": [
          -95.9869397,
          36.1612453
        ]
      },
      "properties": {
        "name": "Mitchell Lee M",
        "address": "rms 513 E Cameron",
        "occupation_role": "janitor",
        "employer": "",
        "spouse_name": "",
        "alphabetical_range": "MIT",
        "canvas_fragment": "https://digitalcollections.tulsalibrary.org/iiif/2/p15020coll12:2857/manifest.json/canvas/189#xywh=378,1445,242,23"
      }
    },
    {
      "type": "Feature",
      "geometry": {
        "type": "Point",
        "coordinates": [
          -95.9857053,
          36.163335
        ]
      },
      "properties": {
        "name": "Mitchell Mack",
        "address": "rms 519 N Greenwood av",
        "occupation_role": "helper",
        "employer": "Producers Tire Co",
        "spouse_name": "",
        "alphabetical_range": "MIT",
        "canvas_fragment": "https://digitalcollections.tulsalibrary.org/iiif/2/p15020coll12:2857/manifest.json/canvas/189#xywh=656,215,249,30"
      }
    },
    {
      "type": "Feature",
      "geometry": {
        "type": "Point",
        "coordinates": [
          -95.9830852,
          36.171727
        ]
      },
      "properties": {
        "name": "Mitchell Rev Willis S",
        "address": "r 1240 Pocahontas av",
        "occupation_role": "",
        "employer": "",
        "spouse_name": "",
        "alphabetical_range": "MIT",
        "canvas_fragment": "https://digitalcollections.tulsalibrary.org/iiif/2/p15020coll12:2857/manifest.json/canvas/189#xywh=661,1391,245,23"
      }
    },
    {
      "type": "Feature",
      "geometry": {
        "type": "Point",
        "coordinates": [
          -95.9865956,
          36.1622269
        ]
      },
      "properties": {
        "name": "Moden Washington",
        "address": "rms 414 N Greenwood av",
        "occupation_role": "lab",
        "employer": "",
        "spouse_name": "Lena",
        "alphabetical_range": "MOF",
        "canvas_fragment": "https://digitalcollections.tulsalibrary.org/iiif/2/p15020coll12:2857/manifest.json/canvas/189#xywh=914,899,249,18"
      }
    },
    {
      "type": "Feature",
      "geometry": {
        "type": "Point",
        "coordinates": [
          -95.9901924,
          36.1628288
        ]
      },
      "properties": {
        "name": "Monroe Osborn",
        "address": "r 410 E Easton",
        "occupation_role": "porter",
        "employer": "117 S Main av",
        "spouse_name": "Olive",
        "alphabetical_range": "MON",
        "canvas_fragment": "https://digitalcollections.tulsalibrary.org/iiif/2/p15020coll12:2857/manifest.json/canvas/190#xywh=681,271,150,36"
      }
    },
    {
      "type": "Feature",
      "geometry": {
        "type": "Point",
        "coordinates": [
          -95.9865756,
          36.1680549
        ]
      },
      "properties": {
        "name": "Monroe Wm M",
        "address": "r 628 Bryant",
        "occupation_role": "grocer",
        "employer": "",
        "spouse_name": "Minnie",
        "alphabetical_range": "MON",
        "canvas_fragment": "https://digitalcollections.tulsalibrary.org/iiif/2/p15020coll12:2857/manifest.json/canvas/190#xywh=671,460,244,39"
      }
    },
    {
      "type": "Feature",
      "geometry": {
        "type": "Point",
        "coordinates": [
          -95.9898988,
          36.1591129
        ]
      },
      "properties": {
        "name": "Moody Clara",
        "address": "rms 123 N Detroit av",
        "occupation_role": "lab",
        "employer": "",
        "spouse_name": "",
        "alphabetical_range": "MOO",
        "canvas_fragment": "https://digitalcollections.tulsalibrary.org/iiif/2/p15020coll12:2857/manifest.json/canvas/190#xywh=931,1364,244,32"
      }
    },
    {
      "type": "Feature",
      "geometry": {
        "type": "Point",
        "coordinates": [
          -95.9857053,
          36.163335
        ]
      },
      "properties": {
        "name": "Moody Neva",
        "address": "rms 519 N Greenwood av",
        "occupation_role": "maid",
        "employer": "",
        "spouse_name": "",
        "alphabetical_range": "MOO",
        "canvas_fragment": "https://digitalcollections.tulsalibrary.org/iiif/2/p15020coll12:2857/manifest.json/canvas/191#xywh=126,484,221,17"
      }
    },
    {
      "type": "Feature",
      "geometry": {
        "type": "Point",
        "coordinates": [
          -95.989893,
          36.1598559
        ]
      },
      "properties": {
        "name": "Moore Classie",
        "address": "rms 205 N Detroit av",
        "occupation_role": "lab",
        "employer": "",
        "spouse_name": "",
        "alphabetical_range": "MOO",
        "canvas_fragment": "https://digitalcollections.tulsalibrary.org/iiif/2/p15020coll12:2857/manifest.json/canvas/191#xywh=378,744,240,35"
      }
    },
    {
      "type": "Feature",
      "geometry": {
        "type": "Point",
        "coordinates": [
          -95.9862816,
          36.1615747
        ]
      },
      "properties": {
        "name": "Moore Clifford",
        "address": "r 319 N Greenwood av",
        "occupation_role": "porter",
        "employer": "",
        "spouse_name": "Mary",
        "alphabetical_range": "MOO",
        "canvas_fragment": "https://digitalcollections.tulsalibrary.org/iiif/2/p15020coll12:2857/manifest.json/canvas/191#xywh=378,784,240,36"
      }
    },
    {
      "type": "Feature",
      "geometry": {
        "type": "Point",
        "coordinates": [
          -95.9862816,
          36.1615747
        ]
      },
      "properties": {
        "name": "Moore Edwin",
        "address": "r 319 N Greenwood av",
        "occupation_role": "janitor",
        "employer": "Gulf Pl Co",
        "spouse_name": "Lucy",
        "alphabetical_range": "MOO",
        "canvas_fragment": "https://digitalcollections.tulsalibrary.org/iiif/2/p15020coll12:2857/manifest.json/canvas/191#xywh=371,1344,247,34"
      }
    },
    {
      "type": "Feature",
      "geometry": {
        "type": "Point",
        "coordinates": [
          -95.9860437,
          36.1683339
        ]
      },
      "properties": {
        "name": "Moore Ella",
        "address": "r 833 E Bryant",
        "occupation_role": "wid Tullis",
        "employer": "",
        "spouse_name": "",
        "alphabetical_range": "MOO",
        "canvas_fragment": "https://digitalcollections.tulsalibrary.org/iiif/2/p15020coll12:2857/manifest.json/canvas/191#xywh=371,1381,247,30"
      }
    },
    {
      "type": "Feature",
      "geometry": {
        "type": "Point",
        "coordinates": [
          -95.9873643,
          36.1631037
        ]
      },
      "properties": {
        "name": "Moore Louis H",
        "address": "rms 510 N Greenwood av",
        "occupation_role": "porter",
        "employer": "",
        "spouse_name": "",
        "alphabetical_range": "MOO",
        "canvas_fragment": "https://digitalcollections.tulsalibrary.org/iiif/2/p15020coll12:2857/manifest.json/canvas/191#xywh=915,379,252,18"
      }
    },
    {
      "type": "Feature",
      "geometry": {
        "type": "Point",
        "coordinates": [
          -95.9868045,
          36.1662545
        ]
      },
      "properties": {
        "name": "Moore Rosa",
        "address": "b 807 N Greenwood av",
        "occupation_role": "",
        "employer": "",
        "spouse_name": "",
        "alphabetical_range": "MOO",
        "canvas_fragment": "https://digitalcollections.tulsalibrary.org/iiif/2/p15020coll12:2857/manifest.json/canvas/191#xywh=919,1219,255,18"
      }
    },
    {
      "type": "Feature",
      "geometry": {
        "type": "Point",
        "coordinates": [
          -95.9867628,
          36.1683279
        ]
      },
      "properties": {
        "name": "Moore Rosetta",
        "address": "r 605 Bryant",
        "occupation_role": "",
        "employer": "",
        "spouse_name": "",
        "alphabetical_range": "MOO",
        "canvas_fragment": "https://digitalcollections.tulsalibrary.org/iiif/2/p15020coll12:2857/manifest.json/canvas/191#xywh=919,1237,255,20"
      }
    },
    {
      "type": "Feature",
      "geometry": {
        "type": "Point",
        "coordinates": [
          -95.9897256,
          36.161409
        ]
      },
      "properties": {
        "name": "Moran Ulysses S",
        "address": "r 313 N Elgin av",
        "occupation_role": "clk",
        "employer": "Exch Natl Bank",
        "spouse_name": "Edna",
        "alphabetical_range": "MOR",
        "canvas_fragment": "https://digitalcollections.tulsalibrary.org/iiif/2/p15020coll12:2857/manifest.json/canvas/192#xywh=147,1407,486,18"
      }
    },
    {
      "type": "Feature",
      "geometry": {
        "type": "Point",
        "coordinates": [
          -95.9830852,
          36.171727
        ]
      },
      "properties": {
        "name": "Moreno Robert",
        "address": "r 1339 Pocahontas",
        "occupation_role": "lab",
        "employer": "",
        "spouse_name": "Geraldine",
        "alphabetical_range": "MOR",
        "canvas_fragment": "https://digitalcollections.tulsalibrary.org/iiif/2/p15020coll12:2857/manifest.json/canvas/192#xywh=388,450,238,30"
      }
    },
    {
      "type": "Feature",
      "geometry": {
        "type": "Point",
        "coordinates": [
          -95.9867016,
          36.1683284
        ]
      },
      "properties": {
        "name": "Morris George",
        "address": "b 613 Bryant",
        "occupation_role": "",
        "employer": "",
        "spouse_name": "",
        "alphabetical_range": "MOR",
        "canvas_fragment": "https://digitalcollections.tulsalibrary.org/iiif/2/p15020coll12:2857/manifest.json/canvas/192#xywh=929,1337,208,18"
      }
    },
    {
      "type": "Feature",
      "geometry": {
        "type": "Point",
        "coordinates": [
          -95.9865087,
          36.1603191
        ]
      },
      "properties": {
        "name": "Morris John",
        "address": "r 120 N Greenwood av",
        "occupation_role": "porter",
        "employer": "Ketchum Hotel",
        "spouse_name": "",
        "alphabetical_range": "MOR",
        "canvas_fragment": "https://digitalcollections.tulsalibrary.org/iiif/2/p15020coll12:2857/manifest.json/canvas/193#xywh=147,647,240,32"
      }
    },
    {
      "type": "Feature",
      "geometry": {
        "type": "Point",
        "coordinates": [
          -95.9863507,
          36.1692535
        ]
      },
      "properties": {
        "name": "Morrison Sed",
        "address": "r 743 E Williams",
        "occupation_role": "lab",
        "employer": "",
        "spouse_name": "Rosa",
        "alphabetical_range": "MOR",
        "canvas_fragment": "https://digitalcollections.tulsalibrary.org/iiif/2/p15020coll12:2857/manifest.json/canvas/193#xywh=675,408,248,26"
      }
    },
    {
      "type": "Feature",
      "geometry": {
        "type": "Point",
        "coordinates": [
          -95.9862816,
          36.1615747
        ]
      },
      "properties": {
        "name": "Mosby Andrew",
        "address": "rms 319 N Greenwood av",
        "occupation_role": "lab",
        "employer": "",
        "spouse_name": "",
        "alphabetical_range": "MOS",
        "canvas_fragment": "https://digitalcollections.tulsalibrary.org/iiif/2/p15020coll12:2857/manifest.json/canvas/193#xywh=933,997,244,17"
      }
    },
    {
      "type": "Feature",
      "geometry": {
        "type": "Point",
        "coordinates": [
          -95.9898127,
          36.1627721
        ]
      },
      "properties": {
        "name": "Mt Zion Baptist Church",
        "address": "421 N Elgin av",
        "occupation_role": "",
        "employer": "",
        "spouse_name": "",
        "alphabetical_range": "MOS",
        "canvas_fragment": "https://digitalcollections.tulsalibrary.org/iiif/2/p15020coll12:2857/manifest.json/canvas/194#xywh=383,1318,240,22"
      }
    },
    {
      "type": "Feature",
      "geometry": {
        "type": "Point",
        "coordinates": [
          -95.9857053,
          36.163335
        ]
      },
      "properties": {
        "name": "Muckroy Mrs Etta",
        "address": "r 519 N Greenwood av",
        "occupation_role": "",
        "employer": "",
        "spouse_name": "",
        "alphabetical_range": "MUL",
        "canvas_fragment": "https://digitalcollections.tulsalibrary.org/iiif/2/p15020coll12:2857/manifest.json/canvas/194#xywh=665,1040,248,28"
      }
    },
    {
      "type": "Feature",
      "geometry": {
        "type": "Point",
        "coordinates": [
          -95.9902407,
          36.1623964
        ]
      },
      "properties": {
        "name": "Muldrow Leslie",
        "address": "r 606 E Easton av",
        "occupation_role": "driver",
        "employer": "",
        "spouse_name": "Mary",
        "alphabetical_range": "MUL",
        "canvas_fragment": "https://digitalcollections.tulsalibrary.org/iiif/2/p15020coll12:2857/manifest.json/canvas/194#xywh=923,706,252,16"
      }
    },
    {
      "type": "Feature",
      "geometry": {
        "type": "Point",
        "coordinates": [
          -95.989893,
          36.1598559
        ]
      },
      "properties": {
        "name": "Mulkey Thomas",
        "address": "r 205 N Detroit av",
        "occupation_role": "cook",
        "employer": "",
        "spouse_name": "Christella",
        "alphabetical_range": "MUL",
        "canvas_fragment": "https://digitalcollections.tulsalibrary.org/iiif/2/p15020coll12:2857/manifest.json/canvas/194#xywh=923,987,252,18"
      }
    },
    {
      "type": "Feature",
      "geometry": {
        "type": "Point",
        "coordinates": [
          -95.986799,
          36.1692523
        ]
      },
      "properties": {
        "name": "Nails Bros",
        "address": "121 1/2 N Greenwood av",
        "occupation_role": "shoemkr",
        "employer": "",
        "spouse_name": "",
        "alphabetical_range": "NAP",
        "canvas_fragment": "https://digitalcollections.tulsalibrary.org/iiif/2/p15020coll12:2857/manifest.json/canvas/196#xywh=919,1058,252,21"
      }
    },
    {
      "type": "Feature",
      "geometry": {
        "type": "Point",
        "coordinates": [
          -95.9910055,
          36.1626991
        ]
      },
      "properties": {
        "name": "Nails Henry",
        "address": "r 518 N Elgin av",
        "occupation_role": "Nails Bros",
        "employer": "",
        "spouse_name": "",
        "alphabetical_range": "NAP",
        "canvas_fragment": "https://digitalcollections.tulsalibrary.org/iiif/2/p15020coll12:2857/manifest.json/canvas/196#xywh=676,1180,236,20"
      }
    },
    {
      "type": "Feature",
      "geometry": {
        "type": "Point",
        "coordinates": [
          -95.9910256,
          36.1627376
        ]
      },
      "properties": {
        "name": "Napier James",
        "address": "r 524 N Elgin av",
        "occupation_role": "lab",
        "employer": "",
        "spouse_name": "Fannie",
        "alphabetical_range": "NAP",
        "canvas_fragment": "https://digitalcollections.tulsalibrary.org/iiif/2/p15020coll12:2857/manifest.json/canvas/196#xywh=665,1395,247,17"
      }
    },
    {
      "type": "Feature",
      "geometry": {
        "type": "Point",
        "coordinates": [
          -95.9913295,
          36.1632963
        ]
      },
      "properties": {
        "name": "Napier Joseph",
        "address": "r 526 N Elgin av",
        "occupation_role": "lab",
        "employer": "",
        "spouse_name": "Cora",
        "alphabetical_range": "NAP",
        "canvas_fragment": "https://digitalcollections.tulsalibrary.org/iiif/2/p15020coll12:2857/manifest.json/canvas/196#xywh=920,1627,250,17"
      }
    },
    {
      "type": "Feature",
      "geometry": {
        "type": "Point",
        "coordinates": [
          -95.9813161,
          36.1724315
        ]
      },
      "properties": {
        "name": "Narrow Aaron",
        "address": "r 1216 N Lansing av",
        "occupation_role": "lab",
        "employer": "",
        "spouse_name": "Rosa",
        "alphabetical_range": "NAP",
        "canvas_fragment": "https://digitalcollections.tulsalibrary.org/iiif/2/p15020coll12:2857/manifest.json/canvas/197#xywh=124,563,244,49"
      }
    },
    {
      "type": "Feature",
      "geometry": {
        "type": "Point",
        "coordinates": [
          -95.9860367,
          36.1701811
        ]
      },
      "properties": {
        "name": "Neal Lee",
        "address": "r 634 Booker",
        "occupation_role": "lab",
        "employer": "",
        "spouse_name": "Elizabeth",
        "alphabetical_range": "NAP",
        "canvas_fragment": "https://digitalcollections.tulsalibrary.org/iiif/2/p15020coll12:2857/manifest.json/canvas/197#xywh=383,1217,235,22"
      }
    },
    {
      "type": "Feature",
      "geometry": {
        "type": "Point",
        "coordinates": [
          -95.9890288,
          36.1595432
        ]
      },
      "properties": {
        "name": "Neal Reuben O",
        "address": "120 N Elgin av, r same",
        "occupation_role": "restaurant",
        "employer": "",
        "spouse_name": "Lillie",
        "alphabetical_range": "NAP",
        "canvas_fragment": "https://digitalcollections.tulsalibrary.org/iiif/2/p15020coll12:2857/manifest.json/canvas/197#xywh=386,1484,238,23"
      }
    },
    {
      "type": "Feature",
      "geometry": {
        "type": "Point",
        "coordinates": [
          -95.9863507,
          36.1692535
        ]
      },
      "properties": {
        "name": "Nealey Ernest",
        "address": "r 723 E Williams",
        "occupation_role": "tmstr",
        "employer": "",
        "spouse_name": "Eleanor",
        "alphabetical_range": "NEA",
        "canvas_fragment": "https://digitalcollections.tulsalibrary.org/iiif/2/p15020coll12:2857/manifest.json/canvas/197#xywh=652,293,246,39"
      }
    },
    {
      "type": "Feature",
      "geometry": {
        "type": "Point",
        "coordinates": [
          -95.9863507,
          36.1692535
        ]
      },
      "properties": {
        "name": "Nealey Robert",
        "address": "b 723 E Williams",
        "occupation_role": "tmstr",
        "employer": "",
        "spouse_name": "Lelia",
        "alphabetical_range": "NEA",
        "canvas_fragment": "https://digitalcollections.tulsalibrary.org/iiif/2/p15020coll12:2857/manifest.json/canvas/197#xywh=652,328,247,38"
      }
    },
    {
      "type": "Feature",
      "geometry": {
        "type": "Point",
        "coordinates": [
          -95.9862923,
          36.1691084
        ]
      },
      "properties": {
        "name": "Nealey Elmer",
        "address": "b 1023 N Greenwood av",
        "occupation_role": "",
        "employer": "",
        "spouse_name": "",
        "alphabetical_range": "NEA",
        "canvas_fragment": "https://digitalcollections.tulsalibrary.org/iiif/2/p15020coll12:2857/manifest.json/canvas/197#xywh=652,363,246,38"
      }
    },
    {
      "type": "Feature",
      "geometry": {
        "type": "Point",
        "coordinates": [
          -95.9862923,
          36.1691084
        ]
      },
      "properties": {
        "name": "Nealey Henry",
        "address": "r 1023 N Greenwood av",
        "occupation_role": "lab",
        "employer": "",
        "spouse_name": "Joy",
        "alphabetical_range": "NEA",
        "canvas_fragment": "https://digitalcollections.tulsalibrary.org/iiif/2/p15020coll12:2857/manifest.json/canvas/197#xywh=653,399,245,38"
      }
    },
    {
      "type": "Feature",
      "geometry": {
        "type": "Point",
        "coordinates": [
          -95.9867331,
          36.1606761
        ]
      },
      "properties": {
        "name": "Neil Cliftonia",
        "address": "rms 206 N Greenwood av",
        "occupation_role": "maid",
        "employer": "Hotel Kaufman",
        "spouse_name": "",
        "alphabetical_range": "NEA",
        "canvas_fragment": "https://digitalcollections.tulsalibrary.org/iiif/2/p15020coll12:2857/manifest.json/canvas/197#xywh=909,688,250,17"
      }
    },
    {
      "type": "Feature",
      "geometry": {
        "type": "Point",
        "coordinates": [
          -95.9864073,
          36.1680563
        ]
      },
      "properties": {
        "name": "Nelson Earl",
        "address": "r 650 E Bryant",
        "occupation_role": "lab",
        "employer": "",
        "spouse_name": "",
        "alphabetical_range": "NEL",
        "canvas_fragment": "https://digitalcollections.tulsalibrary.org/iiif/2/p15020coll12:2857/manifest.json/canvas/198#xywh=138,902,242,33"
      }
    },
    {
      "type": "Feature",
      "geometry": {
        "type": "Point",
        "coordinates": [
          -95.9864073,
          36.1680563
        ]
      },
      "properties": {
        "name": "Nelson Early",
        "address": "rms 650 E Bryant",
        "occupation_role": "porter",
        "employer": "",
        "spouse_name": "",
        "alphabetical_range": "NEL",
        "canvas_fragment": "https://digitalcollections.tulsalibrary.org/iiif/2/p15020coll12:2857/manifest.json/canvas/198#xywh=140,962,240,36"
      }
    },
    {
      "type": "Feature",
      "geometry": {
        "type": "Point",
        "coordinates": [
          -95.9905294,
          36.1629505
        ]
      },
      "properties": {
        "name": "Nelson Frank",
        "address": "rms 527 N Elgin av",
        "occupation_role": "lab",
        "employer": "",
        "spouse_name": "Lonnie",
        "alphabetical_range": "NEL",
        "canvas_fragment": "https://digitalcollections.tulsalibrary.org/iiif/2/p15020coll12:2857/manifest.json/canvas/198#xywh=145,1356,239,37"
      }
    },
    {
      "type": "Feature",
      "geometry": {
        "type": "Point",
        "coordinates": [
          -95.9909787,
          36.1626477
        ]
      },
      "properties": {
        "name": "Nelson Thomas",
        "address": "r 510 N Elgin av",
        "occupation_role": "lab",
        "employer": "",
        "spouse_name": "Birdie",
        "alphabetical_range": "NEL",
        "canvas_fragment": "https://digitalcollections.tulsalibrary.org/iiif/2/p15020coll12:2857/manifest.json/canvas/198#xywh=388,1148,240,23"
      }
    },
    {
      "type": "Feature",
      "geometry": {
        "type": "Point",
        "coordinates": [
          -95.9867039,
          36.1692526
        ]
      },
      "properties": {
        "name": "Newman Andrew J",
        "address": "r 621 Williams",
        "occupation_role": "lab",
        "employer": "",
        "spouse_name": "Susie",
        "alphabetical_range": "NEW",
        "canvas_fragment": "https://digitalcollections.tulsalibrary.org/iiif/2/p15020coll12:2857/manifest.json/canvas/199#xywh=154,565,240,38"
      }
    },
    {
      "type": "Feature",
      "geometry": {
        "type": "Point",
        "coordinates": [
          -95.9862817,
          36.161581
        ]
      },
      "properties": {
        "name": "Newman Martha",
        "address": "r 321 N Greenwood av",
        "occupation_role": "restaurant",
        "employer": "Newman & Howard",
        "spouse_name": "",
        "alphabetical_range": "NEW",
        "canvas_fragment": "https://digitalcollections.tulsalibrary.org/iiif/2/p15020coll12:2857/manifest.json/canvas/199#xywh=188,194,34,17"
      }
    },
    {
      "type": "Feature",
      "geometry": {
        "type": "Point",
        "coordinates": [
          -95.9862817,
          36.161581
        ]
      },
      "properties": {
        "name": "NEWMAN & HOWARD",
        "address": "321 N Greenwood av",
        "occupation_role": "restaurant",
        "employer": "",
        "spouse_name": "",
        "alphabetical_range": "NEW",
        "canvas_fragment": "https://digitalcollections.tulsalibrary.org/iiif/2/p15020coll12:2857/manifest.json/canvas/199#xywh=173,1098,74,17"
      }
    },
    {
      "type": "Feature",
      "geometry": {
        "type": "Point",
        "coordinates": [
          -95.986799,
          36.1692523
        ]
      },
      "properties": {
        "name": "Oats Larney",
        "address": "rms 129 1/2 N Greenwood av",
        "occupation_role": "shoe shiner",
        "employer": "",
        "spouse_name": "",
        "alphabetical_range": "NOR",
        "canvas_fragment": "https://digitalcollections.tulsalibrary.org/iiif/2/p15020coll12:2857/manifest.json/canvas/201#xywh=553,1381,75,20"
      }
    },
    {
      "type": "Feature",
      "geometry": {
        "type": "Point",
        "coordinates": [
          -95.9865779,
          36.1605002
        ]
      },
      "properties": {
        "name": "O'bannon James",
        "address": "r 124 N Greenwood av",
        "occupation_role": "elev opr",
        "employer": "Kennedy bldg",
        "spouse_name": "",
        "alphabetical_range": "NOR",
        "canvas_fragment": "https://digitalcollections.tulsalibrary.org/iiif/2/p15020coll12:2857/manifest.json/canvas/201#xywh=389,1451,239,19"
      }
    },
    {
      "type": "Feature",
      "geometry": {
        "type": "Point",
        "coordinates": [
          -95.9863652,
          36.1629705
        ]
      },
      "properties": {
        "name": "Odd Fellows Hall",
        "address": "501 N Greenwood av",
        "occupation_role": "",
        "employer": "",
        "spouse_name": "",
        "alphabetical_range": "OBE",
        "canvas_fragment": "https://digitalcollections.tulsalibrary.org/iiif/2/p15020coll12:2857/manifest.json/canvas/201#xywh=932,1479,247,22"
      }
    },
    {
      "type": "Feature",
      "geometry": {
        "type": "Point",
        "coordinates": [
          -95.9856904,
          36.1629709
        ]
      },
      "properties": {
        "name": "Ouen Earl Z",
        "address": "r 503 Greenwood av",
        "occupation_role": "porter",
        "employer": "",
        "spouse_name": "",
        "alphabetical_range": "ODE",
        "canvas_fragment": "https://digitalcollections.tulsalibrary.org/iiif/2/p15020coll12:2857/manifest.json/canvas/202#xywh=133,200,490,48"
      }
    },
    {
      "type": "Feature",
      "geometry": {
        "type": "Point",
        "coordinates": [
          -95.9830852,
          36.171727
        ]
      },
      "properties": {
        "name": "Ogan Elmer",
        "address": "b 1255 Pocahontas",
        "occupation_role": "",
        "employer": "",
        "spouse_name": "",
        "alphabetical_range": "ODE",
        "canvas_fragment": "https://digitalcollections.tulsalibrary.org/iiif/2/p15020coll12:2857/manifest.json/canvas/202#xywh=131,1008,243,21"
      }
    },
    {
      "type": "Feature",
      "geometry": {
        "type": "Point",
        "coordinates": [
          -95.9830852,
          36.171727
        ]
      },
      "properties": {
        "name": "Ogan Frank",
        "address": "r 1255 Pocahontas",
        "occupation_role": "lab",
        "employer": "",
        "spouse_name": "Milandy",
        "alphabetical_range": "ODE",
        "canvas_fragment": "https://digitalcollections.tulsalibrary.org/iiif/2/p15020coll12:2857/manifest.json/canvas/202#xywh=131,1029,243,19"
      }
    },
    {
      "type": "Feature",
      "geometry": {
        "type": "Point",
        "coordinates": [
          -95.986799,
          36.1692523
        ]
      },
      "properties": {
        "name": "Oklahoma Sun",
        "address": "101 1/2 N Greenwood av",
        "occupation_role": "Theodore Baughman editor and mngr",
        "employer": "",
        "spouse_name": "",
        "alphabetical_range": "OKL",
        "canvas_fragment": "https://digitalcollections.tulsalibrary.org/iiif/2/p15020coll12:2857/manifest.json/canvas/202#xywh=929,1216,249,22"
      }
    },
    {
      "type": "Feature",
      "geometry": {
        "type": "Point",
        "coordinates": [
          -95.9897398,
          36.1614372
        ]
      },
      "properties": {
        "name": "Oliver Hattie",
        "address": "rms 322 N Elgin av",
        "occupation_role": "maid",
        "employer": "",
        "spouse_name": "",
        "alphabetical_range": "OLS",
        "canvas_fragment": "https://digitalcollections.tulsalibrary.org/iiif/2/p15020coll12:2857/manifest.json/canvas/203#xywh=376,469,244,21"
      }
    },
    {
      "type": "Feature",
      "geometry": {
        "type": "Point",
        "coordinates": [
          -95.9897398,
          36.1614372
        ]
      },
      "properties": {
        "name": "Oliver Henrietta",
        "address": "rms 322 N Elgin av",
        "occupation_role": "",
        "employer": "",
        "spouse_name": "",
        "alphabetical_range": "OLS",
        "canvas_fragment": "https://digitalcollections.tulsalibrary.org/iiif/2/p15020coll12:2857/manifest.json/canvas/203#xywh=375,500,245,28"
      }
    },
    {
      "type": "Feature",
      "geometry": {
        "type": "Point",
        "coordinates": [
          -95.9806829,
          36.1726528
        ]
      },
      "properties": {
        "name": "Omphrey Arthur",
        "address": "b 1217 N Lansing",
        "occupation_role": "",
        "employer": "",
        "spouse_name": "",
        "alphabetical_range": "OLS",
        "canvas_fragment": "https://digitalcollections.tulsalibrary.org/iiif/2/p15020coll12:2857/manifest.json/canvas/203#xywh=678,540,246,35"
      }
    },
    {
      "type": "Feature",
      "geometry": {
        "type": "Point",
        "coordinates": [
          -95.9806829,
          36.1726528
        ]
      },
      "properties": {
        "name": "Omphrey David",
        "address": "r 1217 N Lansing av",
        "occupation_role": "lab",
        "employer": "",
        "spouse_name": "Hattie",
        "alphabetical_range": "OLS",
        "canvas_fragment": "https://digitalcollections.tulsalibrary.org/iiif/2/p15020coll12:2857/manifest.json/canvas/203#xywh=678,575,247,36"
      }
    },
    {
      "type": "Feature",
      "geometry": {
        "type": "Point",
        "coordinates": [
          -95.9890288,
          36.1595432
        ]
      },
      "properties": {
        "name": "O'Neal Reuben",
        "address": "r 120 N Elgin av",
        "occupation_role": "restaurant",
        "employer": "",
        "spouse_name": "Lillie",
        "alphabetical_range": "OLS",
        "canvas_fragment": "https://digitalcollections.tulsalibrary.org/iiif/2/p15020coll12:2857/manifest.json/canvas/203#xywh=679,732,248,33"
      }
    },
    {
      "type": "Feature",
      "geometry": {
        "type": "Point",
        "coordinates": [
          -95.9860778,
          36.160195
        ]
      },
      "properties": {
        "name": "Oquawka Billiard Parlor",
        "address": "117 N Greenwood av",
        "occupation_role": "Thomas R Gentry, Morris H. Neely, Hosea O Vaden",
        "employer": "",
        "spouse_name": "",
        "alphabetical_range": "ORM",
        "canvas_fragment": "https://digitalcollections.tulsalibrary.org/iiif/2/p15020coll12:2857/manifest.json/canvas/203#xywh=932,313,249,22"
      }
    },
    {
      "type": "Feature",
      "geometry": {
        "type": "Point",
        "coordinates": [
          -95.9864721,
          36.1683304
        ]
      },
      "properties": {
        "name": "Overton Charles",
        "address": "r 643 Bryant",
        "occupation_role": "",
        "employer": "",
        "spouse_name": "Anna",
        "alphabetical_range": "OWE",
        "canvas_fragment": "https://digitalcollections.tulsalibrary.org/iiif/2/p15020coll12:2857/manifest.json/canvas/204#xywh=675,1344,76,16"
      }
    },
    {
      "type": "Feature",
      "geometry": {
        "type": "Point",
        "coordinates": [
          -95.9863822,
          36.1633047
        ]
      },
      "properties": {
        "name": "Owens Forrest",
        "address": "b 605 N Greenwood av",
        "occupation_role": "porter",
        "employer": "",
        "spouse_name": "",
        "alphabetical_range": "OWE",
        "canvas_fragment": "https://digitalcollections.tulsalibrary.org/iiif/2/p15020coll12:2857/manifest.json/canvas/205#xywh=118,1351,261,16"
      }
    },
    {
      "type": "Feature",
      "geometry": {
        "type": "Point",
        "coordinates": [
          -95.9897398,
          36.1614372
        ]
      },
      "properties": {
        "name": "Owens Lawrence W",
        "address": "rms 322 N Elgin av",
        "occupation_role": "waiter",
        "employer": "",
        "spouse_name": "Ella",
        "alphabetical_range": "OWE",
        "canvas_fragment": "https://digitalcollections.tulsalibrary.org/iiif/2/p15020coll12:2857/manifest.json/canvas/205#xywh=389,256,250,51"
      }
    },
    {
      "type": "Feature",
      "geometry": {
        "type": "Point",
        "coordinates": [
          -95.9897398,
          36.1614372
        ]
      },
      "properties": {
        "name": "Owens Lloyd N",
        "address": "r 322 N Elgin av",
        "occupation_role": "captain",
        "employer": "Hotel Tulsa",
        "spouse_name": "Myrtle",
        "alphabetical_range": "OWE",
        "canvas_fragment": "https://digitalcollections.tulsalibrary.org/iiif/2/p15020coll12:2857/manifest.json/canvas/205#xywh=388,327,252,29"
      }
    },
    {
      "type": "Feature",
      "geometry": {
        "type": "Point",
        "coordinates": [
          -95.9877033,
          36.1683247
        ]
      },
      "properties": {
        "name": "Paine Mrs Elizabeth",
        "address": "b 527 Bryant",
        "occupation_role": "",
        "employer": "",
        "spouse_name": "",
        "alphabetical_range": "PAC",
        "canvas_fragment": "https://digitalcollections.tulsalibrary.org/iiif/2/p15020coll12:2857/manifest.json/canvas/205#xywh=924,532,255,24"
      }
    },
    {
      "type": "Feature",
      "geometry": {
        "type": "Point",
        "coordinates": [
          -95.989694,
          36.1613468
        ]
      },
      "properties": {
        "name": "Palmer Robert",
        "address": "rms 310 N Elgin av",
        "occupation_role": "porter",
        "employer": "",
        "spouse_name": "",
        "alphabetical_range": "PAL",
        "canvas_fragment": "https://digitalcollections.tulsalibrary.org/iiif/2/p15020coll12:2857/manifest.json/canvas/206#xywh=442,673,157,24"
      }
    },
    {
      "type": "Feature",
      "geometry": {
        "type": "Point",
        "coordinates": [
          -95.9869845,
          36.1647849
        ]
      },
      "properties": {
        "name": "Palmer Wm",
        "address": "rms 716 N Greenwood av",
        "occupation_role": "porter",
        "employer": "",
        "spouse_name": "",
        "alphabetical_range": "PAL",
        "canvas_fragment": "https://digitalcollections.tulsalibrary.org/iiif/2/p15020coll12:2857/manifest.json/canvas/206#xywh=164,1207,194,16"
      }
    },
    {
      "type": "Feature",
      "geometry": {
        "type": "Point",
        "coordinates": [
          -95.986799,
          36.1692523
        ]
      },
      "properties": {
        "name": "Panky Jackson",
        "address": "b 813 E Fairview",
        "occupation_role": "lab",
        "employer": "",
        "spouse_name": "",
        "alphabetical_range": "PAR",
        "canvas_fragment": "https://digitalcollections.tulsalibrary.org/iiif/2/p15020coll12:2857/manifest.json/canvas/206#xywh=432,237,217,36"
      }
    },
    {
      "type": "Feature",
      "geometry": {
        "type": "Point",
        "coordinates": [
          -95.986799,
          36.1692523
        ]
      },
      "properties": {
        "name": "Panky Malchid",
        "address": "b 813 E Fairview",
        "occupation_role": "cementer",
        "employer": "",
        "spouse_name": "Alice",
        "alphabetical_range": "PAR",
        "canvas_fragment": "https://digitalcollections.tulsalibrary.org/iiif/2/p15020coll12:2857/manifest.json/canvas/206#xywh=431,277,218,37"
      }
    },
    {
      "type": "Feature",
      "geometry": {
        "type": "Point",
        "coordinates": [
          -95.9866007,
          36.1619345
        ]
      },
      "properties": {
        "name": "Parker Anderson",
        "address": "r 318 N Greenwood av",
        "occupation_role": "lab",
        "employer": "",
        "spouse_name": "Louisa",
        "alphabetical_range": "PAR",
        "canvas_fragment": "https://digitalcollections.tulsalibrary.org/iiif/2/p15020coll12:2857/manifest.json/canvas/206#xywh=717,1442,226,18"
      }
    },
    {
      "type": "Feature",
      "geometry": {
        "type": "Point",
        "coordinates": [
          -95.986091,
          36.1602194
        ]
      },
      "properties": {
        "name": "Parker Robert",
        "address": "b 129 N Greenwood av",
        "occupation_role": "shiner",
        "employer": "Louis Kerbel",
        "spouse_name": "",
        "alphabetical_range": "PAR",
        "canvas_fragment": "https://digitalcollections.tulsalibrary.org/iiif/2/p15020coll12:2857/manifest.json/canvas/207#xywh=154,744,262,20"
      }
    },
    {
      "type": "Feature",
      "geometry": {
        "type": "Point",
        "coordinates": [
          -95.986799,
          36.1692523
        ]
      },
      "properties": {
        "name": "Parker Robert",
        "address": "rms 129 1/2 N Greenwood av",
        "occupation_role": "",
        "employer": "",
        "spouse_name": "",
        "alphabetical_range": "PAR",
        "canvas_fragment": "https://digitalcollections.tulsalibrary.org/iiif/2/p15020coll12:2857/manifest.json/canvas/207#xywh=155,815,260,20"
      }
    },
    {
      "type": "Feature",
      "geometry": {
        "type": "Point",
        "coordinates": [
          -95.9862787,
          36.1614439
        ]
      },
      "properties": {
        "name": "Parks Jesse",
        "address": "rms 307 N Greenwood av",
        "occupation_role": "shoe shiner",
        "employer": "N B Anderson",
        "spouse_name": "",
        "alphabetical_range": "PAR",
        "canvas_fragment": "https://digitalcollections.tulsalibrary.org/iiif/2/p15020coll12:2857/manifest.json/canvas/207#xywh=423,879,226,47"
      }
    },
    {
      "type": "Feature",
      "geometry": {
        "type": "Point",
        "coordinates": [
          -95.9873667,
          36.1630683
        ]
      },
      "properties": {
        "name": "Patout Henry",
        "address": "rms 506 N Greenwood av",
        "occupation_role": "lab",
        "employer": "",
        "spouse_name": "Hesther",
        "alphabetical_range": "PAT",
        "canvas_fragment": "https://digitalcollections.tulsalibrary.org/iiif/2/p15020coll12:2857/manifest.json/canvas/207#xywh=1200,1281,11,49"
      }
    },
    {
      "type": "Feature",
      "geometry": {
        "type": "Point",
        "coordinates": [
          -95.9860803,
          36.1701812
        ]
      },
      "properties": {
        "name": "Patterson Dock",
        "address": "r 632 E Booker",
        "occupation_role": "janitor",
        "employer": "201 E 1st",
        "spouse_name": "Rosa",
        "alphabetical_range": "PAT",
        "canvas_fragment": "https://digitalcollections.tulsalibrary.org/iiif/2/p15020coll12:2857/manifest.json/canvas/208#xywh=129,492,255,21"
      }
    },
    {
      "type": "Feature",
      "geometry": {
        "type": "Point",
        "coordinates": [
          -95.986799,
          36.1692523
        ]
      },
      "properties": {
        "name": "Patterson Mrs Edith",
        "address": "r 802 E Fairview",
        "occupation_role": "",
        "employer": "",
        "spouse_name": "",
        "alphabetical_range": "PAT",
        "canvas_fragment": "https://digitalcollections.tulsalibrary.org/iiif/2/p15020coll12:2857/manifest.json/canvas/208#xywh=128,529,255,16"
      }
    },
    {
      "type": "Feature",
      "geometry": {
        "type": "Point",
        "coordinates": [
          -95.9869989,
          36.1597621
        ]
      },
      "properties": {
        "name": "Patterson Homer",
        "address": "rms 501 E Archer",
        "occupation_role": "hsman",
        "employer": "Hotel Tulsa",
        "spouse_name": "Bertha",
        "alphabetical_range": "PAT",
        "canvas_fragment": "https://digitalcollections.tulsalibrary.org/iiif/2/p15020coll12:2857/manifest.json/canvas/208#xywh=126,1002,255,20"
      }
    },
    {
      "type": "Feature",
      "geometry": {
        "type": "Point",
        "coordinates": [
          -95.9869989,
          36.1597621
        ]
      },
      "properties": {
        "name": "Patterson Le Roy",
        "address": "rms 501 E Archer",
        "occupation_role": "lab",
        "employer": "",
        "spouse_name": "",
        "alphabetical_range": "PAT",
        "canvas_fragment": "https://digitalcollections.tulsalibrary.org/iiif/2/p15020coll12:2857/manifest.json/canvas/208#xywh=124,1340,255,19"
      }
    },
    {
      "type": "Feature",
      "geometry": {
        "type": "Point",
        "coordinates": [
          -95.9902873,
          36.1624858
        ]
      },
      "properties": {
        "name": "Patton Wade F",
        "address": "rms 424 N Elgin",
        "occupation_role": "porter",
        "employer": "",
        "spouse_name": "Jessie",
        "alphabetical_range": "PAT",
        "canvas_fragment": "https://digitalcollections.tulsalibrary.org/iiif/2/p15020coll12:2857/manifest.json/canvas/208#xywh=693,615,226,22"
      }
    },
    {
      "type": "Feature",
      "geometry": {
        "type": "Point",
        "coordinates": [
          -95.9877033,
          36.1683247
        ]
      },
      "properties": {
        "name": "Payne Edward",
        "address": "rms 527 W Bryant",
        "occupation_role": "porter",
        "employer": "",
        "spouse_name": "",
        "alphabetical_range": "PAY",
        "canvas_fragment": "https://digitalcollections.tulsalibrary.org/iiif/2/p15020coll12:2857/manifest.json/canvas/208#xywh=924,533,241,39"
      }
    },
    {
      "type": "Feature",
      "geometry": {
        "type": "Point",
        "coordinates": [
          -95.9877033,
          36.1683247
        ]
      },
      "properties": {
        "name": "Payne Elizabeth",
        "address": "b 529 E Bryant",
        "occupation_role": "dom",
        "employer": "",
        "spouse_name": "",
        "alphabetical_range": "PAY",
        "canvas_fragment": "https://digitalcollections.tulsalibrary.org/iiif/2/p15020coll12:2857/manifest.json/canvas/208#xywh=924,569,240,18"
      }
    },
    {
      "type": "Feature",
      "geometry": {
        "type": "Point",
        "coordinates": [
          -95.9877033,
          36.1683247
        ]
      },
      "properties": {
        "name": "Payne Elijah",
        "address": "r 529 Bryant",
        "occupation_role": "lab",
        "employer": "",
        "spouse_name": "Flossie",
        "alphabetical_range": "PAY",
        "canvas_fragment": "https://digitalcollections.tulsalibrary.org/iiif/2/p15020coll12:2857/manifest.json/canvas/208#xywh=925,645,239,17"
      }
    },
    {
      "type": "Feature",
      "geometry": {
        "type": "Point",
        "coordinates": [
          -95.9877033,
          36.1683247
        ]
      },
      "properties": {
        "name": "Payne Zona",
        "address": "b 529 E Bryant",
        "occupation_role": "dom",
        "employer": "",
        "spouse_name": "",
        "alphabetical_range": "PAY",
        "canvas_fragment": "https://digitalcollections.tulsalibrary.org/iiif/2/p15020coll12:2857/manifest.json/canvas/208#xywh=927,1631,238,17"
      }
    },
    {
      "type": "Feature",
      "geometry": {
        "type": "Point",
        "coordinates": [
          -95.9866404,
          36.1683289
        ]
      },
      "properties": {
        "name": "Peet Lem",
        "address": "r 621 Bryant",
        "occupation_role": "",
        "employer": "",
        "spouse_name": "",
        "alphabetical_range": "PED",
        "canvas_fragment": "https://digitalcollections.tulsalibrary.org/iiif/2/p15020coll12:2857/manifest.json/canvas/209#xywh=718,837,160,32"
      }
    },
    {
      "type": "Feature",
      "geometry": {
        "type": "Point",
        "coordinates": [
          -95.9919743,
          36.1630218
        ]
      },
      "properties": {
        "name": "Pembrook Carrie",
        "address": "rms 521 N Detroit av",
        "occupation_role": "tchr",
        "employer": "",
        "spouse_name": "",
        "alphabetical_range": "PED",
        "canvas_fragment": "https://digitalcollections.tulsalibrary.org/iiif/2/p15020coll12:2857/manifest.json/canvas/209#xywh=723,1427,225,27"
      }
    },
    {
      "type": "Feature",
      "geometry": {
        "type": "Point",
        "coordinates": [
          -95.986799,
          36.1692523
        ]
      },
      "properties": {
        "name": "Perry Dallas",
        "address": "r 809 E Fairview",
        "occupation_role": "lab",
        "employer": "",
        "spouse_name": "Mattie",
        "alphabetical_range": "PES",
        "canvas_fragment": "https://digitalcollections.tulsalibrary.org/iiif/2/p15020coll12:2857/manifest.json/canvas/210#xywh=705,337,225,43"
      }
    },
    {
      "type": "Feature",
      "geometry": {
        "type": "Point",
        "coordinates": [
          -95.986799,
          36.1692523
        ]
      },
      "properties": {
        "name": "Perry Fred",
        "address": "b 809 E Fairview av",
        "occupation_role": "lab",
        "employer": "",
        "spouse_name": "",
        "alphabetical_range": "PES",
        "canvas_fragment": "https://digitalcollections.tulsalibrary.org/iiif/2/p15020coll12:2857/manifest.json/canvas/210#xywh=705,660,226,37"
      }
    },
    {
      "type": "Feature",
      "geometry": {
        "type": "Point",
        "coordinates": [
          -95.9865956,
          36.1622269
        ]
      },
      "properties": {
        "name": "Person Carrie",
        "address": "rms 415 N Greenwood av",
        "occupation_role": "tchr",
        "employer": "Booker T Washn School",
        "spouse_name": "",
        "alphabetical_range": "PES",
        "canvas_fragment": "https://digitalcollections.tulsalibrary.org/iiif/2/p15020coll12:2857/manifest.json/canvas/210#xywh=952,1246,215,21"
      }
    },
    {
      "type": "Feature",
      "geometry": {
        "type": "Point",
        "coordinates": [
          -95.9865948,
          36.162245
        ]
      },
      "properties": {
        "name": "Person Hanson A",
        "address": "r 417 N Greenwood av",
        "occupation_role": "clk",
        "employer": "",
        "spouse_name": "Carrie",
        "alphabetical_range": "PES",
        "canvas_fragment": "https://digitalcollections.tulsalibrary.org/iiif/2/p15020coll12:2857/manifest.json/canvas/210#xywh=941,1324,225,19"
      }
    },
    {
      "type": "Feature",
      "geometry": {
        "type": "Point",
        "coordinates": [
          -95.9919789,
          36.1630314
        ]
      },
      "properties": {
        "name": "Petties Ira",
        "address": "rms 523 N Detroit av",
        "occupation_role": "waiter",
        "employer": "",
        "spouse_name": "",
        "alphabetical_range": "PET",
        "canvas_fragment": "https://digitalcollections.tulsalibrary.org/iiif/2/p15020coll12:2857/manifest.json/canvas/211#xywh=722,1126,227,20"
      }
    },
    {
      "type": "Feature",
      "geometry": {
        "type": "Point",
        "coordinates": [
          -95.9912193,
          36.1618222
        ]
      },
      "properties": {
        "name": "Peviehouse E Mildred",
        "address": "b 401 N Detroit av",
        "occupation_role": "",
        "employer": "",
        "spouse_name": "",
        "alphabetical_range": "PET",
        "canvas_fragment": "https://digitalcollections.tulsalibrary.org/iiif/2/p15020coll12:2857/manifest.json/canvas/211#xywh=960,434,207,18"
      }
    },
    {
      "type": "Feature",
      "geometry": {
        "type": "Point",
        "coordinates": [
          -95.9869845,
          36.1647849
        ]
      },
      "properties": {
        "name": "Phillips Alfred L",
        "address": "r 716 N Greenwood av",
        "occupation_role": "",
        "employer": "",
        "spouse_name": "Kathleen",
        "alphabetical_range": "PHI",
        "canvas_fragment": "https://digitalcollections.tulsalibrary.org/iiif/2/p15020coll12:2857/manifest.json/canvas/212#xywh=139,562,255,23"
      }
    },
    {
      "type": "Feature",
      "geometry": {
        "type": "Point",
        "coordinates": [
          -95.986799,
          36.1692523
        ]
      },
      "properties": {
        "name": "Phillips Mrs Geneva",
        "address": "b 802 E Fairview",
        "occupation_role": "",
        "employer": "",
        "spouse_name": "",
        "alphabetical_range": "PHI",
        "canvas_fragment": "https://digitalcollections.tulsalibrary.org/iiif/2/p15020coll12:2857/manifest.json/canvas/212#xywh=140,793,252,20"
      }
    },
    {
      "type": "Feature",
      "geometry": {
        "type": "Point",
        "coordinates": [
          -95.9897054,
          36.1613692
        ]
      },
      "properties": {
        "name": "Phillips Virgil",
        "address": "rms 307 N Elgin av",
        "occupation_role": "porter",
        "employer": "",
        "spouse_name": "",
        "alphabetical_range": "PHI",
        "canvas_fragment": "https://digitalcollections.tulsalibrary.org/iiif/2/p15020coll12:2857/manifest.json/canvas/212#xywh=401,1539,248,21"
      }
    },
    {
      "type": "Feature",
      "geometry": {
        "type": "Point",
        "coordinates": [
          -95.9811755,
          36.1720726
        ]
      },
      "properties": {
        "name": "Pierce John W",
        "address": "r 1208 N Lansing av",
        "occupation_role": "porter",
        "employer": "",
        "spouse_name": "Harriet",
        "alphabetical_range": "PIE",
        "canvas_fragment": "https://digitalcollections.tulsalibrary.org/iiif/2/p15020coll12:2857/manifest.json/canvas/213#xywh=325,658,70,20"
      }
    },
    {
      "type": "Feature",
      "geometry": {
        "type": "Point",
        "coordinates": [
          -95.9919789,
          36.1630314
        ]
      },
      "properties": {
        "name": "Pimbrook Carrie",
        "address": "rms 523 N Detroit",
        "occupation_role": "tchr",
        "employer": "Booker Washn School",
        "spouse_name": "",
        "alphabetical_range": "PIE",
        "canvas_fragment": "https://digitalcollections.tulsalibrary.org/iiif/2/p15020coll12:2857/manifest.json/canvas/213#xywh=411,1577,238,26"
      }
    },
    {
      "type": "Feature",
      "geometry": {
        "type": "Point",
        "coordinates": [
          -95.9806805,
          36.1728241
        ]
      },
      "properties": {
        "name": "Pitts Charles",
        "address": "r 1221 N Lansing av",
        "occupation_role": "clk",
        "employer": "",
        "spouse_name": "Hazel",
        "alphabetical_range": "PLA",
        "canvas_fragment": "https://digitalcollections.tulsalibrary.org/iiif/2/p15020coll12:2857/manifest.json/canvas/213#xywh=941,1054,227,25"
      }
    },
    {
      "type": "Feature",
      "geometry": {
        "type": "Point",
        "coordinates": [
          -95.9806851,
          36.1735006
        ]
      },
      "properties": {
        "name": "Pitts Charles",
        "address": "b 1243 N Lansing av",
        "occupation_role": "lab",
        "employer": "",
        "spouse_name": "",
        "alphabetical_range": "PLA",
        "canvas_fragment": "https://digitalcollections.tulsalibrary.org/iiif/2/p15020coll12:2857/manifest.json/canvas/213#xywh=942,1159,222,25"
      }
    },
    {
      "type": "Feature",
      "geometry": {
        "type": "Point",
        "coordinates": [
          -95.9806851,
          36.1735006
        ]
      },
      "properties": {
        "name": "Pitts Daniel W",
        "address": "r 1243 N Lansing av",
        "occupation_role": "tmstr",
        "employer": "",
        "spouse_name": "Carrie",
        "alphabetical_range": "PLA",
        "canvas_fragment": "https://digitalcollections.tulsalibrary.org/iiif/2/p15020coll12:2857/manifest.json/canvas/213#xywh=941,1127,229,18"
      }
    },
    {
      "type": "Feature",
      "geometry": {
        "type": "Point",
        "coordinates": [
          -95.9806851,
          36.1735006
        ]
      },
      "properties": {
        "name": "Pitts Elmer",
        "address": "b 1243 N Lansing av",
        "occupation_role": "",
        "employer": "",
        "spouse_name": "",
        "alphabetical_range": "PLA",
        "canvas_fragment": "https://digitalcollections.tulsalibrary.org/iiif/2/p15020coll12:2857/manifest.json/canvas/213"
      }
    },
    {
      "type": "Feature",
      "geometry": {
        "type": "Point",
        "coordinates": [
          -95.9806851,
          36.1735006
        ]
      },
      "properties": {
        "name": "Pitts Ruby",
        "address": "b 1243 N Lansing av",
        "occupation_role": "",
        "employer": "",
        "spouse_name": "",
        "alphabetical_range": "PLA",
        "canvas_fragment": "https://digitalcollections.tulsalibrary.org/iiif/2/p15020coll12:2857/manifest.json/canvas/213#xywh=945,1428,214,23"
      }
    },
    {
      "type": "Feature",
      "geometry": {
        "type": "Point",
        "coordinates": [
          -95.9865741,
          36.1610518
        ]
      },
      "properties": {
        "name": "Pity James",
        "address": "rms 205 N Greenwood av",
        "occupation_role": "lab",
        "employer": "Gcodner-Mitchell Co",
        "spouse_name": "",
        "alphabetical_range": "PLA",
        "canvas_fragment": "https://digitalcollections.tulsalibrary.org/iiif/2/p15020coll12:2857/manifest.json/canvas/213#xywh=943,1478,228,22"
      }
    },
    {
      "type": "Feature",
      "geometry": {
        "type": "Point",
        "coordinates": [
          -95.9865949,
          36.1614761
        ]
      },
      "properties": {
        "name": "Pointer Christopher C",
        "address": "r 306 N Greenwood av",
        "occupation_role": "washer",
        "employer": "Guaranty Ldry",
        "spouse_name": "Lyda",
        "alphabetical_range": "PLA",
        "canvas_fragment": "https://digitalcollections.tulsalibrary.org/iiif/2/p15020coll12:2857/manifest.json/canvas/214#xywh=414,1290,235,22"
      }
    },
    {
      "type": "Feature",
      "geometry": {
        "type": "Point",
        "coordinates": [
          -95.990113,
          36.1595195
        ]
      },
      "properties": {
        "name": "Polk Commodore",
        "address": "rms 201 N Detroit av",
        "occupation_role": "porter",
        "employer": "",
        "spouse_name": "Gertrude",
        "alphabetical_range": "POL",
        "canvas_fragment": "https://digitalcollections.tulsalibrary.org/iiif/2/p15020coll12:2857/manifest.json/canvas/214#xywh=689,377,227,69"
      }
    },
    {
      "type": "Feature",
      "geometry": {
        "type": "Point",
        "coordinates": [
          -95.9830852,
          36.171727
        ]
      },
      "properties": {
        "name": "Pollin May B",
        "address": "b 1228 Pocahontas",
        "occupation_role": "",
        "employer": "",
        "spouse_name": "",
        "alphabetical_range": "POL",
        "canvas_fragment": "https://digitalcollections.tulsalibrary.org/iiif/2/p15020coll12:2857/manifest.json/canvas/214#xywh=694,1106,222,30"
      }
    },
    {
      "type": "Feature",
      "geometry": {
        "type": "Point",
        "coordinates": [
          -95.991089,
          36.162859
        ]
      },
      "properties": {
        "name": "Pole Mrs Lena",
        "address": "rms 540 N Elgin av",
        "occupation_role": "maid",
        "employer": "",
        "spouse_name": "",
        "alphabetical_range": "POL",
        "canvas_fragment": "https://digitalcollections.tulsalibrary.org/iiif/2/p15020coll12:2857/manifest.json/canvas/214#xywh=924,627,235,17"
      }
    },
    {
      "type": "Feature",
      "geometry": {
        "type": "Point",
        "coordinates": [
          -95.9811882,
          36.1724467
        ]
      },
      "properties": {
        "name": "Potts James H",
        "address": "r 1220 N Lansing av",
        "occupation_role": "lab",
        "employer": "",
        "spouse_name": "Anna",
        "alphabetical_range": "POT",
        "canvas_fragment": "https://digitalcollections.tulsalibrary.org/iiif/2/p15020coll12:2857/manifest.json/canvas/215#xywh=718,862,220,21"
      }
    },
    {
      "type": "Feature",
      "geometry": {
        "type": "Point",
        "coordinates": [
          -95.986799,
          36.1692523
        ]
      },
      "properties": {
        "name": "Powell Claude",
        "address": "b 129 1/2 N Greenwood av",
        "occupation_role": "porter",
        "employer": "",
        "spouse_name": "",
        "alphabetical_range": "POW",
        "canvas_fragment": "https://digitalcollections.tulsalibrary.org/iiif/2/p15020coll12:2857/manifest.json/canvas/215#xywh=722,1580,223,29"
      }
    },
    {
      "type": "Feature",
      "geometry": {
        "type": "Point",
        "coordinates": [
          -95.9902407,
          36.1623964
        ]
      },
      "properties": {
        "name": "Powell Wm",
        "address": "rms 513 E Easton",
        "occupation_role": "lab",
        "employer": "",
        "spouse_name": "Marguerite",
        "alphabetical_range": "POW",
        "canvas_fragment": "https://digitalcollections.tulsalibrary.org/iiif/2/p15020coll12:2857/manifest.json/canvas/215#xywh=951,1506,223,25"
      }
    },
    {
      "type": "Feature",
      "geometry": {
        "type": "Point",
        "coordinates": [
          -95.9866001,
          36.1618411
        ]
      },
      "properties": {
        "name": "Price Carter E",
        "address": "rms 316 N Greenwood av",
        "occupation_role": "messr",
        "employer": "Hotel Tulsa",
        "spouse_name": "",
        "alphabetical_range": "PRI",
        "canvas_fragment": "https://digitalcollections.tulsalibrary.org/iiif/2/p15020coll12:2857/manifest.json/canvas/216#xywh=716,1591,220,20"
      }
    },
    {
      "type": "Feature",
      "geometry": {
        "type": "Point",
        "coordinates": [
          -95.9862922,
          36.1691234
        ]
      },
      "properties": {
        "name": "Progressive Baptist Church",
        "address": "1031 N Greenwood av",
        "occupation_role": "",
        "employer": "",
        "spouse_name": "",
        "alphabetical_range": "PUR",
        "canvas_fragment": "https://digitalcollections.tulsalibrary.org/iiif/2/p15020coll12:2857/manifest.json/canvas/217#xywh=711,481,221,40"
      }
    },
    {
      "type": "Feature",
      "geometry": {
        "type": "Point",
        "coordinates": [
          -95.9879493,
          36.1593885
        ]
      },
      "properties": {
        "name": "Public Library",
        "address": "429 E Archer",
        "occupation_role": "Mrs Cynthia Bankhead librarian",
        "employer": "",
        "spouse_name": "",
        "alphabetical_range": "PUR",
        "canvas_fragment": "https://digitalcollections.tulsalibrary.org/iiif/2/p15020coll12:2857/manifest.json/canvas/217#xywh=1189,840,68,24"
      }
    },
    {
      "type": "Feature",
      "geometry": {
        "type": "Point",
        "coordinates": [
          -95.9869397,
          36.1612453
        ]
      },
      "properties": {
        "name": "Ragsdale Mrs Lydia",
        "address": "r 513 E Cameron",
        "occupation_role": "",
        "employer": "",
        "spouse_name": "",
        "alphabetical_range": "RAI",
        "canvas_fragment": "https://digitalcollections.tulsalibrary.org/iiif/2/p15020coll12:2857/manifest.json/canvas/218#xywh=400,418,247,39"
      }
    },
    {
      "type": "Feature",
      "geometry": {
        "type": "Point",
        "coordinates": [
          -95.991089,
          36.162859
        ]
      },
      "properties": {
        "name": "Railey Letha",
        "address": "r 540 N Elgin av",
        "occupation_role": "",
        "employer": "",
        "spouse_name": "",
        "alphabetical_range": "RAI",
        "canvas_fragment": "https://digitalcollections.tulsalibrary.org/iiif/2/p15020coll12:2857/manifest.json/canvas/218#xywh=402,706,245,34"
      }
    },
    {
      "type": "Feature",
      "geometry": {
        "type": "Point",
        "coordinates": [
          -95.9869071,
          36.166022
        ]
      },
      "properties": {
        "name": "Ramsey Jesse L",
        "address": "r 814 N Greenwood av",
        "occupation_role": "porter",
        "employer": "",
        "spouse_name": "Mabel",
        "alphabetical_range": "RAN",
        "canvas_fragment": "https://digitalcollections.tulsalibrary.org/iiif/2/p15020coll12:2857/manifest.json/canvas/218#xywh=692,1450,220,18"
      }
    },
    {
      "type": "Feature",
      "geometry": {
        "type": "Point",
        "coordinates": [
          -95.9905217,
          36.1629358
        ]
      },
      "properties": {
        "name": "Randall Daniel",
        "address": "r 525 N Elgin av",
        "occupation_role": "lab",
        "employer": "",
        "spouse_name": "Lucy",
        "alphabetical_range": "RAN",
        "canvas_fragment": "https://digitalcollections.tulsalibrary.org/iiif/2/p15020coll12:2857/manifest.json/canvas/218#xywh=920,664,236,21"
      }
    },
    {
      "type": "Feature",
      "geometry": {
        "type": "Point",
        "coordinates": [
          -95.9910189,
          36.1627247
        ]
      },
      "properties": {
        "name": "Randall Niten",
        "address": "r 522 N Elgin av",
        "occupation_role": "porter",
        "employer": "",
        "spouse_name": "Mattie",
        "alphabetical_range": "RAN",
        "canvas_fragment": "https://digitalcollections.tulsalibrary.org/iiif/2/p15020coll12:2857/manifest.json/canvas/218#xywh=1160,476,50,52"
      }
    },
    {
      "type": "Feature",
      "geometry": {
        "type": "Point",
        "coordinates": [
          -95.9865939,
          36.1622638
        ]
      },
      "properties": {
        "name": "Randall Quillia",
        "address": "rms 421 N Greenwood av",
        "occupation_role": "",
        "employer": "",
        "spouse_name": "",
        "alphabetical_range": "RAN",
        "canvas_fragment": "https://digitalcollections.tulsalibrary.org/iiif/2/p15020coll12:2857/manifest.json/canvas/218#xywh=1171,1058,28,30"
      }
    },
    {
      "type": "Feature",
      "geometry": {
        "type": "Point",
        "coordinates": [
          -95.9910189,
          36.1627247
        ]
      },
      "properties": {
        "name": "Randall Waldena",
        "address": "b 522 N Elgin av",
        "occupation_role": "",
        "employer": "",
        "spouse_name": "",
        "alphabetical_range": "RAN",
        "canvas_fragment": "https://digitalcollections.tulsalibrary.org/iiif/2/p15020coll12:2857/manifest.json/canvas/218#xywh=1160,528,50,54"
      }
    },
    {
      "type": "Feature",
      "geometry": {
        "type": "Point",
        "coordinates": [
          -95.9898988,
          36.1591129
        ]
      },
      "properties": {
        "name": "Randals Henry",
        "address": "rms 123 N Detroit av",
        "occupation_role": "porter",
        "employer": "",
        "spouse_name": "Genevieve",
        "alphabetical_range": "RAN",
        "canvas_fragment": "https://digitalcollections.tulsalibrary.org/iiif/2/p15020coll12:2857/manifest.json/canvas/218#xywh=920,1181,236,16"
      }
    },
    {
      "type": "Feature",
      "geometry": {
        "type": "Point",
        "coordinates": [
          -95.9865939,
          36.1622638
        ]
      },
      "properties": {
        "name": "Randle Equella",
        "address": "b 421 N Greenwood av",
        "occupation_role": "",
        "employer": "",
        "spouse_name": "",
        "alphabetical_range": "RAN",
        "canvas_fragment": "https://digitalcollections.tulsalibrary.org/iiif/2/p15020coll12:2857/manifest.json/canvas/218#xywh=918,1307,238,19"
      }
    },
    {
      "type": "Feature",
      "geometry": {
        "type": "Point",
        "coordinates": [
          -95.9890192,
          36.1681589
        ]
      },
      "properties": {
        "name": "Rector Mrs Georgia A",
        "address": "r 910 N Ruth av",
        "occupation_role": "",
        "employer": "",
        "spouse_name": "",
        "alphabetical_range": "REA",
        "canvas_fragment": "https://digitalcollections.tulsalibrary.org/iiif/2/p15020coll12:2857/manifest.json/canvas/220#xywh=145,792,250,39"
      }
    },
    {
      "type": "Feature",
      "geometry": {
        "type": "Point",
        "coordinates": [
          -95.9873667,
          36.1630683
        ]
      },
      "properties": {
        "name": "Redor Usie",
        "address": "rms 506 N Greenwood av",
        "occupation_role": "maid",
        "employer": "",
        "spouse_name": "",
        "alphabetical_range": "REA",
        "canvas_fragment": "https://digitalcollections.tulsalibrary.org/iiif/2/p15020coll12:2857/manifest.json/canvas/220#xywh=405,1118,243,20"
      }
    },
    {
      "type": "Feature",
      "geometry": {
        "type": "Point",
        "coordinates": [
          -95.986799,
          36.1692523
        ]
      },
      "properties": {
        "name": "Red Wing Hotel",
        "address": "206 1/2 N Greenwood av",
        "occupation_role": "J T Presley propr",
        "employer": "",
        "spouse_name": "",
        "alphabetical_range": "REA",
        "canvas_fragment": "https://digitalcollections.tulsalibrary.org/iiif/2/p15020coll12:2857/manifest.json/canvas/220#xywh=405,1219,244,27"
      }
    },
    {
      "type": "Feature",
      "geometry": {
        "type": "Point",
        "coordinates": [
          -95.9902485,
          36.1624113
        ]
      },
      "properties": {
        "name": "Reed Cash",
        "address": "rms 404 N Elgin av",
        "occupation_role": "lab",
        "employer": "",
        "spouse_name": "",
        "alphabetical_range": "REE",
        "canvas_fragment": "https://digitalcollections.tulsalibrary.org/iiif/2/p15020coll12:2857/manifest.json/canvas/220#xywh=684,303,221,46"
      }
    },
    {
      "type": "Feature",
      "geometry": {
        "type": "Point",
        "coordinates": [
          -95.9899631,
          36.1629136
        ]
      },
      "properties": {
        "name": "Reed Julius",
        "address": "rms 420 E Easton",
        "occupation_role": "porter",
        "employer": "",
        "spouse_name": "",
        "alphabetical_range": "REE",
        "canvas_fragment": "https://digitalcollections.tulsalibrary.org/iiif/2/p15020coll12:2857/manifest.json/canvas/220#xywh=690,1322,219,30"
      }
    },
    {
      "type": "Feature",
      "geometry": {
        "type": "Point",
        "coordinates": [
          -95.986799,
          36.1692523
        ]
      },
      "properties": {
        "name": "Reed Marshall",
        "address": "r 804 E Fairview",
        "occupation_role": "cook",
        "employer": "",
        "spouse_name": "Dona",
        "alphabetical_range": "REE",
        "canvas_fragment": "https://digitalcollections.tulsalibrary.org/iiif/2/p15020coll12:2857/manifest.json/canvas/220#xywh=909,270,234,21"
      }
    },
    {
      "type": "Feature",
      "geometry": {
        "type": "Point",
        "coordinates": [
          -95.9874649,
          36.1690187
        ]
      },
      "properties": {
        "name": "Rhodes Mrs Vivian",
        "address": "b 536 Williams",
        "occupation_role": "",
        "employer": "",
        "spouse_name": "",
        "alphabetical_range": "RHO",
        "canvas_fragment": "https://digitalcollections.tulsalibrary.org/iiif/2/p15020coll12:2857/manifest.json/canvas/223#xywh=141,316,255,41"
      }
    },
    {
      "type": "Feature",
      "geometry": {
        "type": "Point",
        "coordinates": [
          -95.9865998,
          36.1621365
        ]
      },
      "properties": {
        "name": "Rice Mrs Delphie",
        "address": "r 405 N Greenwood",
        "occupation_role": "",
        "employer": "",
        "spouse_name": "",
        "alphabetical_range": "RHO",
        "canvas_fragment": "https://digitalcollections.tulsalibrary.org/iiif/2/p15020coll12:2857/manifest.json/canvas/223#xywh=143,932,256,34"
      }
    },
    {
      "type": "Feature",
      "geometry": {
        "type": "Point",
        "coordinates": [
          -95.9865596,
          36.1701825
        ]
      },
      "properties": {
        "name": "Rice Mrs Nettie",
        "address": "r 610 Booker",
        "occupation_role": "",
        "employer": "",
        "spouse_name": "",
        "alphabetical_range": "RHO",
        "canvas_fragment": "https://digitalcollections.tulsalibrary.org/iiif/2/p15020coll12:2857/manifest.json/canvas/223#xywh=142,1293,229,17"
      }
    },
    {
      "type": "Feature",
      "geometry": {
        "type": "Point",
        "coordinates": [
          -95.9830852,
          36.171727
        ]
      },
      "properties": {
        "name": "Richards Eliza",
        "address": "r 1223 Pocahontas",
        "occupation_role": "laundress",
        "employer": "",
        "spouse_name": "",
        "alphabetical_range": "RIC",
        "canvas_fragment": "https://digitalcollections.tulsalibrary.org/iiif/2/p15020coll12:2857/manifest.json/canvas/223#xywh=421,886,171,22"
      }
    },
    {
      "type": "Feature",
      "geometry": {
        "type": "Point",
        "coordinates": [
          -95.9904524,
          36.1628031
        ]
      },
      "properties": {
        "name": "Richardson Essie",
        "address": "r 507 N Elgin av",
        "occupation_role": "",
        "employer": "",
        "spouse_name": "",
        "alphabetical_range": "RIC",
        "canvas_fragment": "https://digitalcollections.tulsalibrary.org/iiif/2/p15020coll12:2857/manifest.json/canvas/223#xywh=709,855,225,29"
      }
    },
    {
      "type": "Feature",
      "geometry": {
        "type": "Point",
        "coordinates": [
          -95.9869989,
          36.1597621
        ]
      },
      "properties": {
        "name": "Richardson Wm",
        "address": "rms 501 E Archer",
        "occupation_role": "lab",
        "employer": "",
        "spouse_name": "",
        "alphabetical_range": "RIC",
        "canvas_fragment": "https://digitalcollections.tulsalibrary.org/iiif/2/p15020coll12:2857/manifest.json/canvas/223#xywh=939,770,228,19"
      }
    },
    {
      "type": "Feature",
      "geometry": {
        "type": "Point",
        "coordinates": [
          -95.9884618,
          36.1683296
        ]
      },
      "properties": {
        "name": "Richman Mrs Melissa",
        "address": "r 524 Bryant",
        "occupation_role": "",
        "employer": "",
        "spouse_name": "",
        "alphabetical_range": "RIC",
        "canvas_fragment": "https://digitalcollections.tulsalibrary.org/iiif/2/p15020coll12:2857/manifest.json/canvas/223#xywh=942,1367,227,17"
      }
    },
    {
      "type": "Feature",
      "geometry": {
        "type": "Point",
        "coordinates": [
          -95.9862572,
          36.1680615
        ]
      },
      "properties": {
        "name": "Ricketts Benjamin",
        "address": "r 903 N Greenwood av",
        "occupation_role": "restaurant",
        "employer": "",
        "spouse_name": "",
        "alphabetical_range": "RIC",
        "canvas_fragment": "https://digitalcollections.tulsalibrary.org/iiif/2/p15020coll12:2857/manifest.json/canvas/224#xywh=147,752,253,36"
      }
    },
    {
      "type": "Feature",
      "geometry": {
        "type": "Point",
        "coordinates": [
          -95.9860436,
          36.1683339
        ]
      },
      "properties": {
        "name": "Riggans John",
        "address": "r 840 E Bryant",
        "occupation_role": "lab",
        "employer": "",
        "spouse_name": "",
        "alphabetical_range": "RID",
        "canvas_fragment": "https://digitalcollections.tulsalibrary.org/iiif/2/p15020coll12:2857/manifest.json/canvas/224#xywh=721,875,222,26"
      }
    },
    {
      "type": "Feature",
      "geometry": {
        "type": "Point",
        "coordinates": [
          -95.9887619,
          36.1596004
        ]
      },
      "properties": {
        "name": "Riggin Herbert",
        "address": "r 116 N Elgin av",
        "occupation_role": "lab",
        "employer": "",
        "spouse_name": "Lee",
        "alphabetical_range": "RID",
        "canvas_fragment": "https://digitalcollections.tulsalibrary.org/iiif/2/p15020coll12:2857/manifest.json/canvas/224#xywh=720,893,223,27"
      }
    },
    {
      "type": "Feature",
      "geometry": {
        "type": "Point",
        "coordinates": [
          -95.9902407,
          36.1623964
        ]
      },
      "properties": {
        "name": "Riggs Homer",
        "address": "r 513 E Easton",
        "occupation_role": "lab",
        "employer": "",
        "spouse_name": "Annie",
        "alphabetical_range": "RID",
        "canvas_fragment": "https://digitalcollections.tulsalibrary.org/iiif/2/p15020coll12:2857/manifest.json/canvas/224#xywh=721,1110,224,20"
      }
    },
    {
      "type": "Feature",
      "geometry": {
        "type": "Point",
        "coordinates": [
          -95.9902795,
          36.1624709
        ]
      },
      "properties": {
        "name": "Riley John",
        "address": "rms 420 N Elgin av",
        "occupation_role": "janitor",
        "employer": "Oil Well Sup Co",
        "spouse_name": "Minnie",
        "alphabetical_range": "RIN",
        "canvas_fragment": "https://digitalcollections.tulsalibrary.org/iiif/2/p15020coll12:2857/manifest.json/canvas/224#xywh=950,1162,224,19"
      }
    },
    {
      "type": "Feature",
      "geometry": {
        "type": "Point",
        "coordinates": [
          -95.9899631,
          36.1629136
        ]
      },
      "properties": {
        "name": "Roberts Brooks",
        "address": "rms 420 E Easton",
        "occupation_role": "porter",
        "employer": "",
        "spouse_name": "",
        "alphabetical_range": "ROB",
        "canvas_fragment": "https://digitalcollections.tulsalibrary.org/iiif/2/p15020coll12:2857/manifest.json/canvas/225#xywh=708,1409,217,21"
      }
    },
    {
      "type": "Feature",
      "geometry": {
        "type": "Point",
        "coordinates": [
          -95.9873667,
          36.1630683
        ]
      },
      "properties": {
        "name": "Russel Alberta",
        "address": "b 506 N Greenwood av",
        "occupation_role": "maid",
        "employer": "",
        "spouse_name": "",
        "alphabetical_range": "RUS",
        "canvas_fragment": "https://digitalcollections.tulsalibrary.org/iiif/2/p15020coll12:2857/manifest.json/canvas/226#xywh=154,1470,248,22"
      }
    },
    {
      "type": "Feature",
      "geometry": {
        "type": "Point",
        "coordinates": [
          -95.9873667,
          36.1630683
        ]
      },
      "properties": {
        "name": "Russell Carl",
        "address": "b 506 N Greenwood av",
        "occupation_role": "lab",
        "employer": "",
        "spouse_name": "",
        "alphabetical_range": "RUS",
        "canvas_fragment": "https://digitalcollections.tulsalibrary.org/iiif/2/p15020coll12:2857/manifest.json/canvas/226#xywh=152,1613,252,23"
      }
    },
    {
      "type": "Feature",
      "geometry": {
        "type": "Point",
        "coordinates": [
          -95.9873667,
          36.1630683
        ]
      },
      "properties": {
        "name": "Russell Charles H",
        "address": "b 506 N Greenwood av",
        "occupation_role": "porter",
        "employer": "Smith Motor Co",
        "spouse_name": "",
        "alphabetical_range": "RUS",
        "canvas_fragment": "https://digitalcollections.tulsalibrary.org/iiif/2/p15020coll12:2857/manifest.json/canvas/226#xywh=408,224,132,20"
      }
    },
    {
      "type": "Feature",
      "geometry": {
        "type": "Point",
        "coordinates": [
          -95.9873667,
          36.1630683
        ]
      },
      "properties": {
        "name": "Russell Mrs Jannie",
        "address": "r 506 N Greenwood av",
        "occupation_role": "",
        "employer": "",
        "spouse_name": "",
        "alphabetical_range": "RUS",
        "canvas_fragment": "https://digitalcollections.tulsalibrary.org/iiif/2/p15020coll12:2857/manifest.json/canvas/226#xywh=409,1220,240,25"
      }
    },
    {
      "type": "Feature",
      "geometry": {
        "type": "Point",
        "coordinates": [
          -95.986799,
          36.1692523
        ]
      },
      "properties": {
        "name": "Russell Perry R",
        "address": "r 813 E Fairview",
        "occupation_role": "carp",
        "employer": "",
        "spouse_name": "Elna M",
        "alphabetical_range": "RYA",
        "canvas_fragment": "https://digitalcollections.tulsalibrary.org/iiif/2/p15020coll12:2857/manifest.json/canvas/226#xywh=706,308,223,21"
      }
    },
    {
      "type": "Feature",
      "geometry": {
        "type": "Point",
        "coordinates": [
          -95.9867039,
          36.1692526
        ]
      },
      "properties": {
        "name": "Robinson Lena",
        "address": "b 621 Williams",
        "occupation_role": "",
        "employer": "",
        "spouse_name": "",
        "alphabetical_range": "ROB",
        "canvas_fragment": "https://digitalcollections.tulsalibrary.org/iiif/2/p15020coll12:2857/manifest.json/canvas/227#xywh=164,1136,236,36"
      }
    },
    {
      "type": "Feature",
      "geometry": {
        "type": "Point",
        "coordinates": [
          -95.9902407,
          36.1623964
        ]
      },
      "properties": {
        "name": "Robinson Leo",
        "address": "rms 507 E Easton",
        "occupation_role": "shiner",
        "employer": "Nicholas Pappas",
        "spouse_name": "",
        "alphabetical_range": "ROB",
        "canvas_fragment": "https://digitalcollections.tulsalibrary.org/iiif/2/p15020coll12:2857/manifest.json/canvas/227#xywh=164,1153,251,28"
      }
    },
    {
      "type": "Feature",
      "geometry": {
        "type": "Point",
        "coordinates": [
          -95.9863671,
          36.1611883
        ]
      },
      "properties": {
        "name": "Robinson Lulu",
        "address": "r 619 E Cameron",
        "occupation_role": "",
        "employer": "",
        "spouse_name": "",
        "alphabetical_range": "ROB",
        "canvas_fragment": "https://digitalcollections.tulsalibrary.org/iiif/2/p15020coll12:2857/manifest.json/canvas/227#xywh=164,1224,240,36"
      }
    },
    {
      "type": "Feature",
      "geometry": {
        "type": "Point",
        "coordinates": [
          -95.9852598,
          36.1601747
        ]
      },
      "properties": {
        "name": "Robinson Robert R",
        "address": "r 617 E Archer",
        "occupation_role": "physician",
        "employer": "",
        "spouse_name": "Emma",
        "alphabetical_range": "ROB",
        "canvas_fragment": "https://digitalcollections.tulsalibrary.org/iiif/2/p15020coll12:2857/manifest.json/canvas/227#xywh=417,425,232,34"
      }
    },
    {
      "type": "Feature",
      "geometry": {
        "type": "Point",
        "coordinates": [
          -95.986599,
          36.1621546
        ]
      },
      "properties": {
        "name": "Robinson James",
        "address": "rms 406 Greenwood av",
        "occupation_role": "lab",
        "employer": "",
        "spouse_name": "",
        "alphabetical_range": "ROB",
        "canvas_fragment": "https://digitalcollections.tulsalibrary.org/iiif/2/p15020coll12:2857/manifest.json/canvas/227#xywh=439,1497,98,17"
      }
    },
    {
      "type": "Feature",
      "geometry": {
        "type": "Point",
        "coordinates": [
          -95.9869845,
          36.1647849
        ]
      },
      "properties": {
        "name": "Rogers Adolphus",
        "address": "r 716 N Greenwood av",
        "occupation_role": "",
        "employer": "",
        "spouse_name": "Lillian",
        "alphabetical_range": "ROG",
        "canvas_fragment": "https://digitalcollections.tulsalibrary.org/iiif/2/p15020coll12:2857/manifest.json/canvas/227#xywh=708,1505,219,17"
      }
    },
    {
      "type": "Feature",
      "geometry": {
        "type": "Point",
        "coordinates": [
          -95.9869845,
          36.1647849
        ]
      },
      "properties": {
        "name": "Rogers Garnett",
        "address": "r 716 N Greenwood",
        "occupation_role": "mech",
        "employer": "East End Garage",
        "spouse_name": "Lillian",
        "alphabetical_range": "ROG",
        "canvas_fragment": "https://digitalcollections.tulsalibrary.org/iiif/2/p15020coll12:2857/manifest.json/canvas/228#xywh=127,834,211,24"
      }
    },
    {
      "type": "Feature",
      "geometry": {
        "type": "Point",
        "coordinates": [
          -95.9905294,
          36.1629505
        ]
      },
      "properties": {
        "name": "Rogers James",
        "address": "rms 527 N Elgin av",
        "occupation_role": "porter",
        "employer": "",
        "spouse_name": "",
        "alphabetical_range": "ROG",
        "canvas_fragment": "https://digitalcollections.tulsalibrary.org/iiif/2/p15020coll12:2857/manifest.json/canvas/228"
      }
    },
    {
      "type": "Feature",
      "geometry": {
        "type": "Point",
        "coordinates": [
          -95.9905294,
          36.1629505
        ]
      },
      "properties": {
        "name": "Rogers Mamie",
        "address": "rms 527 N Elgin av",
        "occupation_role": "maid",
        "employer": "",
        "spouse_name": "",
        "alphabetical_range": "ROG",
        "canvas_fragment": "https://digitalcollections.tulsalibrary.org/iiif/2/p15020coll12:2857/manifest.json/canvas/228#xywh=395,427,253,42"
      }
    },
    {
      "type": "Feature",
      "geometry": {
        "type": "Point",
        "coordinates": [
          -95.9830852,
          36.171727
        ]
      },
      "properties": {
        "name": "Rogers Samuel R",
        "address": "b 1329 Pocahontas",
        "occupation_role": "lab",
        "employer": "",
        "spouse_name": "",
        "alphabetical_range": "ROG",
        "canvas_fragment": "https://digitalcollections.tulsalibrary.org/iiif/2/p15020coll12:2857/manifest.json/canvas/228#xywh=395,862,252,35"
      }
    },
    {
      "type": "Feature",
      "geometry": {
        "type": "Point",
        "coordinates": [
          -95.9830852,
          36.171727
        ]
      },
      "properties": {
        "name": "Rogers Sharp",
        "address": "b 1329 Pocahontas",
        "occupation_role": "lab",
        "employer": "",
        "spouse_name": "",
        "alphabetical_range": "ROG",
        "canvas_fragment": "https://digitalcollections.tulsalibrary.org/iiif/2/p15020coll12:2857/manifest.json/canvas/228#xywh=395,904,252,34"
      }
    },
    {
      "type": "Feature",
      "geometry": {
        "type": "Point",
        "coordinates": [
          -95.9869632,
          36.1597743
        ]
      },
      "properties": {
        "name": "Roland David R",
        "address": "r 505 E Archer",
        "occupation_role": "furn rms",
        "employer": "",
        "spouse_name": "Alice",
        "alphabetical_range": "ROS",
        "canvas_fragment": "https://digitalcollections.tulsalibrary.org/iiif/2/p15020coll12:2857/manifest.json/canvas/228#xywh=685,450,227,37"
      }
    },
    {
      "type": "Feature",
      "geometry": {
        "type": "Point",
        "coordinates": [
          -95.9863822,
          36.1633047
        ]
      },
      "properties": {
        "name": "Rollerson John H",
        "address": "r 523 N Greenwood av",
        "occupation_role": "grocer",
        "employer": "",
        "spouse_name": "Grace",
        "alphabetical_range": "ROS",
        "canvas_fragment": "https://digitalcollections.tulsalibrary.org/iiif/2/p15020coll12:2857/manifest.json/canvas/228#xywh=687,857,230,25"
      }
    },
    {
      "type": "Feature",
      "geometry": {
        "type": "Point",
        "coordinates": [
          -95.9863822,
          36.1633047
        ]
      },
      "properties": {
        "name": "Rollerson Lloyd",
        "address": "b 523 N Greenwood av",
        "occupation_role": "clk",
        "employer": "J H Rollerson",
        "spouse_name": "",
        "alphabetical_range": "ROS",
        "canvas_fragment": "https://digitalcollections.tulsalibrary.org/iiif/2/p15020coll12:2857/manifest.json/canvas/228#xywh=688,886,227,30"
      }
    },
    {
      "type": "Feature",
      "geometry": {
        "type": "Point",
        "coordinates": [
          -95.9863822,
          36.1633047
        ]
      },
      "properties": {
        "name": "Rollison Reed",
        "address": "rms 523 N Greenwood av",
        "occupation_role": "porter",
        "employer": "Sayre Drug Co",
        "spouse_name": "",
        "alphabetical_range": "ROS",
        "canvas_fragment": "https://digitalcollections.tulsalibrary.org/iiif/2/p15020coll12:2857/manifest.json/canvas/228#xywh=692,1177,227,27"
      }
    },
    {
      "type": "Feature",
      "geometry": {
        "type": "Point",
        "coordinates": [
          -95.9862563,
          36.1641399
        ]
      },
      "properties": {
        "name": "Rose Lathan",
        "address": "rms 711 N Greenwood av",
        "occupation_role": "carp",
        "employer": "",
        "spouse_name": "",
        "alphabetical_range": "ROS",
        "canvas_fragment": "https://digitalcollections.tulsalibrary.org/iiif/2/p15020coll12:2857/manifest.json/canvas/229#xywh=137,1567,229,21"
      }
    },
    {
      "type": "Feature",
      "geometry": {
        "type": "Point",
        "coordinates": [
          -95.9863507,
          36.1692535
        ]
      },
      "properties": {
        "name": "Ross Christian",
        "address": "b 819 E Williams",
        "occupation_role": "",
        "employer": "",
        "spouse_name": "",
        "alphabetical_range": "ROS",
        "canvas_fragment": "https://digitalcollections.tulsalibrary.org/iiif/2/p15020coll12:2857/manifest.json/canvas/229#xywh=398,1545,248,26"
      }
    },
    {
      "type": "Feature",
      "geometry": {
        "type": "Point",
        "coordinates": [
          -95.9919789,
          36.1630314
        ]
      },
      "properties": {
        "name": "Ross Henry",
        "address": "rms 523 N Detroit av",
        "occupation_role": "janitor",
        "employer": "",
        "spouse_name": "",
        "alphabetical_range": "ROU",
        "canvas_fragment": "https://digitalcollections.tulsalibrary.org/iiif/2/p15020coll12:2857/manifest.json/canvas/229#xywh=933,383,224,17"
      }
    },
    {
      "type": "Feature",
      "geometry": {
        "type": "Point",
        "coordinates": [
          -95.9914285,
          36.1619568
        ]
      },
      "properties": {
        "name": "Rowe Lawson",
        "address": "b 419 N Detroit av",
        "occupation_role": "porter",
        "employer": "",
        "spouse_name": "",
        "alphabetical_range": "ROU",
        "canvas_fragment": "https://digitalcollections.tulsalibrary.org/iiif/2/p15020coll12:2857/manifest.json/canvas/230#xywh=149,1548,250,23"
      }
    },
    {
      "type": "Feature",
      "geometry": {
        "type": "Point",
        "coordinates": [
          -95.9914285,
          36.1619568
        ]
      },
      "properties": {
        "name": "Rowe Lulu",
        "address": "r 419 N Detroit av",
        "occupation_role": "",
        "employer": "",
        "spouse_name": "",
        "alphabetical_range": "ROU",
        "canvas_fragment": "https://digitalcollections.tulsalibrary.org/iiif/2/p15020coll12:2857/manifest.json/canvas/230#xywh=148,1600,251,22"
      }
    },
    {
      "type": "Feature",
      "geometry": {
        "type": "Point",
        "coordinates": [
          -95.9873667,
          36.1630683
        ]
      },
      "properties": {
        "name": "Russel Alberta",
        "address": "b 506 N Greenwood av",
        "occupation_role": "maid",
        "employer": "",
        "spouse_name": "",
        "alphabetical_range": "RUS",
        "canvas_fragment": "https://digitalcollections.tulsalibrary.org/iiif/2/p15020coll12:2857/manifest.json/canvas/231#xywh=140,1466,252,17"
      }
    },
    {
      "type": "Feature",
      "geometry": {
        "type": "Point",
        "coordinates": [
          -95.9873667,
          36.1630683
        ]
      },
      "properties": {
        "name": "Russel Carl",
        "address": "b 506 N Greenwood av",
        "occupation_role": "lab",
        "employer": "",
        "spouse_name": "",
        "alphabetical_range": "RUS",
        "canvas_fragment": "https://digitalcollections.tulsalibrary.org/iiif/2/p15020coll12:2857/manifest.json/canvas/231#xywh=140,1605,250,24"
      }
    },
    {
      "type": "Feature",
      "geometry": {
        "type": "Point",
        "coordinates": [
          -95.9873667,
          36.1630683
        ]
      },
      "properties": {
        "name": "Russell Charles H",
        "address": "b 506 N Greenwood av",
        "occupation_role": "porter",
        "employer": "Smith Motor Co",
        "spouse_name": "",
        "alphabetical_range": "RUS",
        "canvas_fragment": "https://digitalcollections.tulsalibrary.org/iiif/2/p15020coll12:2857/manifest.json/canvas/231#xywh=404,215,245,30"
      }
    },
    {
      "type": "Feature",
      "geometry": {
        "type": "Point",
        "coordinates": [
          -95.9873667,
          36.1630683
        ]
      },
      "properties": {
        "name": "Russell Mrs Jannie",
        "address": "r 506 N Greenwood av",
        "occupation_role": "",
        "employer": "",
        "spouse_name": "",
        "alphabetical_range": "RUS",
        "canvas_fragment": "https://digitalcollections.tulsalibrary.org/iiif/2/p15020coll12:2857/manifest.json/canvas/231#xywh=400,1214,247,29"
      }
    },
    {
      "type": "Feature",
      "geometry": {
        "type": "Point",
        "coordinates": [
          -95.986799,
          36.1692523
        ]
      },
      "properties": {
        "name": "Russell Perry R",
        "address": "r 812 E Fairview",
        "occupation_role": "carp",
        "employer": "",
        "spouse_name": "Elna M",
        "alphabetical_range": "RUS",
        "canvas_fragment": "https://digitalcollections.tulsalibrary.org/iiif/2/p15020coll12:2857/manifest.json/canvas/231#xywh=705,307,224,23"
      }
    },
    {
      "type": "Feature",
      "geometry": {
        "type": "Point",
        "coordinates": [
          -95.986799,
          36.1692523
        ]
      },
      "properties": {
        "name": "Saddle Eugene I",
        "address": "rms 122 1/2 N Greenwood av",
        "occupation_role": "lawyer",
        "employer": "",
        "spouse_name": "",
        "alphabetical_range": "ST L",
        "canvas_fragment": "https://digitalcollections.tulsalibrary.org/iiif/2/p15020coll12:2857/manifest.json/canvas/232#xywh=131,1428,255,16"
      }
    },
    {
      "type": "Feature",
      "geometry": {
        "type": "Point",
        "coordinates": [
          -95.986799,
          36.1692523
        ]
      },
      "properties": {
        "name": "Saddler Ruby S",
        "address": "rms 122 1/2 N Greenwood av",
        "occupation_role": "",
        "employer": "",
        "spouse_name": "",
        "alphabetical_range": "ST L",
        "canvas_fragment": "https://digitalcollections.tulsalibrary.org/iiif/2/p15020coll12:2857/manifest.json/canvas/232#xywh=131,1583,253,18"
      }
    },
    {
      "type": "Feature",
      "geometry": {
        "type": "Point",
        "coordinates": [
          -95.986799,
          36.1692523
        ]
      },
      "properties": {
        "name": "Safety First Loan Co",
        "address": "107 1/2 N Greenwood av",
        "occupation_role": "Edward G Howard",
        "employer": "",
        "spouse_name": "",
        "alphabetical_range": "ST L",
        "canvas_fragment": "https://digitalcollections.tulsalibrary.org/iiif/2/p15020coll12:2857/manifest.json/canvas/232#xywh=397,389,252,30"
      }
    },
    {
      "type": "Feature",
      "geometry": {
        "type": "Point",
        "coordinates": [
          -95.9862563,
          36.1641399
        ]
      },
      "properties": {
        "name": "Salles Peter S",
        "address": "rms 711 N Greenwood av",
        "occupation_role": "",
        "employer": "",
        "spouse_name": "Lulu",
        "alphabetical_range": "SAN",
        "canvas_fragment": "https://digitalcollections.tulsalibrary.org/iiif/2/p15020coll12:2857/manifest.json/canvas/232#xywh=708,815,223,27"
      }
    },
    {
      "type": "Feature",
      "geometry": {
        "type": "Point",
        "coordinates": [
          -95.9910055,
          36.1626991
        ]
      },
      "properties": {
        "name": "Sampson Wm",
        "address": "rms 518 N Elgin av",
        "occupation_role": "porter",
        "employer": "",
        "spouse_name": "",
        "alphabetical_range": "SAN",
        "canvas_fragment": "https://digitalcollections.tulsalibrary.org/iiif/2/p15020coll12:2857/manifest.json/canvas/232#xywh=938,705,234,20"
      }
    },
    {
      "type": "Feature",
      "geometry": {
        "type": "Point",
        "coordinates": [
          -95.986799,
          36.1692523
        ]
      },
      "properties": {
        "name": "Sanders Edward",
        "address": "rms 112 1/2 N Greenwood av",
        "occupation_role": "porter",
        "employer": "Browning Hotel",
        "spouse_name": "",
        "alphabetical_range": "SAN",
        "canvas_fragment": "https://digitalcollections.tulsalibrary.org/iiif/2/p15020coll12:2857/manifest.json/canvas/233#xywh=394,803,256,28"
      }
    },
    {
      "type": "Feature",
      "geometry": {
        "type": "Point",
        "coordinates": [
          -95.9865949,
          36.1614761
        ]
      },
      "properties": {
        "name": "Sanders Hazel",
        "address": "rms 306 N Greenwood",
        "occupation_role": "maid",
        "employer": "Hotel Corona",
        "spouse_name": "",
        "alphabetical_range": "SAN",
        "canvas_fragment": "https://digitalcollections.tulsalibrary.org/iiif/2/p15020coll12:2857/manifest.json/canvas/233#xywh=391,1427,257,28"
      }
    },
    {
      "type": "Feature",
      "geometry": {
        "type": "Point",
        "coordinates": [
          -95.9865949,
          36.1614761
        ]
      },
      "properties": {
        "name": "Sanders Henry",
        "address": "rms 306 N Greenwood av",
        "occupation_role": "porter",
        "employer": "",
        "spouse_name": "",
        "alphabetical_range": "SAN",
        "canvas_fragment": "https://digitalcollections.tulsalibrary.org/iiif/2/p15020coll12:2857/manifest.json/canvas/233#xywh=392,1465,109,19"
      }
    },
    {
      "type": "Feature",
      "geometry": {
        "type": "Point",
        "coordinates": [
          -95.9865981,
          36.1621727
        ]
      },
      "properties": {
        "name": "Sanders Mrs Minnie L",
        "address": "r 408 N Greenwood av",
        "occupation_role": "",
        "employer": "",
        "spouse_name": "",
        "alphabetical_range": "SAN",
        "canvas_fragment": "https://digitalcollections.tulsalibrary.org/iiif/2/p15020coll12:2857/manifest.json/canvas/233#xywh=714,539,224,24"
      }
    },
    {
      "type": "Feature",
      "geometry": {
        "type": "Point",
        "coordinates": [
          -95.9860129,
          36.1601811
        ]
      },
      "properties": {
        "name": "Sanders Ned",
        "address": "rms 121 N Greenwood av",
        "occupation_role": "porter",
        "employer": "",
        "spouse_name": "Villa",
        "alphabetical_range": "SAN",
        "canvas_fragment": "https://digitalcollections.tulsalibrary.org/iiif/2/p15020coll12:2857/manifest.json/canvas/233#xywh=714,642,224,23"
      }
    },
    {
      "type": "Feature",
      "geometry": {
        "type": "Point",
        "coordinates": [
          -95.9830852,
          36.171727
        ]
      },
      "properties": {
        "name": "Sartin James M",
        "address": "r 1269 Pocahontas",
        "occupation_role": "lab",
        "employer": "",
        "spouse_name": "Hannah",
        "alphabetical_range": "SAN",
        "canvas_fragment": "https://digitalcollections.tulsalibrary.org/iiif/2/p15020coll12:2857/manifest.json/canvas/234#xywh=127,1159,254,18"
      }
    },
    {
      "type": "Feature",
      "geometry": {
        "type": "Point",
        "coordinates": [
          -95.9863507,
          36.1692535
        ]
      },
      "properties": {
        "name": "Saunson Alex",
        "address": "rms 819 N Williams",
        "occupation_role": "porter",
        "employer": "Kennedy bldg",
        "spouse_name": "",
        "alphabetical_range": "SAV",
        "canvas_fragment": "https://digitalcollections.tulsalibrary.org/iiif/2/p15020coll12:2857/manifest.json/canvas/234#xywh=388,1081,252,25"
      }
    },
    {
      "type": "Feature",
      "geometry": {
        "type": "Point",
        "coordinates": [
          -95.9890389,
          36.1595626
        ]
      },
      "properties": {
        "name": "Sawyer Mrs Elizabeth",
        "address": "130 N Elgin av, r same",
        "occupation_role": "dressmkr",
        "employer": "",
        "spouse_name": "",
        "alphabetical_range": "SAV",
        "canvas_fragment": "https://digitalcollections.tulsalibrary.org/iiif/2/p15020coll12:2857/manifest.json/canvas/234#xywh=693,560,225,19"
      }
    },
    {
      "type": "Feature",
      "geometry": {
        "type": "Point",
        "coordinates": [
          -95.9865949,
          36.1614761
        ]
      },
      "properties": {
        "name": "Sawyer Gussie L",
        "address": "rms 306 N Greenwood av",
        "occupation_role": "maid",
        "employer": "",
        "spouse_name": "",
        "alphabetical_range": "SAV",
        "canvas_fragment": "https://digitalcollections.tulsalibrary.org/iiif/2/p15020coll12:2857/manifest.json/canvas/234#xywh=694,612,223,32"
      }
    },
    {
      "type": "Feature",
      "geometry": {
        "type": "Point",
        "coordinates": [
          -95.9863822,
          36.1633047
        ]
      },
      "properties": {
        "name": "Scabough Arthur",
        "address": "615 N Greenwood av, r same",
        "occupation_role": "tailor",
        "employer": "",
        "spouse_name": "Annie",
        "alphabetical_range": "SCH",
        "canvas_fragment": "https://digitalcollections.tulsalibrary.org/iiif/2/p15020coll12:2857/manifest.json/canvas/234#xywh=923,529,241,20"
      }
    },
    {
      "type": "Feature",
      "geometry": {
        "type": "Point",
        "coordinates": [
          -95.9864934,
          36.1602651
        ]
      },
      "properties": {
        "name": "Scott Mrs",
        "address": "122 1/4 N Greenwood av",
        "occupation_role": "tchr",
        "employer": "Booker T Washn School",
        "spouse_name": "",
        "alphabetical_range": "SCO",
        "canvas_fragment": "https://digitalcollections.tulsalibrary.org/iiif/2/p15020coll12:2857/manifest.json/canvas/235#xywh=925,1481,241,18"
      }
    },
    {
      "type": "Feature",
      "geometry": {
        "type": "Point",
        "coordinates": [
          -95.9900548,
          36.1628797
        ]
      },
      "properties": {
        "name": "Scott E Walter",
        "address": "r 416 E Easton",
        "occupation_role": "janitor",
        "employer": "Chestnut & Smith Bldg",
        "spouse_name": "Sarah",
        "alphabetical_range": "SCO",
        "canvas_fragment": "https://digitalcollections.tulsalibrary.org/iiif/2/p15020coll12:2857/manifest.json/canvas/236#xywh=139,935,256,23"
      }
    },
    {
      "type": "Feature",
      "geometry": {
        "type": "Point",
        "coordinates": [
          -95.986799,
          36.1692523
        ]
      },
      "properties": {
        "name": "Scott Levi",
        "address": "r 906 E Fairview",
        "occupation_role": "cook",
        "employer": "",
        "spouse_name": "Rose",
        "alphabetical_range": "SCO",
        "canvas_fragment": "https://digitalcollections.tulsalibrary.org/iiif/2/p15020coll12:2857/manifest.json/canvas/236#xywh=404,644,245,36"
      }
    },
    {
      "type": "Feature",
      "geometry": {
        "type": "Point",
        "coordinates": [
          -95.9866496,
          36.1692527
        ]
      },
      "properties": {
        "name": "Seaphes Lulu",
        "address": "b 632 Williams",
        "occupation_role": "",
        "employer": "",
        "spouse_name": "",
        "alphabetical_range": "SED",
        "canvas_fragment": "https://digitalcollections.tulsalibrary.org/iiif/2/p15020coll12:2857/manifest.json/canvas/236#xywh=934,239,223,18"
      }
    },
    {
      "type": "Feature",
      "geometry": {
        "type": "Point",
        "coordinates": [
          -95.986799,
          36.1692523
        ]
      },
      "properties": {
        "name": "Shaffer Mrs Eliza",
        "address": "b 802 E Fairview",
        "occupation_role": "janitor",
        "employer": "Mayo bldg",
        "spouse_name": "",
        "alphabetical_range": "SHA",
        "canvas_fragment": "https://digitalcollections.tulsalibrary.org/iiif/2/p15020coll12:2857/manifest.json/canvas/238#xywh=428,319,221,59"
      }
    },
    {
      "type": "Feature",
      "geometry": {
        "type": "Point",
        "coordinates": [
          -95.9865956,
          36.1622269
        ]
      },
      "properties": {
        "name": "Shaffer Pearl",
        "address": "b 415 N Greenwood av",
        "occupation_role": "",
        "employer": "",
        "spouse_name": "",
        "alphabetical_range": "SHA",
        "canvas_fragment": "https://digitalcollections.tulsalibrary.org/iiif/2/p15020coll12:2857/manifest.json/canvas/238#xywh=426,721,223,42"
      }
    },
    {
      "type": "Feature",
      "geometry": {
        "type": "Point",
        "coordinates": [
          -95.9914516,
          36.1620014
        ]
      },
      "properties": {
        "name": "Shanklin Mrs Anna",
        "address": "rms 423 N Detroit av",
        "occupation_role": "",
        "employer": "",
        "spouse_name": "",
        "alphabetical_range": "SHA",
        "canvas_fragment": "https://digitalcollections.tulsalibrary.org/iiif/2/p15020coll12:2857/manifest.json/canvas/238#xywh=715,319,223,31"
      }
    },
    {
      "type": "Feature",
      "geometry": {
        "type": "Point",
        "coordinates": [
          -95.9869397,
          36.1612453
        ]
      },
      "properties": {
        "name": "Shawnee David",
        "address": "rms 513 E Cameron",
        "occupation_role": "student",
        "employer": "",
        "spouse_name": "",
        "alphabetical_range": "SHA",
        "canvas_fragment": "https://digitalcollections.tulsalibrary.org/iiif/2/p15020coll12:2857/manifest.json/canvas/239#xywh=125,1397,254,17"
      }
    },
    {
      "type": "Feature",
      "geometry": {
        "type": "Point",
        "coordinates": [
          -95.9899631,
          36.1629136
        ]
      },
      "properties": {
        "name": "Shelton Essie",
        "address": "r 420 E Easton",
        "occupation_role": "waiter",
        "employer": "J W Williams",
        "spouse_name": "",
        "alphabetical_range": "SHE",
        "canvas_fragment": "https://digitalcollections.tulsalibrary.org/iiif/2/p15020coll12:2857/manifest.json/canvas/239#xywh=693,1502,221,16"
      }
    },
    {
      "type": "Feature",
      "geometry": {
        "type": "Point",
        "coordinates": [
          -95.9900548,
          36.1628797
        ]
      },
      "properties": {
        "name": "Shelton Lonnie",
        "address": "rms 416 E Easton",
        "occupation_role": "lab",
        "employer": "",
        "spouse_name": "",
        "alphabetical_range": "SHE",
        "canvas_fragment": "https://digitalcollections.tulsalibrary.org/iiif/2/p15020coll12:2857/manifest.json/canvas/239#xywh=924,664,240,22"
      }
    },
    {
      "type": "Feature",
      "geometry": {
        "type": "Point",
        "coordinates": [
          -95.9863507,
          36.1692535
        ]
      },
      "properties": {
        "name": "Sheppard Morris",
        "address": "b 819 E Williams",
        "occupation_role": "messr",
        "employer": "Hotel Tulsa",
        "spouse_name": "",
        "alphabetical_range": "SHE",
        "canvas_fragment": "https://digitalcollections.tulsalibrary.org/iiif/2/p15020coll12:2857/manifest.json/canvas/240#xywh=150,945,249,27"
      }
    },
    {
      "type": "Feature",
      "geometry": {
        "type": "Point",
        "coordinates": [
          -95.986079,
          36.1601974
        ]
      },
      "properties": {
        "name": "Shipp Thelma",
        "address": "r 119 N Greenwood av",
        "occupation_role": "porter",
        "employer": "",
        "spouse_name": "",
        "alphabetical_range": "SHO",
        "canvas_fragment": "https://digitalcollections.tulsalibrary.org/iiif/2/p15020coll12:2857/manifest.json/canvas/240#xywh=931,574,230,20"
      }
    },
    {
      "type": "Feature",
      "geometry": {
        "type": "Point",
        "coordinates": [
          -95.990972,
          36.1626348
        ]
      },
      "properties": {
        "name": "Shoat Mrs Rosa",
        "address": "r 508 N Elgin av",
        "occupation_role": "",
        "employer": "",
        "spouse_name": "",
        "alphabetical_range": "SHO",
        "canvas_fragment": "https://digitalcollections.tulsalibrary.org/iiif/2/p15020coll12:2857/manifest.json/canvas/240#xywh=942,1602,235,28"
      }
    },
    {
      "type": "Feature",
      "geometry": {
        "type": "Point",
        "coordinates": [
          -95.9863963,
          36.1601507
        ]
      },
      "properties": {
        "name": "Shobe Wesley W",
        "address": "112 N Greenwood av, r same",
        "occupation_role": "billiards",
        "employer": "",
        "spouse_name": "Lillian",
        "alphabetical_range": "SHO",
        "canvas_fragment": "https://digitalcollections.tulsalibrary.org/iiif/2/p15020coll12:2857/manifest.json/canvas/241#xywh=132,211,261,27"
      }
    },
    {
      "type": "Feature",
      "geometry": {
        "type": "Point",
        "coordinates": [
          -95.9863822,
          36.1633047
        ]
      },
      "properties": {
        "name": "Simmons Etta",
        "address": "r 607 N Greenwood av",
        "occupation_role": "clk",
        "employer": "Elliott & Hooker",
        "spouse_name": "",
        "alphabetical_range": "SIM",
        "canvas_fragment": "https://digitalcollections.tulsalibrary.org/iiif/2/p15020coll12:2857/manifest.json/canvas/242#xywh=406,894,243,31"
      }
    },
    {
      "type": "Feature",
      "geometry": {
        "type": "Point",
        "coordinates": [
          -95.986981,
          36.1597682
        ]
      },
      "properties": {
        "name": "Simms Floyd",
        "address": "rms 503 E Archer",
        "occupation_role": "lab",
        "employer": "",
        "spouse_name": "",
        "alphabetical_range": "SIM",
        "canvas_fragment": "https://digitalcollections.tulsalibrary.org/iiif/2/p15020coll12:2857/manifest.json/canvas/242#xywh=703,859,217,31"
      }
    },
    {
      "type": "Feature",
      "geometry": {
        "type": "Point",
        "coordinates": [
          -95.9890918,
          36.1605301
        ]
      },
      "properties": {
        "name": "Simpson Oscar D",
        "address": "rms 117 N Elgin av",
        "occupation_role": "porter",
        "employer": "Y M C A Cafeteria",
        "spouse_name": "Artie",
        "alphabetical_range": "SIM",
        "canvas_fragment": "https://digitalcollections.tulsalibrary.org/iiif/2/p15020coll12:2857/manifest.json/canvas/243#xywh=157,204,252,32"
      }
    },
    {
      "type": "Feature",
      "geometry": {
        "type": "Point",
        "coordinates": [
          -95.9866496,
          36.1692527
        ]
      },
      "properties": {
        "name": "Siphus Lula",
        "address": "632 E Williams",
        "occupation_role": "maid",
        "employer": "",
        "spouse_name": "",
        "alphabetical_range": "SIN",
        "canvas_fragment": "https://digitalcollections.tulsalibrary.org/iiif/2/p15020coll12:2857/manifest.json/canvas/243#xywh=705,520,219,25"
      }
    },
    {
      "type": "Feature",
      "geometry": {
        "type": "Point",
        "coordinates": [
          -95.9863507,
          36.1692535
        ]
      },
      "properties": {
        "name": "Slaughter Albert",
        "address": "r 741 E Williams",
        "occupation_role": "janitor",
        "employer": "S W Bell Tel Co",
        "spouse_name": "Landy",
        "alphabetical_range": "SMA",
        "canvas_fragment": "https://digitalcollections.tulsalibrary.org/iiif/2/p15020coll12:2857/manifest.json/canvas/244#xywh=150,1404,251,28"
      }
    },
    {
      "type": "Feature",
      "geometry": {
        "type": "Point",
        "coordinates": [
          -95.9867991,
          36.1694136
        ]
      },
      "properties": {
        "name": "Sloan Mattie L",
        "address": "r 1105 N Greenwood av",
        "occupation_role": "maid",
        "employer": "New Fox Hotel",
        "spouse_name": "",
        "alphabetical_range": "SMA",
        "canvas_fragment": "https://digitalcollections.tulsalibrary.org/iiif/2/p15020coll12:2857/manifest.json/canvas/244#xywh=409,1441,240,19"
      }
    },
    {
      "type": "Feature",
      "geometry": {
        "type": "Point",
        "coordinates": [
          -95.9910728,
          36.162828
        ]
      },
      "properties": {
        "name": "Smart Wm",
        "address": "r 536 N Elgin av",
        "occupation_role": "waiter",
        "employer": "",
        "spouse_name": "Sophronia",
        "alphabetical_range": "SMA",
        "canvas_fragment": "https://digitalcollections.tulsalibrary.org/iiif/2/p15020coll12:2857/manifest.json/canvas/244#xywh=691,842,221,29"
      }
    },
    {
      "type": "Feature",
      "geometry": {
        "type": "Point",
        "coordinates": [
          -95.9811722,
          36.17199
        ]
      },
      "properties": {
        "name": "Smiles Earl",
        "address": "rms 1204 N Lansing av",
        "occupation_role": "porter",
        "employer": "",
        "spouse_name": "",
        "alphabetical_range": "SMA",
        "canvas_fragment": "https://digitalcollections.tulsalibrary.org/iiif/2/p15020coll12:2857/manifest.json/canvas/244#xywh=695,1393,218,28"
      }
    },
    {
      "type": "Feature",
      "geometry": {
        "type": "Point",
        "coordinates": [
          -95.9863822,
          36.1633047
        ]
      },
      "properties": {
        "name": "Smith Andrew",
        "address": "r 523 N Greenwood av",
        "occupation_role": "lab",
        "employer": "Quality Ice Cream Co",
        "spouse_name": "Lena",
        "alphabetical_range": "SMI",
        "canvas_fragment": "https://digitalcollections.tulsalibrary.org/iiif/2/p15020coll12:2857/manifest.json/canvas/244#xywh=919,1004,239,21"
      }
    },
    {
      "type": "Feature",
      "geometry": {
        "type": "Point",
        "coordinates": [
          -95.9851742,
          36.1601113
        ]
      },
      "properties": {
        "name": "Smith Andrew F",
        "address": "616 E Archer",
        "occupation_role": "furn rms",
        "employer": "",
        "spouse_name": "",
        "alphabetical_range": "SMI",
        "canvas_fragment": "https://digitalcollections.tulsalibrary.org/iiif/2/p15020coll12:2857/manifest.json/canvas/244#xywh=919,1039,239,20"
      }
    },
    {
      "type": "Feature",
      "geometry": {
        "type": "Point",
        "coordinates": [
          -95.9909653,
          36.162622
        ]
      },
      "properties": {
        "name": "Smith Arthur",
        "address": "rms 506 N Elgin av",
        "occupation_role": "porter",
        "employer": "",
        "spouse_name": "",
        "alphabetical_range": "SMI",
        "canvas_fragment": "https://digitalcollections.tulsalibrary.org/iiif/2/p15020coll12:2857/manifest.json/canvas/244#xywh=922,1483,239,21"
      }
    },
    {
      "type": "Feature",
      "geometry": {
        "type": "Point",
        "coordinates": [
          -95.9852598,
          36.1601747
        ]
      },
      "properties": {
        "name": "Smith Arthur",
        "address": "rms 617 E Archer",
        "occupation_role": "barber",
        "employer": "J S Gist",
        "spouse_name": "Beatrice",
        "alphabetical_range": "SMI",
        "canvas_fragment": "https://digitalcollections.tulsalibrary.org/iiif/2/p15020coll12:2857/manifest.json/canvas/244#xywh=932,1533,140,28"
      }
    },
    {
      "type": "Feature",
      "geometry": {
        "type": "Point",
        "coordinates": [
          -95.9899631,
          36.1629136
        ]
      },
      "properties": {
        "name": "Smith Benjamin",
        "address": "rms 420 E Easton",
        "occupation_role": "helper",
        "employer": "Y M C A Cafeteria",
        "spouse_name": "",
        "alphabetical_range": "SMI",
        "canvas_fragment": "https://digitalcollections.tulsalibrary.org/iiif/2/p15020coll12:2857/manifest.json/canvas/245#xywh=124,716,244,21"
      }
    },
    {
      "type": "Feature",
      "geometry": {
        "type": "Point",
        "coordinates": [
          -95.9884181,
          36.1589802
        ]
      },
      "properties": {
        "name": "Smith Benjamin F",
        "address": "r 401 E Archer",
        "occupation_role": "phys",
        "employer": "",
        "spouse_name": "Mayme",
        "alphabetical_range": "SMI",
        "canvas_fragment": "https://digitalcollections.tulsalibrary.org/iiif/2/p15020coll12:2857/manifest.json/canvas/245#xywh=125,808,243,22"
      }
    },
    {
      "type": "Feature",
      "geometry": {
        "type": "Point",
        "coordinates": [
          -95.9864934,
          36.1602651
        ]
      },
      "properties": {
        "name": "Smith Building",
        "address": "122 N Greenwood av",
        "occupation_role": "",
        "employer": "",
        "spouse_name": "",
        "alphabetical_range": "SMI",
        "canvas_fragment": "https://digitalcollections.tulsalibrary.org/iiif/2/p15020coll12:2857/manifest.json/canvas/245#xywh=123,1248,243,17"
      }
    },
    {
      "type": "Feature",
      "geometry": {
        "type": "Point",
        "coordinates": [
          -95.9902407,
          36.1623964
        ]
      },
      "properties": {
        "name": "Smith Carrie",
        "address": "r 504 E Easton",
        "occupation_role": "",
        "employer": "",
        "spouse_name": "",
        "alphabetical_range": "SMI",
        "canvas_fragment": "https://digitalcollections.tulsalibrary.org/iiif/2/p15020coll12:2857/manifest.json/canvas/245#xywh=123,1489,490,28"
      }
    },
    {
      "type": "Feature",
      "geometry": {
        "type": "Point",
        "coordinates": [
          -95.9897322,
          36.1614221
        ]
      },
      "properties": {
        "name": "Smith Charles",
        "address": "rms 320 N Elgin av",
        "occupation_role": "waiter",
        "employer": "",
        "spouse_name": "",
        "alphabetical_range": "SMI",
        "canvas_fragment": "https://digitalcollections.tulsalibrary.org/iiif/2/p15020coll12:2857/manifest.json/canvas/245#xywh=123,1623,243,21"
      }
    },
    {
      "type": "Feature",
      "geometry": {
        "type": "Point",
        "coordinates": [
          -95.986799,
          36.1692523
        ]
      },
      "properties": {
        "name": "Smith Charles E",
        "address": "206 1/2 N Greenwood av",
        "occupation_role": "phys",
        "employer": "",
        "spouse_name": "",
        "alphabetical_range": "SMI",
        "canvas_fragment": "https://digitalcollections.tulsalibrary.org/iiif/2/p15020coll12:2857/manifest.json/canvas/245#xywh=376,399,237,39"
      }
    },
    {
      "type": "Feature",
      "geometry": {
        "type": "Point",
        "coordinates": [
          -95.986799,
          36.1692523
        ]
      },
      "properties": {
        "name": "Smith Cornell H",
        "address": "rms 119 1/2 N Greenwood av",
        "occupation_role": "clnr",
        "employer": "Model Ldry",
        "spouse_name": "",
        "alphabetical_range": "SMI",
        "canvas_fragment": "https://digitalcollections.tulsalibrary.org/iiif/2/p15020coll12:2857/manifest.json/canvas/245#xywh=373,1063,238,40"
      }
    },
    {
      "type": "Feature",
      "geometry": {
        "type": "Point",
        "coordinates": [
          -95.9898714,
          36.1629475
        ]
      },
      "properties": {
        "name": "Smith Edward H",
        "address": "rms 424 E Easton",
        "occupation_role": "porter",
        "employer": "New Fox Hotel",
        "spouse_name": "Adelina",
        "alphabetical_range": "SMI",
        "canvas_fragment": "https://digitalcollections.tulsalibrary.org/iiif/2/p15020coll12:2857/manifest.json/canvas/245#xywh=670,860,243,19"
      }
    },
    {
      "type": "Feature",
      "geometry": {
        "type": "Point",
        "coordinates": [
          -95.9865949,
          36.1614761
        ]
      },
      "properties": {
        "name": "Smith Ethel",
        "address": "rms 306 N Greenwood av",
        "occupation_role": "maid",
        "employer": "New Okla Hotel",
        "spouse_name": "",
        "alphabetical_range": "SMI",
        "canvas_fragment": "https://digitalcollections.tulsalibrary.org/iiif/2/p15020coll12:2857/manifest.json/canvas/245#xywh=672,1597,241,17"
      }
    },
    {
      "type": "Feature",
      "geometry": {
        "type": "Point",
        "coordinates": [
          -95.9884618,
          36.1683296
        ]
      },
      "properties": {
        "name": "Smith Mrs Fannie",
        "address": "r 524 Bryant",
        "occupation_role": "",
        "employer": "",
        "spouse_name": "",
        "alphabetical_range": "SMI",
        "canvas_fragment": "https://digitalcollections.tulsalibrary.org/iiif/2/p15020coll12:2857/manifest.json/canvas/245#xywh=920,491,227,20"
      }
    },
    {
      "type": "Feature",
      "geometry": {
        "type": "Point",
        "coordinates": [
          -95.9866863,
          36.1683286
        ]
      },
      "properties": {
        "name": "Smith Mrs Faye",
        "address": "r 615 Bryant",
        "occupation_role": "",
        "employer": "",
        "spouse_name": "",
        "alphabetical_range": "SMI",
        "canvas_fragment": "https://digitalcollections.tulsalibrary.org/iiif/2/p15020coll12:2857/manifest.json/canvas/245#xywh=920,510,205,19"
      }
    },
    {
      "type": "Feature",
      "geometry": {
        "type": "Point",
        "coordinates": [
          -95.986799,
          36.1692523
        ]
      },
      "properties": {
        "name": "Smith Felix",
        "address": "b 914 E Fairview",
        "occupation_role": "lab",
        "employer": "",
        "spouse_name": "",
        "alphabetical_range": "SMI",
        "canvas_fragment": "https://digitalcollections.tulsalibrary.org/iiif/2/p15020coll12:2857/manifest.json/canvas/245#xywh=920,522,239,29"
      }
    },
    {
      "type": "Feature",
      "geometry": {
        "type": "Point",
        "coordinates": [
          -95.986799,
          36.1692523
        ]
      },
      "properties": {
        "name": "Smith Frank",
        "address": "rms 112 1/2 N Greenwood av",
        "occupation_role": "janitor",
        "employer": "",
        "spouse_name": "",
        "alphabetical_range": "SMI",
        "canvas_fragment": "https://digitalcollections.tulsalibrary.org/iiif/2/p15020coll12:2857/manifest.json/canvas/245#xywh=682,1614,160,17"
      }
    },
    {
      "type": "Feature",
      "geometry": {
        "type": "Point",
        "coordinates": [
          -95.9855054,
          36.1600018
        ]
      },
      "properties": {
        "name": "Smith Frencher C",
        "address": "r 611 E Archer",
        "occupation_role": "janitor",
        "employer": "",
        "spouse_name": "Mamie",
        "alphabetical_range": "SMI",
        "canvas_fragment": "https://digitalcollections.tulsalibrary.org/iiif/2/p15020coll12:2857/manifest.json/canvas/245#xywh=919,1418,241,20"
      }
    },
    {
      "type": "Feature",
      "geometry": {
        "type": "Point",
        "coordinates": [
          -95.9863822,
          36.1633047
        ]
      },
      "properties": {
        "name": "Smith Henry",
        "address": "rms 607 N Greenwood av",
        "occupation_role": "lab",
        "employer": "",
        "spouse_name": "",
        "alphabetical_range": "SMI",
        "canvas_fragment": "https://digitalcollections.tulsalibrary.org/iiif/2/p15020coll12:2857/manifest.json/canvas/246#xywh=136,1582,510,20"
      }
    },
    {
      "type": "Feature",
      "geometry": {
        "type": "Point",
        "coordinates": [
          -95.986799,
          36.1692523
        ]
      },
      "properties": {
        "name": "Smith John A",
        "address": "r 914 E Fairview",
        "occupation_role": "porter",
        "employer": "",
        "spouse_name": "Emma",
        "alphabetical_range": "SMI",
        "canvas_fragment": "https://digitalcollections.tulsalibrary.org/iiif/2/p15020coll12:2857/manifest.json/canvas/246#xywh=692,490,221,28"
      }
    },
    {
      "type": "Feature",
      "geometry": {
        "type": "Point",
        "coordinates": [
          -95.986799,
          36.1692523
        ]
      },
      "properties": {
        "name": "Smith John L",
        "address": "rms 114 1/2 N Greenwood av",
        "occupation_role": "porter",
        "employer": "",
        "spouse_name": "",
        "alphabetical_range": "SMI",
        "canvas_fragment": "https://digitalcollections.tulsalibrary.org/iiif/2/p15020coll12:2857/manifest.json/canvas/246#xywh=691,588,224,22"
      }
    },
    {
      "type": "Feature",
      "geometry": {
        "type": "Point",
        "coordinates": [
          -95.986799,
          36.1692523
        ]
      },
      "properties": {
        "name": "Smith J Tyler",
        "address": "rms 122 1/2 N Greenwood av",
        "occupation_role": "clk",
        "employer": "Welcome Grocery Co",
        "spouse_name": "",
        "alphabetical_range": "SMI",
        "canvas_fragment": "https://digitalcollections.tulsalibrary.org/iiif/2/p15020coll12:2857/manifest.json/canvas/246#xywh=696,1290,220,26"
      }
    },
    {
      "type": "Feature",
      "geometry": {
        "type": "Point",
        "coordinates": [
          -95.9863822,
          36.1633047
        ]
      },
      "properties": {
        "name": "Smith Matthew",
        "address": "rms 607 N Greenwood av",
        "occupation_role": "lab",
        "employer": "",
        "spouse_name": "Minnie",
        "alphabetical_range": "SMI",
        "canvas_fragment": "https://digitalcollections.tulsalibrary.org/iiif/2/p15020coll12:2857/manifest.json/canvas/247#xywh=140,891,248,29"
      }
    },
    {
      "type": "Feature",
      "geometry": {
        "type": "Point",
        "coordinates": [
          -95.9866496,
          36.1692527
        ]
      },
      "properties": {
        "name": "Smith Miles",
        "address": "r 632 Williams",
        "occupation_role": "carp",
        "employer": "",
        "spouse_name": "Emma",
        "alphabetical_range": "SMI",
        "canvas_fragment": "https://digitalcollections.tulsalibrary.org/iiif/2/p15020coll12:2857/manifest.json/canvas/247#xywh=140,1181,248,21"
      }
    },
    {
      "type": "Feature",
      "geometry": {
        "type": "Point",
        "coordinates": [
          -95.9902485,
          36.1624113
        ]
      },
      "properties": {
        "name": "Smith Nelson",
        "address": "r 404 N Elgin av",
        "occupation_role": "janitor",
        "employer": "Unity bldg",
        "spouse_name": "Viola",
        "alphabetical_range": "SMI",
        "canvas_fragment": "https://digitalcollections.tulsalibrary.org/iiif/2/p15020coll12:2857/manifest.json/canvas/247#xywh=395,264,245,21"
      }
    },
    {
      "type": "Feature",
      "geometry": {
        "type": "Point",
        "coordinates": [
          -95.9868009,
          36.1684031
        ]
      },
      "properties": {
        "name": "Smith Pressley",
        "address": "r 1008 N Greenwood av",
        "occupation_role": "lab",
        "employer": "",
        "spouse_name": "Josephine",
        "alphabetical_range": "SMI",
        "canvas_fragment": "https://digitalcollections.tulsalibrary.org/iiif/2/p15020coll12:2857/manifest.json/canvas/247#xywh=398,1212,244,24"
      }
    },
    {
      "type": "Feature",
      "geometry": {
        "type": "Point",
        "coordinates": [
          -95.9909787,
          36.1626477
        ]
      },
      "properties": {
        "name": "Smith Robert",
        "address": "rms 510 N Elgin av",
        "occupation_role": "waiter",
        "employer": "",
        "spouse_name": "Cora",
        "alphabetical_range": "SMI",
        "canvas_fragment": "https://digitalcollections.tulsalibrary.org/iiif/2/p15020coll12:2857/manifest.json/canvas/247#xywh=701,275,219,31"
      }
    },
    {
      "type": "Feature",
      "geometry": {
        "type": "Point",
        "coordinates": [
          -95.986981,
          36.1597682
        ]
      },
      "properties": {
        "name": "Smith Samuel",
        "address": "rms 503 E Archer",
        "occupation_role": "lab",
        "employer": "",
        "spouse_name": "",
        "alphabetical_range": "SMI",
        "canvas_fragment": "https://digitalcollections.tulsalibrary.org/iiif/2/p15020coll12:2857/manifest.json/canvas/247#xywh=705,826,217,22"
      }
    },
    {
      "type": "Feature",
      "geometry": {
        "type": "Point",
        "coordinates": [
          -95.9830852,
          36.171727
        ]
      },
      "properties": {
        "name": "Smith Samuel E",
        "address": "r 1270 Pocahontas",
        "occupation_role": "porter",
        "employer": "",
        "spouse_name": "Ethel",
        "alphabetical_range": "SMI",
        "canvas_fragment": "https://digitalcollections.tulsalibrary.org/iiif/2/p15020coll12:2857/manifest.json/canvas/247#xywh=705,968,219,24"
      }
    },
    {
      "type": "Feature",
      "geometry": {
        "type": "Point",
        "coordinates": [
          -95.986799,
          36.1692523
        ]
      },
      "properties": {
        "name": "Smith Sandy G",
        "address": "r 119 1/2 N Greenwood av",
        "occupation_role": "real est",
        "employer": "",
        "spouse_name": "Hattie",
        "alphabetical_range": "SMI",
        "canvas_fragment": "https://digitalcollections.tulsalibrary.org/iiif/2/p15020coll12:2857/manifest.json/canvas/247#xywh=706,1160,218,22"
      }
    },
    {
      "type": "Feature",
      "geometry": {
        "type": "Point",
        "coordinates": [
          -95.9905217,
          36.1629358
        ]
      },
      "properties": {
        "name": "Smith Wm",
        "address": "r 525 N Elgin av",
        "occupation_role": "lab",
        "employer": "",
        "spouse_name": "Carrie",
        "alphabetical_range": "SMI",
        "canvas_fragment": "https://digitalcollections.tulsalibrary.org/iiif/2/p15020coll12:2857/manifest.json/canvas/248#xywh=131,495,253,35"
      }
    },
    {
      "type": "Feature",
      "geometry": {
        "type": "Point",
        "coordinates": [
          -95.986799,
          36.1692523
        ]
      },
      "properties": {
        "name": "Smith Wm",
        "address": "rms 112 1/2 N Greenwood av",
        "occupation_role": "porter",
        "employer": "",
        "spouse_name": "Milly",
        "alphabetical_range": "SMI",
        "canvas_fragment": "https://digitalcollections.tulsalibrary.org/iiif/2/p15020coll12:2857/manifest.json/canvas/248#xywh=132,555,253,33"
      }
    },
    {
      "type": "Feature",
      "geometry": {
        "type": "Point",
        "coordinates": [
          -95.9864934,
          36.1602651
        ]
      },
      "properties": {
        "name": "Smith Wm H",
        "address": "rms 122 N Greenwood av",
        "occupation_role": "grocer",
        "employer": "",
        "spouse_name": "Anna",
        "alphabetical_range": "SMI",
        "canvas_fragment": "https://digitalcollections.tulsalibrary.org/iiif/2/p15020coll12:2857/manifest.json/canvas/248"
      }
    },
    {
      "type": "Feature",
      "geometry": {
        "type": "Point",
        "coordinates": [
          -95.9897398,
          36.1614372
        ]
      },
      "properties": {
        "name": "Smitherman Mrs Abbie",
        "address": "r 322 N Elgin av",
        "occupation_role": "",
        "employer": "",
        "spouse_name": "",
        "alphabetical_range": "SMI",
        "canvas_fragment": "https://digitalcollections.tulsalibrary.org/iiif/2/p15020coll12:2857/manifest.json/canvas/248#xywh=391,340,247,35"
      }
    },
    {
      "type": "Feature",
      "geometry": {
        "type": "Point",
        "coordinates": [
          -95.9919351,
          36.1629446
        ]
      },
      "properties": {
        "name": "Smitherman Andrew",
        "address": "r 511 N Detroit av",
        "occupation_role": "editor",
        "employer": "Tulsa Star",
        "spouse_name": "Allie",
        "alphabetical_range": "SMI",
        "canvas_fragment": "https://digitalcollections.tulsalibrary.org/iiif/2/p15020coll12:2857/manifest.json/canvas/248#xywh=390,376,249,54"
      }
    },
    {
      "type": "Feature",
      "geometry": {
        "type": "Point",
        "coordinates": [
          -95.9864333,
          36.1602101
        ]
      },
      "properties": {
        "name": "Smitherman John",
        "address": "rms 118 N Greenwood av",
        "occupation_role": "dep sheriff",
        "employer": "Ct House",
        "spouse_name": "",
        "alphabetical_range": "SMI",
        "canvas_fragment": "https://digitalcollections.tulsalibrary.org/iiif/2/p15020coll12:2857/manifest.json/canvas/248#xywh=391,472,248,25"
      }
    },
    {
      "type": "Feature",
      "geometry": {
        "type": "Point",
        "coordinates": [
          -95.9919351,
          36.1629446
        ]
      },
      "properties": {
        "name": "Smitherman Samuel",
        "address": "b 511 N Detroit av",
        "occupation_role": "printer",
        "employer": "",
        "spouse_name": "",
        "alphabetical_range": "SMI",
        "canvas_fragment": "https://digitalcollections.tulsalibrary.org/iiif/2/p15020coll12:2857/manifest.json/canvas/248#xywh=391,544,247,34"
      }
    },
    {
      "type": "Feature",
      "geometry": {
        "type": "Point",
        "coordinates": [
          -95.986799,
          36.1692523
        ]
      },
      "properties": {
        "name": "Smithie Samuel T",
        "address": "r 114 1/2 N Greenwood av",
        "occupation_role": "conf",
        "employer": "",
        "spouse_name": "",
        "alphabetical_range": "SMI",
        "canvas_fragment": "https://digitalcollections.tulsalibrary.org/iiif/2/p15020coll12:2857/manifest.json/canvas/248#xywh=391,622,249,21"
      }
    },
    {
      "type": "Feature",
      "geometry": {
        "type": "Point",
        "coordinates": [
          -95.9863822,
          36.1633047
        ]
      },
      "properties": {
        "name": "Snail Ella M",
        "address": "rms 607 N Greenwood av",
        "occupation_role": "maid",
        "employer": "",
        "spouse_name": "",
        "alphabetical_range": "SNY",
        "canvas_fragment": "https://digitalcollections.tulsalibrary.org/iiif/2/p15020coll12:2857/manifest.json/canvas/248#xywh=701,457,219,34"
      }
    },
    {
      "type": "Feature",
      "geometry": {
        "type": "Point",
        "coordinates": [
          -95.9866001,
          36.1618411
        ]
      },
      "properties": {
        "name": "Spillers Bud",
        "address": "r 314 N Greenwood av",
        "occupation_role": "cook",
        "employer": "Jack's Cafe",
        "spouse_name": "Emma",
        "alphabetical_range": "SPA",
        "canvas_fragment": "https://digitalcollections.tulsalibrary.org/iiif/2/p15020coll12:2857/manifest.json/canvas/250#xywh=383,770,246,23"
      }
    },
    {
      "type": "Feature",
      "geometry": {
        "type": "Point",
        "coordinates": [
          -95.9902795,
          36.1624709
        ]
      },
      "properties": {
        "name": "Spivey Lee",
        "address": "rms 420 N Elgin av",
        "occupation_role": "porter",
        "employer": "",
        "spouse_name": "Minnie",
        "alphabetical_range": "STA",
        "canvas_fragment": "https://digitalcollections.tulsalibrary.org/iiif/2/p15020coll12:2857/manifest.json/canvas/250#xywh=693,424,218,35"
      }
    },
    {
      "type": "Feature",
      "geometry": {
        "type": "Point",
        "coordinates": [
          -95.986091,
          36.1602194
        ]
      },
      "properties": {
        "name": "Starks Fred",
        "address": "rms 129 N Greenwood",
        "occupation_role": "",
        "employer": "",
        "spouse_name": "",
        "alphabetical_range": "STA",
        "canvas_fragment": "https://digitalcollections.tulsalibrary.org/iiif/2/p15020coll12:2857/manifest.json/canvas/251#xywh=928,985,242,23"
      }
    },
    {
      "type": "Feature",
      "geometry": {
        "type": "Point",
        "coordinates": [
          -95.9811918,
          36.1725719
        ]
      },
      "properties": {
        "name": "Starr George",
        "address": "r 1234 N Lansing av",
        "occupation_role": "lab",
        "employer": "",
        "spouse_name": "Gertrude",
        "alphabetical_range": "STA",
        "canvas_fragment": "https://digitalcollections.tulsalibrary.org/iiif/2/p15020coll12:2857/manifest.json/canvas/251#xywh=928,1239,222,21"
      }
    },
    {
      "type": "Feature",
      "geometry": {
        "type": "Point",
        "coordinates": [
          -95.9869989,
          36.1597621
        ]
      },
      "properties": {
        "name": "Stearles Charles",
        "address": "rms 501 E Archer",
        "occupation_role": "lab",
        "employer": "",
        "spouse_name": "",
        "alphabetical_range": "STA",
        "canvas_fragment": "https://digitalcollections.tulsalibrary.org/iiif/2/p15020coll12:2857/manifest.json/canvas/252#xywh=144,856,248,25"
      }
    },
    {
      "type": "Feature",
      "geometry": {
        "type": "Point",
        "coordinates": [
          -95.9865027,
          36.1683301
        ]
      },
      "properties": {
        "name": "Steed Caldwell",
        "address": "rms 639 Bryant",
        "occupation_role": "lab",
        "employer": "Minnetonka Lbr Co",
        "spouse_name": "",
        "alphabetical_range": "STA",
        "canvas_fragment": "https://digitalcollections.tulsalibrary.org/iiif/2/p15020coll12:2857/manifest.json/canvas/252#xywh=142,1449,251,17"
      }
    },
    {
      "type": "Feature",
      "geometry": {
        "type": "Point",
        "coordinates": [
          -95.9902873,
          36.1624858
        ]
      },
      "properties": {
        "name": "Steed Claranece",
        "address": "rms 424 N Elgin",
        "occupation_role": "",
        "employer": "",
        "spouse_name": "",
        "alphabetical_range": "STA",
        "canvas_fragment": "https://digitalcollections.tulsalibrary.org/iiif/2/p15020coll12:2857/manifest.json/canvas/252#xywh=143,1482,249,20"
      }
    },
    {
      "type": "Feature",
      "geometry": {
        "type": "Point",
        "coordinates": [
          -95.9902873,
          36.1624858
        ]
      },
      "properties": {
        "name": "Steed Mattie L",
        "address": "rms 424 N Elgin av",
        "occupation_role": "custodian",
        "employer": "P O",
        "spouse_name": "",
        "alphabetical_range": "STA",
        "canvas_fragment": "https://digitalcollections.tulsalibrary.org/iiif/2/p15020coll12:2857/manifest.json/canvas/252#xywh=143,1518,250,21"
      }
    },
    {
      "type": "Feature",
      "geometry": {
        "type": "Point",
        "coordinates": [
          -95.9902873,
          36.1624858
        ]
      },
      "properties": {
        "name": "Steed Nellie",
        "address": "rms 424 N Elgin av",
        "occupation_role": "custodian",
        "employer": "P O",
        "spouse_name": "",
        "alphabetical_range": "STA",
        "canvas_fragment": "https://digitalcollections.tulsalibrary.org/iiif/2/p15020coll12:2857/manifest.json/canvas/252#xywh=143,1554,249,19"
      }
    },
    {
      "type": "Feature",
      "geometry": {
        "type": "Point",
        "coordinates": [
          -95.9869989,
          36.1597621
        ]
      },
      "properties": {
        "name": "Stephenson Robert",
        "address": "rms 501 E Archer",
        "occupation_role": "lab",
        "employer": "",
        "spouse_name": "",
        "alphabetical_range": "STE",
        "canvas_fragment": "https://digitalcollections.tulsalibrary.org/iiif/2/p15020coll12:2857/manifest.json/canvas/253#xywh=143,1324,252,23"
      }
    },
    {
      "type": "Feature",
      "geometry": {
        "type": "Point",
        "coordinates": [
          -95.9856857,
          36.1631696
        ]
      },
      "properties": {
        "name": "Sterling Maurice",
        "address": "rms 513 N Greenwood av",
        "occupation_role": "porter",
        "employer": "307 S Boulder av",
        "spouse_name": "",
        "alphabetical_range": "STE",
        "canvas_fragment": "https://digitalcollections.tulsalibrary.org/iiif/2/p15020coll12:2857/manifest.json/canvas/253#xywh=397,280,246,29"
      }
    },
    {
      "type": "Feature",
      "geometry": {
        "type": "Point",
        "coordinates": [
          -95.9890918,
          36.1605301
        ]
      },
      "properties": {
        "name": "Stevens Mrs Anna",
        "address": "r 117 N Elgin",
        "occupation_role": "",
        "employer": "",
        "spouse_name": "",
        "alphabetical_range": "STE",
        "canvas_fragment": "https://digitalcollections.tulsalibrary.org/iiif/2/p15020coll12:2857/manifest.json/canvas/253#xywh=402,930,244,21"
      }
    },
    {
      "type": "Feature",
      "geometry": {
        "type": "Point",
        "coordinates": [
          -95.9869632,
          36.1597743
        ]
      },
      "properties": {
        "name": "Steward Eva",
        "address": "rms 505 E Archer",
        "occupation_role": "maid",
        "employer": "New Fox Hotel",
        "spouse_name": "",
        "alphabetical_range": "STE",
        "canvas_fragment": "https://digitalcollections.tulsalibrary.org/iiif/2/p15020coll12:2857/manifest.json/canvas/253#xywh=692,1213,218,24"
      }
    },
    {
      "type": "Feature",
      "geometry": {
        "type": "Point",
        "coordinates": [
          -95.9902382,
          36.1628118
        ]
      },
      "properties": {
        "name": "Stinson Mrs Ruth",
        "address": "rms 408 E Easton",
        "occupation_role": "maid",
        "employer": "Drexel Hotel",
        "spouse_name": "",
        "alphabetical_range": "STI",
        "canvas_fragment": "https://digitalcollections.tulsalibrary.org/iiif/2/p15020coll12:2857/manifest.json/canvas/254#xywh=701,616,216,18"
      }
    },
    {
      "type": "Feature",
      "geometry": {
        "type": "Point",
        "coordinates": [
          -95.9904832,
          36.1628621
        ]
      },
      "properties": {
        "name": "Stone Mrs Flora",
        "address": "r 515 N Elgin av",
        "occupation_role": "",
        "employer": "",
        "spouse_name": "",
        "alphabetical_range": "STO",
        "canvas_fragment": "https://digitalcollections.tulsalibrary.org/iiif/2/p15020coll12:2857/manifest.json/canvas/255#xywh=148,314,251,32"
      }
    },
    {
      "type": "Feature",
      "geometry": {
        "type": "Point",
        "coordinates": [
          -95.9919789,
          36.1630314
        ]
      },
      "properties": {
        "name": "Stovall Jesse",
        "address": "rms 523 N Detroit av",
        "occupation_role": "janitor",
        "employer": "",
        "spouse_name": "Birdie",
        "alphabetical_range": "STO",
        "canvas_fragment": "https://digitalcollections.tulsalibrary.org/iiif/2/p15020coll12:2857/manifest.json/canvas/255#xywh=712,590,220,21"
      }
    },
    {
      "type": "Feature",
      "geometry": {
        "type": "Point",
        "coordinates": [
          -95.9862753,
          36.1612858
        ]
      },
      "properties": {
        "name": "Stradford Hotel",
        "address": "301 N Greenwood av",
        "occupation_role": "hotel",
        "employer": "",
        "spouse_name": "",
        "alphabetical_range": "STO",
        "canvas_fragment": "https://digitalcollections.tulsalibrary.org/iiif/2/p15020coll12:2857/manifest.json/canvas/255#xywh=707,1107,222,22"
      }
    },
    {
      "type": "Feature",
      "geometry": {
        "type": "Point",
        "coordinates": [
          -95.986507,
          36.16119
        ]
      },
      "properties": {
        "name": "Stradford John B",
        "address": "r 607 E Cameron",
        "occupation_role": "billiards",
        "employer": "",
        "spouse_name": "Augusta",
        "alphabetical_range": "STO",
        "canvas_fragment": "https://digitalcollections.tulsalibrary.org/iiif/2/p15020coll12:2857/manifest.json/canvas/255#xywh=719,1148,209,26"
      }
    },
    {
      "type": "Feature",
      "geometry": {
        "type": "Point",
        "coordinates": [
          -95.9873665,
          36.1631583
        ]
      },
      "properties": {
        "name": "Streeter Anna",
        "address": "b 524 N Greenwood av",
        "occupation_role": "lab",
        "employer": "",
        "spouse_name": "",
        "alphabetical_range": "STR",
        "canvas_fragment": "https://digitalcollections.tulsalibrary.org/iiif/2/p15020coll12:2857/manifest.json/canvas/256#xywh=133,634,252,32"
      }
    },
    {
      "type": "Feature",
      "geometry": {
        "type": "Point",
        "coordinates": [
          -95.9873665,
          36.1631583
        ]
      },
      "properties": {
        "name": "Streeter Andrew",
        "address": "r 524 N Greenwood av",
        "occupation_role": "lab",
        "employer": "",
        "spouse_name": "Adeline",
        "alphabetical_range": "STR",
        "canvas_fragment": "https://digitalcollections.tulsalibrary.org/iiif/2/p15020coll12:2857/manifest.json/canvas/256#xywh=133,668,254,27"
      }
    },
    {
      "type": "Feature",
      "geometry": {
        "type": "Point",
        "coordinates": [
          -95.9873665,
          36.1631583
        ]
      },
      "properties": {
        "name": "Streeter Joseph",
        "address": "b 524 N Greenwood av",
        "occupation_role": "lab",
        "employer": "",
        "spouse_name": "",
        "alphabetical_range": "STR",
        "canvas_fragment": "https://digitalcollections.tulsalibrary.org/iiif/2/p15020coll12:2857/manifest.json/canvas/256#xywh=134,712,179,22"
      }
    },
    {
      "type": "Feature",
      "geometry": {
        "type": "Point",
        "coordinates": [
          -95.9830852,
          36.171727
        ]
      },
      "properties": {
        "name": "Strong Edward",
        "address": "r 1210 Pocahontas",
        "occupation_role": "lab",
        "employer": "",
        "spouse_name": "Sarah",
        "alphabetical_range": "STR",
        "canvas_fragment": "https://digitalcollections.tulsalibrary.org/iiif/2/p15020coll12:2857/manifest.json/canvas/256#xywh=395,719,249,29"
      }
    },
    {
      "type": "Feature",
      "geometry": {
        "type": "Point",
        "coordinates": [
          -95.9830852,
          36.171727
        ]
      },
      "properties": {
        "name": "Strong Richard",
        "address": "b 1210 Pocahontas",
        "occupation_role": "lab",
        "employer": "",
        "spouse_name": "",
        "alphabetical_range": "STR",
        "canvas_fragment": "https://digitalcollections.tulsalibrary.org/iiif/2/p15020coll12:2857/manifest.json/canvas/256#xywh=396,1026,248,19"
      }
    },
    {
      "type": "Feature",
      "geometry": {
        "type": "Point",
        "coordinates": [
          -95.9867286,
          36.1680536
        ]
      },
      "properties": {
        "name": "Stroud John H",
        "address": "r 608 Bryant",
        "occupation_role": "lab",
        "employer": "",
        "spouse_name": "Lennie",
        "alphabetical_range": "STR",
        "canvas_fragment": "https://digitalcollections.tulsalibrary.org/iiif/2/p15020coll12:2857/manifest.json/canvas/256#xywh=398,1554,248,21"
      }
    },
    {
      "type": "Feature",
      "geometry": {
        "type": "Point",
        "coordinates": [
          -95.9869632,
          36.1597743
        ]
      },
      "properties": {
        "name": "Stuart Clifford",
        "address": "rms 505 E Archer",
        "occupation_role": "lab",
        "employer": "",
        "spouse_name": "Eva",
        "alphabetical_range": "STR",
        "canvas_fragment": "https://digitalcollections.tulsalibrary.org/iiif/2/p15020coll12:2857/manifest.json/canvas/256#xywh=708,486,221,16"
      }
    },
    {
      "type": "Feature",
      "geometry": {
        "type": "Point",
        "coordinates": [
          -95.9910256,
          36.1627376
        ]
      },
      "properties": {
        "name": "Stuart Jveon",
        "address": "rms 524 N Elgin av",
        "occupation_role": "",
        "employer": "",
        "spouse_name": "",
        "alphabetical_range": "STR",
        "canvas_fragment": "https://digitalcollections.tulsalibrary.org/iiif/2/p15020coll12:2857/manifest.json/canvas/256#xywh=708,777,219,16"
      }
    },
    {
      "type": "Feature",
      "geometry": {
        "type": "Point",
        "coordinates": [
          -95.9897474,
          36.1614523
        ]
      },
      "properties": {
        "name": "Suddeth Cramer",
        "address": "r 324 N Elgin av",
        "occupation_role": "chauffeur",
        "employer": "",
        "spouse_name": "May",
        "alphabetical_range": "SUL",
        "canvas_fragment": "https://digitalcollections.tulsalibrary.org/iiif/2/p15020coll12:2857/manifest.json/canvas/256#xywh=932,1023,243,20"
      }
    },
    {
      "type": "Feature",
      "geometry": {
        "type": "Point",
        "coordinates": [
          -95.9866001,
          36.1618411
        ]
      },
      "properties": {
        "name": "Sullivan James",
        "address": "b 314 N Greenwood av",
        "occupation_role": "porter",
        "employer": "Seidenbach's",
        "spouse_name": "",
        "alphabetical_range": "SUL",
        "canvas_fragment": "https://digitalcollections.tulsalibrary.org/iiif/2/p15020coll12:2857/manifest.json/canvas/257#xywh=124,706,253,28"
      }
    },
    {
      "type": "Feature",
      "geometry": {
        "type": "Point",
        "coordinates": [
          -95.98636,
          36.1600768
        ]
      },
      "properties": {
        "name": "Sullivan Joseph",
        "address": "rms 108 N Greenwood av",
        "occupation_role": "porter",
        "employer": "",
        "spouse_name": "",
        "alphabetical_range": "SUL",
        "canvas_fragment": "https://digitalcollections.tulsalibrary.org/iiif/2/p15020coll12:2857/manifest.json/canvas/257#xywh=126,965,252,49"
      }
    },
    {
      "type": "Feature",
      "geometry": {
        "type": "Point",
        "coordinates": [
          -95.9904371,
          36.1627736
        ]
      },
      "properties": {
        "name": "Sumner Cebrun",
        "address": "rms 503 N Elgin av",
        "occupation_role": "waiter",
        "employer": "",
        "spouse_name": "",
        "alphabetical_range": "SUM",
        "canvas_fragment": "https://digitalcollections.tulsalibrary.org/iiif/2/p15020coll12:2857/manifest.json/canvas/257#xywh=388,1463,249,17"
      }
    },
    {
      "type": "Feature",
      "geometry": {
        "type": "Point",
        "coordinates": [
          -95.9904371,
          36.1627736
        ]
      },
      "properties": {
        "name": "Sumner Charles C",
        "address": "rms 503 N Elgin av",
        "occupation_role": "helper",
        "employer": "",
        "spouse_name": "",
        "alphabetical_range": "SUM",
        "canvas_fragment": "https://digitalcollections.tulsalibrary.org/iiif/2/p15020coll12:2857/manifest.json/canvas/257#xywh=387,1492,251,21"
      }
    },
    {
      "type": "Feature",
      "geometry": {
        "type": "Point",
        "coordinates": [
          -95.9865681,
          36.1692529
        ]
      },
      "properties": {
        "name": "Sutherland Sampson",
        "address": "r 651 Williams",
        "occupation_role": "plumber",
        "employer": "",
        "spouse_name": "Bertha",
        "alphabetical_range": "SUT",
        "canvas_fragment": "https://digitalcollections.tulsalibrary.org/iiif/2/p15020coll12:2857/manifest.json/canvas/257#xywh=927,1187,179,20"
      }
    },
    {
      "type": "Feature",
      "geometry": {
        "type": "Point",
        "coordinates": [
          -95.9866001,
          36.1618411
        ]
      },
      "properties": {
        "name": "Sutless Robert",
        "address": "rms 314 N Greenwood av",
        "occupation_role": "lab",
        "employer": "",
        "spouse_name": "Ella",
        "alphabetical_range": "SUT",
        "canvas_fragment": "https://digitalcollections.tulsalibrary.org/iiif/2/p15020coll12:2857/manifest.json/canvas/257#xywh=927,1273,248,21"
      }
    },
    {
      "type": "Feature",
      "geometry": {
        "type": "Point",
        "coordinates": [
          -95.9865639,
          36.1683296
        ]
      },
      "properties": {
        "name": "Sweet Gene",
        "address": "r 631 Bryant",
        "occupation_role": "",
        "employer": "",
        "spouse_name": "Stella",
        "alphabetical_range": "SYK",
        "canvas_fragment": "https://digitalcollections.tulsalibrary.org/iiif/2/p15020coll12:2857/manifest.json/canvas/258#xywh=708,764,218,18"
      }
    },
    {
      "type": "Feature",
      "geometry": {
        "type": "Point",
        "coordinates": [
          -95.9868049,
          36.1665713
        ]
      },
      "properties": {
        "name": "Swenney Raymond",
        "address": "b 817 N Greenwood av",
        "occupation_role": "lab",
        "employer": "",
        "spouse_name": "",
        "alphabetical_range": "SYK",
        "canvas_fragment": "https://digitalcollections.tulsalibrary.org/iiif/2/p15020coll12:2857/manifest.json/canvas/258#xywh=707,817,218,17"
      }
    },
    {
      "type": "Feature",
      "geometry": {
        "type": "Point",
        "coordinates": [
          -95.9905217,
          36.1629358
        ]
      },
      "properties": {
        "name": "Swinger Bradley",
        "address": "r 525 N Elgin av",
        "occupation_role": "janitor",
        "employer": "Walker Apts",
        "spouse_name": "Carolene",
        "alphabetical_range": "SYK",
        "canvas_fragment": "https://digitalcollections.tulsalibrary.org/iiif/2/p15020coll12:2857/manifest.json/canvas/258#xywh=936,488,242,35"
      }
    },
    {
      "type": "Feature",
      "geometry": {
        "type": "Point",
        "coordinates": [
          -95.986799,
          36.1692523
        ]
      },
      "properties": {
        "name": "Symes Arthur",
        "address": "rms 129 1/2 N Greenwood av",
        "occupation_role": "cook",
        "employer": "",
        "spouse_name": "",
        "alphabetical_range": "SYK",
        "canvas_fragment": "https://digitalcollections.tulsalibrary.org/iiif/2/p15020coll12:2857/manifest.json/canvas/259#xywh=146,430,250,38"
      }
    },
    {
      "type": "Feature",
      "geometry": {
        "type": "Point",
        "coordinates": [
          -95.9830894,
          36.1708096
        ]
      },
      "properties": {
        "name": "Taylor Arthur",
        "address": "r 1112 Pocahontas",
        "occupation_role": "elev opr",
        "employer": "Clinton bldg",
        "spouse_name": "Mattie",
        "alphabetical_range": "TAY",
        "canvas_fragment": "https://digitalcollections.tulsalibrary.org/iiif/2/p15020coll12:2857/manifest.json/canvas/259#xywh=1198,1638,16,20"
      }
    },
    {
      "type": "Feature",
      "geometry": {
        "type": "Point",
        "coordinates": [
          -95.9830841,
          36.1705241
        ]
      },
      "properties": {
        "name": "Taylor Mrs Ella",
        "address": "r 1107 Pocahontas",
        "occupation_role": "",
        "employer": "",
        "spouse_name": "",
        "alphabetical_range": "TAY",
        "canvas_fragment": "https://digitalcollections.tulsalibrary.org/iiif/2/p15020coll12:2857/manifest.json/canvas/260#xywh=140,635,250,32"
      }
    },
    {
      "type": "Feature",
      "geometry": {
        "type": "Point",
        "coordinates": [
          -95.9865949,
          36.1614761
        ]
      },
      "properties": {
        "name": "Taylor George",
        "address": "rms 306 N Greenwood av",
        "occupation_role": "porter",
        "employer": "",
        "spouse_name": "Gladys",
        "alphabetical_range": "TAY",
        "canvas_fragment": "https://digitalcollections.tulsalibrary.org/iiif/2/p15020coll12:2857/manifest.json/canvas/260#xywh=140,1067,198,24"
      }
    },
    {
      "type": "Feature",
      "geometry": {
        "type": "Point",
        "coordinates": [
          -95.9863507,
          36.1692535
        ]
      },
      "properties": {
        "name": "Taylor Jeffrey N",
        "address": "r 712 E Williams",
        "occupation_role": "lab",
        "employer": "",
        "spouse_name": "",
        "alphabetical_range": "TAY",
        "canvas_fragment": "https://digitalcollections.tulsalibrary.org/iiif/2/p15020coll12:2857/manifest.json/canvas/260#xywh=399,439,245,34"
      }
    },
    {
      "type": "Feature",
      "geometry": {
        "type": "Point",
        "coordinates": [
          -95.9867984,
          36.1703165
        ]
      },
      "properties": {
        "name": "Taylor Lee",
        "address": "r 1134 N Greenwood av",
        "occupation_role": "helper",
        "employer": "",
        "spouse_name": "Josephine",
        "alphabetical_range": "TAY",
        "canvas_fragment": "https://digitalcollections.tulsalibrary.org/iiif/2/p15020coll12:2857/manifest.json/canvas/260#xywh=399,879,245,26"
      }
    },
    {
      "type": "Feature",
      "geometry": {
        "type": "Point",
        "coordinates": [
          -95.9890127,
          36.1679717
        ]
      },
      "properties": {
        "name": "Taylor Mary B",
        "address": "r 811 N Ruth av",
        "occupation_role": "",
        "employer": "",
        "spouse_name": "",
        "alphabetical_range": "TAY",
        "canvas_fragment": "https://digitalcollections.tulsalibrary.org/iiif/2/p15020coll12:2857/manifest.json/canvas/260#xywh=399,1268,237,22"
      }
    },
    {
      "type": "Feature",
      "geometry": {
        "type": "Point",
        "coordinates": [
          -95.9811948,
          36.1732868
        ]
      },
      "properties": {
        "name": "Taylor Odervan",
        "address": "b 1284 N Lansing av",
        "occupation_role": "maid",
        "employer": "",
        "spouse_name": "",
        "alphabetical_range": "TAY",
        "canvas_fragment": "https://digitalcollections.tulsalibrary.org/iiif/2/p15020coll12:2857/manifest.json/canvas/260#xywh=400,1448,246,21"
      }
    },
    {
      "type": "Feature",
      "geometry": {
        "type": "Point",
        "coordinates": [
          -95.9811913,
          36.172554
        ]
      },
      "properties": {
        "name": "Taylor Roy",
        "address": "r 1232 N Lansing av",
        "occupation_role": "lab",
        "employer": "",
        "spouse_name": "Elsie",
        "alphabetical_range": "TAY",
        "canvas_fragment": "https://digitalcollections.tulsalibrary.org/iiif/2/p15020coll12:2857/manifest.json/canvas/260#xywh=701,353,219,32"
      }
    },
    {
      "type": "Feature",
      "geometry": {
        "type": "Point",
        "coordinates": [
          -95.9830852,
          36.171727
        ]
      },
      "properties": {
        "name": "Taylor Rufus",
        "address": "r 1254 Pocahontas",
        "occupation_role": "lab",
        "employer": "",
        "spouse_name": "Laura",
        "alphabetical_range": "TAY",
        "canvas_fragment": "https://digitalcollections.tulsalibrary.org/iiif/2/p15020coll12:2857/manifest.json/canvas/260#xywh=701,389,220,31"
      }
    },
    {
      "type": "Feature",
      "geometry": {
        "type": "Point",
        "coordinates": [
          -95.9899631,
          36.1629136
        ]
      },
      "properties": {
        "name": "Teamer Beesegnior",
        "address": "r 420 E Easton",
        "occupation_role": "cook",
        "employer": "White & Brown",
        "spouse_name": "Vetrol",
        "alphabetical_range": "TEM",
        "canvas_fragment": "https://digitalcollections.tulsalibrary.org/iiif/2/p15020coll12:2857/manifest.json/canvas/260#xywh=928,289,239,21"
      }
    },
    {
      "type": "Feature",
      "geometry": {
        "type": "Point",
        "coordinates": [
          -95.986799,
          36.1692523
        ]
      },
      "properties": {
        "name": "Temple Thomas",
        "address": "rms 115 1/2 N Greenwood av",
        "occupation_role": "lab",
        "employer": "",
        "spouse_name": "",
        "alphabetical_range": "TEM",
        "canvas_fragment": "https://digitalcollections.tulsalibrary.org/iiif/2/p15020coll12:2857/manifest.json/canvas/260#xywh=925,1531,242,18"
      }
    },
    {
      "type": "Feature",
      "geometry": {
        "type": "Point",
        "coordinates": [
          -95.983523,
          36.1708449
        ]
      },
      "properties": {
        "name": "Thomas Arthur",
        "address": "b 1130 Pocahontas",
        "occupation_role": "barber",
        "employer": "Lonnie Frasier",
        "spouse_name": "Minnie",
        "alphabetical_range": "THO",
        "canvas_fragment": "https://digitalcollections.tulsalibrary.org/iiif/2/p15020coll12:2857/manifest.json/canvas/262#xywh=143,568,233,30"
      }
    },
    {
      "type": "Feature",
      "geometry": {
        "type": "Point",
        "coordinates": [
          -95.9865956,
          36.1622269
        ]
      },
      "properties": {
        "name": "Thomas Eud",
        "address": "r 415 N Greenwood av",
        "occupation_role": "lab",
        "employer": "",
        "spouse_name": "Liza",
        "alphabetical_range": "THO",
        "canvas_fragment": "https://digitalcollections.tulsalibrary.org/iiif/2/p15020coll12:2857/manifest.json/canvas/262#xywh=133,1008,250,23"
      }
    },
    {
      "type": "Feature",
      "geometry": {
        "type": "Point",
        "coordinates": [
          -95.9869632,
          36.1597743
        ]
      },
      "properties": {
        "name": "Thomas Edward",
        "address": "rms 505 E Archer",
        "occupation_role": "lab",
        "employer": "",
        "spouse_name": "",
        "alphabetical_range": "THO",
        "canvas_fragment": "https://digitalcollections.tulsalibrary.org/iiif/2/p15020coll12:2857/manifest.json/canvas/262#xywh=134,1620,252,21"
      }
    },
    {
      "type": "Feature",
      "geometry": {
        "type": "Point",
        "coordinates": [
          -95.983523,
          36.1708525
        ]
      },
      "properties": {
        "name": "Thomas James",
        "address": "r 1134 Pocahontas",
        "occupation_role": "lab",
        "employer": "",
        "spouse_name": "Jane",
        "alphabetical_range": "THO",
        "canvas_fragment": "https://digitalcollections.tulsalibrary.org/iiif/2/p15020coll12:2857/manifest.json/canvas/262#xywh=394,1495,246,21"
      }
    },
    {
      "type": "Feature",
      "geometry": {
        "type": "Point",
        "coordinates": [
          -95.985699,
          36.1633049
        ]
      },
      "properties": {
        "name": "Thomas James",
        "address": "r 517 N Greenwood av",
        "occupation_role": "driver",
        "employer": "",
        "spouse_name": "Mollie",
        "alphabetical_range": "THO",
        "canvas_fragment": "https://digitalcollections.tulsalibrary.org/iiif/2/p15020coll12:2857/manifest.json/canvas/262#xywh=394,1533,245,21"
      }
    },
    {
      "type": "Feature",
      "geometry": {
        "type": "Point",
        "coordinates": [
          -95.9910122,
          36.1627119
        ]
      },
      "properties": {
        "name": "Thomas John",
        "address": "rms 520 N Elgin av",
        "occupation_role": "porter",
        "employer": "",
        "spouse_name": "",
        "alphabetical_range": "THO",
        "canvas_fragment": "https://digitalcollections.tulsalibrary.org/iiif/2/p15020coll12:2857/manifest.json/canvas/262#xywh=688,352,219,21"
      }
    },
    {
      "type": "Feature",
      "geometry": {
        "type": "Point",
        "coordinates": [
          -95.9862563,
          36.1641399
        ]
      },
      "properties": {
        "name": "Thomas John T",
        "address": "rms 711 N Greenwood av",
        "occupation_role": "lab",
        "employer": "",
        "spouse_name": "Lonie",
        "alphabetical_range": "THO",
        "canvas_fragment": "https://digitalcollections.tulsalibrary.org/iiif/2/p15020coll12:2857/manifest.json/canvas/262#xywh=688,560,218,25"
      }
    },
    {
      "type": "Feature",
      "geometry": {
        "type": "Point",
        "coordinates": [
          -95.9865956,
          36.1622269
        ]
      },
      "properties": {
        "name": "Thomas Elizabeth",
        "address": "r 415 N Greenwood av",
        "occupation_role": "maid",
        "employer": "",
        "spouse_name": "",
        "alphabetical_range": "THO",
        "canvas_fragment": "https://digitalcollections.tulsalibrary.org/iiif/2/p15020coll12:2857/manifest.json/canvas/262#xywh=687,968,219,20"
      }
    },
    {
      "type": "Feature",
      "geometry": {
        "type": "Point",
        "coordinates": [
          -95.9862813,
          36.161562
        ]
      },
      "properties": {
        "name": "Thomas Maurice",
        "address": "rms 315 N Greenwood av",
        "occupation_role": "shoe shiner",
        "employer": "Anpariotie Bros",
        "spouse_name": "",
        "alphabetical_range": "THO",
        "canvas_fragment": "https://digitalcollections.tulsalibrary.org/iiif/2/p15020coll12:2857/manifest.json/canvas/262#xywh=686,1344,220,23"
      }
    },
    {
      "type": "Feature",
      "geometry": {
        "type": "Point",
        "coordinates": [
          -95.9902407,
          36.1623964
        ]
      },
      "properties": {
        "name": "Thomas Samuel M",
        "address": "rms 509 E Easton",
        "occupation_role": "lab",
        "employer": "",
        "spouse_name": "",
        "alphabetical_range": "THO",
        "canvas_fragment": "https://digitalcollections.tulsalibrary.org/iiif/2/p15020coll12:2857/manifest.json/canvas/262#xywh=913,885,243,28"
      }
    },
    {
      "type": "Feature",
      "geometry": {
        "type": "Point",
        "coordinates": [
          -95.9862753,
          36.1612858
        ]
      },
      "properties": {
        "name": "Thompson Clarence D",
        "address": "301 N Greenwood",
        "occupation_role": "helper",
        "employer": "",
        "spouse_name": "",
        "alphabetical_range": "THO",
        "canvas_fragment": "https://digitalcollections.tulsalibrary.org/iiif/2/p15020coll12:2857/manifest.json/canvas/263#xywh=155,1512,253,24"
      }
    },
    {
      "type": "Feature",
      "geometry": {
        "type": "Point",
        "coordinates": [
          -95.9860436,
          36.1683339
        ]
      },
      "properties": {
        "name": "Thompson David",
        "address": "r 840 1/2 E Bryant",
        "occupation_role": "lab",
        "employer": "",
        "spouse_name": "Idella",
        "alphabetical_range": "THO",
        "canvas_fragment": "https://digitalcollections.tulsalibrary.org/iiif/2/p15020coll12:2857/manifest.json/canvas/263#xywh=406,316,241,19"
      }
    },
    {
      "type": "Feature",
      "geometry": {
        "type": "Point",
        "coordinates": [
          -95.9874763,
          36.1632702
        ]
      },
      "properties": {
        "name": "Thompson David",
        "address": "r 610 N Greenwood av",
        "occupation_role": "lab",
        "employer": "",
        "spouse_name": "Ada",
        "alphabetical_range": "THO",
        "canvas_fragment": "https://digitalcollections.tulsalibrary.org/iiif/2/p15020coll12:2857/manifest.json/canvas/263#xywh=422,523,112,20"
      }
    },
    {
      "type": "Feature",
      "geometry": {
        "type": "Point",
        "coordinates": [
          -95.9899631,
          36.1629136
        ]
      },
      "properties": {
        "name": "Thompson Lillid W",
        "address": "r 420 E Easton",
        "occupation_role": "clk",
        "employer": "P S Thompson",
        "spouse_name": "Bessie",
        "alphabetical_range": "THO",
        "canvas_fragment": "https://digitalcollections.tulsalibrary.org/iiif/2/p15020coll12:2857/manifest.json/canvas/263#xywh=702,1556,220,21"
      }
    },
    {
      "type": "Feature",
      "geometry": {
        "type": "Point",
        "coordinates": [
          -95.9890927,
          36.1605319
        ]
      },
      "properties": {
        "name": "Thompson Richard",
        "address": "112 S Main av, rms 123 N Elgin av",
        "occupation_role": "porter",
        "employer": "",
        "spouse_name": "",
        "alphabetical_range": "THO",
        "canvas_fragment": "https://digitalcollections.tulsalibrary.org/iiif/2/p15020coll12:2857/manifest.json/canvas/263#xywh=929,1322,251,31"
      }
    },
    {
      "type": "Feature",
      "geometry": {
        "type": "Point",
        "coordinates": [
          -95.986799,
          36.1692523
        ]
      },
      "properties": {
        "name": "Thompson Webster",
        "address": "rms 107 1/2 N Greenwood av",
        "occupation_role": "porter",
        "employer": "",
        "spouse_name": "Roy",
        "alphabetical_range": "THO",
        "canvas_fragment": "https://digitalcollections.tulsalibrary.org/iiif/2/p15020coll12:2857/manifest.json/canvas/264#xywh=114,923,241,20"
      }
    },
    {
      "type": "Feature",
      "geometry": {
        "type": "Point",
        "coordinates": [
          -95.9865771,
          36.1692529
        ]
      },
      "properties": {
        "name": "Thornton Donie",
        "address": "b 649 Williams",
        "occupation_role": "",
        "employer": "",
        "spouse_name": "",
        "alphabetical_range": "THO",
        "canvas_fragment": "https://digitalcollections.tulsalibrary.org/iiif/2/p15020coll12:2857/manifest.json/canvas/264#xywh=363,871,231,29"
      }
    },
    {
      "type": "Feature",
      "geometry": {
        "type": "Point",
        "coordinates": [
          -95.9830852,
          36.171727
        ]
      },
      "properties": {
        "name": "Todd James",
        "address": "r 1233 Pocahontas",
        "occupation_role": "lab",
        "employer": "",
        "spouse_name": "Sedalia",
        "alphabetical_range": "TIT",
        "canvas_fragment": "https://digitalcollections.tulsalibrary.org/iiif/2/p15020coll12:2857/manifest.json/canvas/265#xywh=711,1290,45,20"
      }
    },
    {
      "type": "Feature",
      "geometry": {
        "type": "Point",
        "coordinates": [
          -95.99202,
          36.1631186
        ]
      },
      "properties": {
        "name": "Tolbert Wm",
        "address": "rms 541 N Detroit av",
        "occupation_role": "butler",
        "employer": "",
        "spouse_name": "Lonnye",
        "alphabetical_range": "TOM",
        "canvas_fragment": "https://digitalcollections.tulsalibrary.org/iiif/2/p15020coll12:2857/manifest.json/canvas/265#xywh=949,579,239,27"
      }
    },
    {
      "type": "Feature",
      "geometry": {
        "type": "Point",
        "coordinates": [
          -95.9861674,
          36.1701814
        ]
      },
      "properties": {
        "name": "Totts Alonzo Z",
        "address": "r 628 Booker",
        "occupation_role": "helper",
        "employer": "",
        "spouse_name": "Edna",
        "alphabetical_range": "TOM",
        "canvas_fragment": "https://digitalcollections.tulsalibrary.org/iiif/2/p15020coll12:2857/manifest.json/canvas/266#xywh=131,1618,238,22"
      }
    },
    {
      "type": "Feature",
      "geometry": {
        "type": "Point",
        "coordinates": [
          -95.9873856,
          36.1685866
        ]
      },
      "properties": {
        "name": "Towles Corine",
        "address": "rms 535 Bryant",
        "occupation_role": "",
        "employer": "",
        "spouse_name": "",
        "alphabetical_range": "TOM",
        "canvas_fragment": "https://digitalcollections.tulsalibrary.org/iiif/2/p15020coll12:2857/manifest.json/canvas/266#xywh=375,808,219,20"
      }
    },
    {
      "type": "Feature",
      "geometry": {
        "type": "Point",
        "coordinates": [
          -95.9860833,
          36.1601365
        ]
      },
      "properties": {
        "name": "Tracey Herbert",
        "address": "rms 109 N Greenwood av",
        "occupation_role": "janitor",
        "employer": "S W Bell Tel Co",
        "spouse_name": "",
        "alphabetical_range": "TRA",
        "canvas_fragment": "https://digitalcollections.tulsalibrary.org/iiif/2/p15020coll12:2857/manifest.json/canvas/266#xywh=703,321,239,23"
      }
    },
    {
      "type": "Feature",
      "geometry": {
        "type": "Point",
        "coordinates": [
          -95.986799,
          36.1692523
        ]
      },
      "properties": {
        "name": "Travis Plato H",
        "address": "122 1/2 N Greenwood av, r 527 N Elgin",
        "occupation_role": "dentist",
        "employer": "",
        "spouse_name": "Lucille",
        "alphabetical_range": "TRE",
        "canvas_fragment": "https://digitalcollections.tulsalibrary.org/iiif/2/p15020coll12:2857/manifest.json/canvas/266#xywh=945,719,236,29"
      }
    },
    {
      "type": "Feature",
      "geometry": {
        "type": "Point",
        "coordinates": [
          -95.9866001,
          36.1618411
        ]
      },
      "properties": {
        "name": "Traylor Buddie",
        "address": "r 314 N Greenwood av",
        "occupation_role": "cook",
        "employer": "",
        "spouse_name": "Ola",
        "alphabetical_range": "TRE",
        "canvas_fragment": "https://digitalcollections.tulsalibrary.org/iiif/2/p15020coll12:2857/manifest.json/canvas/266#xywh=944,878,235,33"
      }
    },
    {
      "type": "Feature",
      "geometry": {
        "type": "Point",
        "coordinates": [
          -95.9863218,
          36.15994
        ]
      },
      "properties": {
        "name": "Tulsa Public Health Association No 2",
        "address": "24 N Greenwood av",
        "occupation_role": "Mrs Emma Robinson (c), supt",
        "employer": "",
        "spouse_name": "",
        "alphabetical_range": "TUL",
        "canvas_fragment": "https://digitalcollections.tulsalibrary.org/iiif/2/p15020coll12:2857/manifest.json/canvas/268#xywh=933,1609,236,20"
      }
    },
    {
      "type": "Feature",
      "geometry": {
        "type": "Point",
        "coordinates": [
          -95.9865324,
          36.1603435
        ]
      },
      "properties": {
        "name": "Tulsa Star",
        "address": "126 N Greenwood av",
        "occupation_role": "Andrew J Smitherma editor",
        "employer": "",
        "spouse_name": "",
        "alphabetical_range": "TUL",
        "canvas_fragment": "https://digitalcollections.tulsalibrary.org/iiif/2/p15020coll12:2857/manifest.json/canvas/269#xywh=117,1487,238,49"
      }
    },
    {
      "type": "Feature",
      "geometry": {
        "type": "Point",
        "coordinates": [
          -95.9909653,
          36.162622
        ]
      },
      "properties": {
        "name": "Turley Clarence",
        "address": "rms 506 N Elgin av",
        "occupation_role": "porter",
        "employer": "227 S Boston av",
        "spouse_name": "",
        "alphabetical_range": "TUT",
        "canvas_fragment": "https://digitalcollections.tulsalibrary.org/iiif/2/p15020coll12:2857/manifest.json/canvas/270#xywh=680,284,255,52"
      }
    },
    {
      "type": "Feature",
      "geometry": {
        "type": "Point",
        "coordinates": [
          -95.9909653,
          36.162622
        ]
      },
      "properties": {
        "name": "Turner Austin",
        "address": "rms 506 N Elgin av",
        "occupation_role": "chauffeur",
        "employer": "",
        "spouse_name": "Lulu",
        "alphabetical_range": "TUT",
        "canvas_fragment": "https://digitalcollections.tulsalibrary.org/iiif/2/p15020coll12:2857/manifest.json/canvas/270#xywh=677,680,254,30"
      }
    },
    {
      "type": "Feature",
      "geometry": {
        "type": "Point",
        "coordinates": [
          -95.9866001,
          36.1618411
        ]
      },
      "properties": {
        "name": "Turner Charles E",
        "address": "r 316 N Greenwood av",
        "occupation_role": "porter",
        "employer": "",
        "spouse_name": "Alice",
        "alphabetical_range": "TUT",
        "canvas_fragment": "https://digitalcollections.tulsalibrary.org/iiif/2/p15020coll12:2857/manifest.json/canvas/270#xywh=675,855,255,33"
      }
    },
    {
      "type": "Feature",
      "geometry": {
        "type": "Point",
        "coordinates": [
          -95.9866001,
          36.1618411
        ]
      },
      "properties": {
        "name": "Turner Mrs Jane",
        "address": "b 316 N Greenwood av",
        "occupation_role": "",
        "employer": "",
        "spouse_name": "",
        "alphabetical_range": "TUT",
        "canvas_fragment": "https://digitalcollections.tulsalibrary.org/iiif/2/p15020coll12:2857/manifest.json/canvas/270#xywh=941,458,252,29"
      }
    },
    {
      "type": "Feature",
      "geometry": {
        "type": "Point",
        "coordinates": [
          -95.9900548,
          36.1628797
        ]
      },
      "properties": {
        "name": "Turner Lillie",
        "address": "rms 416 E Easton",
        "occupation_role": "",
        "employer": "",
        "spouse_name": "",
        "alphabetical_range": "TUT",
        "canvas_fragment": "https://digitalcollections.tulsalibrary.org/iiif/2/p15020coll12:2857/manifest.json/canvas/270#xywh=938,759,229,29"
      }
    },
    {
      "type": "Feature",
      "geometry": {
        "type": "Point",
        "coordinates": [
          -95.9919789,
          36.1630314
        ]
      },
      "properties": {
        "name": "Tyler Julius",
        "address": "rms 523 N Detroit av",
        "occupation_role": "agt",
        "employer": "",
        "spouse_name": "",
        "alphabetical_range": "TUT",
        "canvas_fragment": "https://digitalcollections.tulsalibrary.org/iiif/2/p15020coll12:2857/manifest.json/canvas/271#xywh=115,1375,242,23"
      }
    },
    {
      "type": "Feature",
      "geometry": {
        "type": "Point",
        "coordinates": [
          -95.9860816,
          36.1602021
        ]
      },
      "properties": {
        "name": "Union Grocery Co",
        "address": "123 N Greenwood",
        "occupation_role": "grocery",
        "employer": "",
        "spouse_name": "",
        "alphabetical_range": "UNI",
        "canvas_fragment": "https://digitalcollections.tulsalibrary.org/iiif/2/p15020coll12:2857/manifest.json/canvas/271#xywh=674,300,240,25"
      }
    },
    {
      "type": "Feature",
      "geometry": {
        "type": "Point",
        "coordinates": [
          -95.990514,
          36.162921
        ]
      },
      "properties": {
        "name": "Vaden Hosea O",
        "address": "r 523 N Elgin av",
        "occupation_role": "Oquawka Billiard Parlor",
        "employer": "",
        "spouse_name": "Lyda",
        "alphabetical_range": "VAD",
        "canvas_fragment": "https://digitalcollections.tulsalibrary.org/iiif/2/p15020coll12:2857/manifest.json/canvas/272#xywh=119,327,242,22"
      }
    },
    {
      "type": "Feature",
      "geometry": {
        "type": "Point",
        "coordinates": [
          -95.986799,
          36.1692523
        ]
      },
      "properties": {
        "name": "Van Mrs Ruth",
        "address": "r 915 E Fairview",
        "occupation_role": "maid",
        "employer": "",
        "spouse_name": "",
        "alphabetical_range": "VAD",
        "canvas_fragment": "https://digitalcollections.tulsalibrary.org/iiif/2/p15020coll12:2857/manifest.json/canvas/272#xywh=117,881,239,17"
      }
    },
    {
      "type": "Feature",
      "geometry": {
        "type": "Point",
        "coordinates": [
          -95.9866006,
          36.1621184
        ]
      },
      "properties": {
        "name": "Vann Eunice",
        "address": "b 402 N Greenwood av",
        "occupation_role": "",
        "employer": "",
        "spouse_name": "",
        "alphabetical_range": "VAN",
        "canvas_fragment": "https://digitalcollections.tulsalibrary.org/iiif/2/p15020coll12:2857/manifest.json/canvas/272#xywh=691,1309,240,20"
      }
    },
    {
      "type": "Feature",
      "geometry": {
        "type": "Point",
        "coordinates": [
          -95.986799,
          36.1692523
        ]
      },
      "properties": {
        "name": "Vann Ruth",
        "address": "rms 972 E Fairview av",
        "occupation_role": "cook",
        "employer": "",
        "spouse_name": "",
        "alphabetical_range": "VAN",
        "canvas_fragment": "https://digitalcollections.tulsalibrary.org/iiif/2/p15020coll12:2857/manifest.json/canvas/272#xywh=948,471,150,22"
      }
    },
    {
      "type": "Feature",
      "geometry": {
        "type": "Point",
        "coordinates": [
          -95.9865771,
          36.1692529
        ]
      },
      "properties": {
        "name": "Vaskin Harrison",
        "address": "r 649 Williams",
        "occupation_role": "",
        "employer": "",
        "spouse_name": "Phillis",
        "alphabetical_range": "VAN",
        "canvas_fragment": "https://digitalcollections.tulsalibrary.org/iiif/2/p15020coll12:2857/manifest.json/canvas/273#xywh=128,1601,237,20"
      }
    },
    {
      "type": "Feature",
      "geometry": {
        "type": "Point",
        "coordinates": [
          -95.986799,
          36.1692523
        ]
      },
      "properties": {
        "name": "Vaughn Erry",
        "address": "rms 115 1/2 N Greenwood av",
        "occupation_role": "lab",
        "employer": "",
        "spouse_name": "",
        "alphabetical_range": "VAN",
        "canvas_fragment": "https://digitalcollections.tulsalibrary.org/iiif/2/p15020coll12:2857/manifest.json/canvas/273#xywh=376,671,216,20"
      }
    },
    {
      "type": "Feature",
      "geometry": {
        "type": "Point",
        "coordinates": [
          -95.986799,
          36.1692523
        ]
      },
      "properties": {
        "name": "Vaughn James O",
        "address": "rms 117 1/2 N Greenwood av",
        "occupation_role": "lab",
        "employer": "",
        "spouse_name": "",
        "alphabetical_range": "VAN",
        "canvas_fragment": "https://digitalcollections.tulsalibrary.org/iiif/2/p15020coll12:2857/manifest.json/canvas/273#xywh=376,852,238,31"
      }
    },
    {
      "type": "Feature",
      "geometry": {
        "type": "Point",
        "coordinates": [
          -95.987132,
          36.1647125
        ]
      },
      "properties": {
        "name": "Vaughn John",
        "address": "r 712 N Greenwood av",
        "occupation_role": "lab",
        "employer": "",
        "spouse_name": "Grace",
        "alphabetical_range": "VAN",
        "canvas_fragment": "https://digitalcollections.tulsalibrary.org/iiif/2/p15020coll12:2857/manifest.json/canvas/273#xywh=376,936,239,21"
      }
    },
    {
      "type": "Feature",
      "geometry": {
        "type": "Point",
        "coordinates": [
          -95.989022,
          36.1587698
        ]
      },
      "properties": {
        "name": "Venters Clarence",
        "address": "rms 307 E Archer",
        "occupation_role": "waiter",
        "employer": "",
        "spouse_name": "",
        "alphabetical_range": "VEA",
        "canvas_fragment": "https://digitalcollections.tulsalibrary.org/iiif/2/p15020coll12:2857/manifest.json/canvas/273#xywh=697,780,235,21"
      }
    },
    {
      "type": "Feature",
      "geometry": {
        "type": "Point",
        "coordinates": [
          -95.989022,
          36.1587698
        ]
      },
      "properties": {
        "name": "Venters Wallace",
        "address": "rms 307 E Archer",
        "occupation_role": "waiter",
        "employer": "",
        "spouse_name": "",
        "alphabetical_range": "VEA",
        "canvas_fragment": "https://digitalcollections.tulsalibrary.org/iiif/2/p15020coll12:2857/manifest.json/canvas/273#xywh=697,814,236,24"
      }
    },
    {
      "type": "Feature",
      "geometry": {
        "type": "Point",
        "coordinates": [
          -95.9870964,
          36.1647641
        ]
      },
      "properties": {
        "name": "Vernon Albert",
        "address": "rms 714 N Greenwood av",
        "occupation_role": "porter",
        "employer": "Tulsa Drug Co",
        "spouse_name": "",
        "alphabetical_range": "VEA",
        "canvas_fragment": "https://digitalcollections.tulsalibrary.org/iiif/2/p15020coll12:2857/manifest.json/canvas/273#xywh=696,1106,238,20"
      }
    },
    {
      "type": "Feature",
      "geometry": {
        "type": "Point",
        "coordinates": [
          -95.9902407,
          36.1623964
        ]
      },
      "properties": {
        "name": "Von Lewis Harry",
        "address": "r 509 E Easton",
        "occupation_role": "custodian",
        "employer": "P O",
        "spouse_name": "Kate",
        "alphabetical_range": "VIN",
        "canvas_fragment": "https://digitalcollections.tulsalibrary.org/iiif/2/p15020coll12:2857/manifest.json/canvas/274#xywh=122,1378,239,18"
      }
    },
    {
      "type": "Feature",
      "geometry": {
        "type": "Point",
        "coordinates": [
          -95.986799,
          36.1692523
        ]
      },
      "properties": {
        "name": "Walden Henry",
        "address": "rms 115 1/2 N Greenwood av",
        "occupation_role": "shiner",
        "employer": "Ideal Clnrs & Hat Wks",
        "spouse_name": "",
        "alphabetical_range": "WAL",
        "canvas_fragment": "https://digitalcollections.tulsalibrary.org/iiif/2/p15020coll12:2857/manifest.json/canvas/275#xywh=25,631,77,25"
      }
    },
    {
      "type": "Feature",
      "geometry": {
        "type": "Point",
        "coordinates": [
          -95.9904601,
          36.1628179
        ]
      },
      "properties": {
        "name": "Walker Alfred",
        "address": "r 509 N Elgin av",
        "occupation_role": "lab",
        "employer": "",
        "spouse_name": "Ella",
        "alphabetical_range": "WAL",
        "canvas_fragment": "https://digitalcollections.tulsalibrary.org/iiif/2/p15020coll12:2857/manifest.json/canvas/275#xywh=364,494,241,21"
      }
    },
    {
      "type": "Feature",
      "geometry": {
        "type": "Point",
        "coordinates": [
          -95.9867385,
          36.1606952
        ]
      },
      "properties": {
        "name": "Walker C J Beauty Parlor",
        "address": "210 N Greenwood",
        "occupation_role": "Mrs Matilda Hardy mngr",
        "employer": "",
        "spouse_name": "",
        "alphabetical_range": "WAL",
        "canvas_fragment": "https://digitalcollections.tulsalibrary.org/iiif/2/p15020coll12:2857/manifest.json/canvas/275#xywh=362,878,241,30"
      }
    },
    {
      "type": "Feature",
      "geometry": {
        "type": "Point",
        "coordinates": [
          -95.986799,
          36.1692523
        ]
      },
      "properties": {
        "name": "Walker Edward",
        "address": "rms 129 1/2 N Greenwood av",
        "occupation_role": "",
        "employer": "",
        "spouse_name": "",
        "alphabetical_range": "WAL",
        "canvas_fragment": "https://digitalcollections.tulsalibrary.org/iiif/2/p15020coll12:2857/manifest.json/canvas/275#xywh=1209,266,12,104"
      }
    },
    {
      "type": "Feature",
      "geometry": {
        "type": "Point",
        "coordinates": [
          -95.9873856,
          36.1685866
        ]
      },
      "properties": {
        "name": "Walker George",
        "address": "r 535 Bryant",
        "occupation_role": "",
        "employer": "",
        "spouse_name": "",
        "alphabetical_range": "WAL",
        "canvas_fragment": "https://digitalcollections.tulsalibrary.org/iiif/2/p15020coll12:2857/manifest.json/canvas/275#xywh=686,662,215,20"
      }
    },
    {
      "type": "Feature",
      "geometry": {
        "type": "Point",
        "coordinates": [
          -95.986799,
          36.1692523
        ]
      },
      "properties": {
        "name": "Walker George",
        "address": "rms 129 1/2 N Greenwood av",
        "occupation_role": "cook",
        "employer": "",
        "spouse_name": "",
        "alphabetical_range": "WAL",
        "canvas_fragment": "https://digitalcollections.tulsalibrary.org/iiif/2/p15020coll12:2857/manifest.json/canvas/275#xywh=685,696,242,21"
      }
    },
    {
      "type": "Feature",
      "geometry": {
        "type": "Point",
        "coordinates": [
          -95.9902873,
          36.1624858
        ]
      },
      "properties": {
        "name": "Walker James",
        "address": "rms 424 N Elgin av",
        "occupation_role": "porter",
        "employer": "",
        "spouse_name": "",
        "alphabetical_range": "WAL",
        "canvas_fragment": "https://digitalcollections.tulsalibrary.org/iiif/2/p15020coll12:2857/manifest.json/canvas/275#xywh=686,1166,240,21"
      }
    },
    {
      "type": "Feature",
      "geometry": {
        "type": "Point",
        "coordinates": [
          -95.9865998,
          36.1621365
        ]
      },
      "properties": {
        "name": "Walker Jettie D",
        "address": "b 405 N Greenwood av",
        "occupation_role": "dom",
        "employer": "",
        "spouse_name": "",
        "alphabetical_range": "WAL",
        "canvas_fragment": "https://digitalcollections.tulsalibrary.org/iiif/2/p15020coll12:2857/manifest.json/canvas/275#xywh=686,1444,239,23"
      }
    },
    {
      "type": "Feature",
      "geometry": {
        "type": "Point",
        "coordinates": [
          -95.9866015,
          36.1621004
        ]
      },
      "properties": {
        "name": "Walker Maurice",
        "address": "r 401 N Greenwood av",
        "occupation_role": "porter",
        "employer": "VANDEVER DRY GOODS CO",
        "spouse_name": "Addie",
        "alphabetical_range": "WAL",
        "canvas_fragment": "https://digitalcollections.tulsalibrary.org/iiif/2/p15020coll12:2857/manifest.json/canvas/275#xywh=936,1131,187,19"
      }
    },
    {
      "type": "Feature",
      "geometry": {
        "type": "Point",
        "coordinates": [
          -95.9860436,
          36.1683339
        ]
      },
      "properties": {
        "name": "Walker Redwing",
        "address": "r 834 E Bryant",
        "occupation_role": "",
        "employer": "",
        "spouse_name": "Willie",
        "alphabetical_range": "WAL",
        "canvas_fragment": "https://digitalcollections.tulsalibrary.org/iiif/2/p15020coll12:2857/manifest.json/canvas/276#xywh=117,383,241,18"
      }
    },
    {
      "type": "Feature",
      "geometry": {
        "type": "Point",
        "coordinates": [
          -95.9868045,
          36.1662545
        ]
      },
      "properties": {
        "name": "Walker Mrs Susie",
        "address": "r 807 N Greenwood av",
        "occupation_role": "",
        "employer": "",
        "spouse_name": "",
        "alphabetical_range": "WAL",
        "canvas_fragment": "https://digitalcollections.tulsalibrary.org/iiif/2/p15020coll12:2857/manifest.json/canvas/276#xywh=114,1110,241,21"
      }
    },
    {
      "type": "Feature",
      "geometry": {
        "type": "Point",
        "coordinates": [
          -95.986799,
          36.1692523
        ]
      },
      "properties": {
        "name": "Wallace Jesse",
        "address": "rms 108 1/2 N Greenwood av",
        "occupation_role": "barber",
        "employer": "C L Netherland",
        "spouse_name": "Minnie",
        "alphabetical_range": "WAL",
        "canvas_fragment": "https://digitalcollections.tulsalibrary.org/iiif/2/p15020coll12:2857/manifest.json/canvas/276#xywh=684,909,241,19"
      }
    },
    {
      "type": "Feature",
      "geometry": {
        "type": "Point",
        "coordinates": [
          -95.9866006,
          36.1621184
        ]
      },
      "properties": {
        "name": "Walters Edward",
        "address": "15 W 3d, r 403 N Greenwood av",
        "occupation_role": "porter",
        "employer": "",
        "spouse_name": "Maggie",
        "alphabetical_range": "WAL",
        "canvas_fragment": "https://digitalcollections.tulsalibrary.org/iiif/2/p15020coll12:2857/manifest.json/canvas/277#xywh=121,1236,238,26"
      }
    },
    {
      "type": "Feature",
      "geometry": {
        "type": "Point",
        "coordinates": [
          -95.9862816,
          36.1615747
        ]
      },
      "properties": {
        "name": "Walters Lee",
        "address": "rms 319 N Greenwood av",
        "occupation_role": "lab",
        "employer": "",
        "spouse_name": "Letha",
        "alphabetical_range": "WAL",
        "canvas_fragment": "https://digitalcollections.tulsalibrary.org/iiif/2/p15020coll12:2857/manifest.json/canvas/277#xywh=117,1501,242,33"
      }
    },
    {
      "type": "Feature",
      "geometry": {
        "type": "Point",
        "coordinates": [
          -95.9860778,
          36.160195
        ]
      },
      "properties": {
        "name": "Walton Cheatem",
        "address": "rms 117 N Greenwood av",
        "occupation_role": "porter",
        "employer": "",
        "spouse_name": "Mattie",
        "alphabetical_range": "WAL",
        "canvas_fragment": "https://digitalcollections.tulsalibrary.org/iiif/2/p15020coll12:2857/manifest.json/canvas/277#xywh=376,310,240,33"
      }
    },
    {
      "type": "Feature",
      "geometry": {
        "type": "Point",
        "coordinates": [
          -95.9860129,
          36.1601811
        ]
      },
      "properties": {
        "name": "Ward Katie",
        "address": "rear 121 N Greenwood av",
        "occupation_role": "waiter",
        "employer": "M L Cain",
        "spouse_name": "",
        "alphabetical_range": "WAR",
        "canvas_fragment": "https://digitalcollections.tulsalibrary.org/iiif/2/p15020coll12:2857/manifest.json/canvas/277#xywh=687,714,240,19"
      }
    },
    {
      "type": "Feature",
      "geometry": {
        "type": "Point",
        "coordinates": [
          -95.9896987,
          36.1613559
        ]
      },
      "properties": {
        "name": "Ward Phillip",
        "address": "rms 305 N Elgin av",
        "occupation_role": "porter",
        "employer": "",
        "spouse_name": "Sadie",
        "alphabetical_range": "WAR",
        "canvas_fragment": "https://digitalcollections.tulsalibrary.org/iiif/2/p15020coll12:2857/manifest.json/canvas/277#xywh=690,1160,241,22"
      }
    },
    {
      "type": "Feature",
      "geometry": {
        "type": "Point",
        "coordinates": [
          -95.9867525,
          36.1607668
        ]
      },
      "properties": {
        "name": "Ware Annabel",
        "address": "rms 224 N Greenwood av",
        "occupation_role": "maid",
        "employer": "Hotel Price",
        "spouse_name": "",
        "alphabetical_range": "WAR",
        "canvas_fragment": "https://digitalcollections.tulsalibrary.org/iiif/2/p15020coll12:2857/manifest.json/canvas/277#xywh=939,908,238,22"
      }
    },
    {
      "type": "Feature",
      "geometry": {
        "type": "Point",
        "coordinates": [
          -95.9863486,
          36.164038
        ]
      },
      "properties": {
        "name": "Ware Mrs Mary",
        "address": "709 N Greenwood av",
        "occupation_role": "grocer",
        "employer": "",
        "spouse_name": "",
        "alphabetical_range": "WAR",
        "canvas_fragment": "https://digitalcollections.tulsalibrary.org/iiif/2/p15020coll12:2857/manifest.json/canvas/277#xywh=939,1129,186,21"
      }
    },
    {
      "type": "Feature",
      "geometry": {
        "type": "Point",
        "coordinates": [
          -95.9869632,
          36.1597743
        ]
      },
      "properties": {
        "name": "Warsh Bessie",
        "address": "rms 505 E Archer",
        "occupation_role": "maid",
        "employer": "",
        "spouse_name": "",
        "alphabetical_range": "WAR",
        "canvas_fragment": "https://digitalcollections.tulsalibrary.org/iiif/2/p15020coll12:2857/manifest.json/canvas/278#xywh=671,226,241,30"
      }
    },
    {
      "type": "Feature",
      "geometry": {
        "type": "Point",
        "coordinates": [
          -95.9914401,
          36.1619791
        ]
      },
      "properties": {
        "name": "Washington Anna",
        "address": "b 421 N Detroit av",
        "occupation_role": "",
        "employer": "",
        "spouse_name": "",
        "alphabetical_range": "WAS",
        "canvas_fragment": "https://digitalcollections.tulsalibrary.org/iiif/2/p15020coll12:2857/manifest.json/canvas/278#xywh=675,1025,241,21"
      }
    },
    {
      "type": "Feature",
      "geometry": {
        "type": "Point",
        "coordinates": [
          -95.9866015,
          36.1621004
        ]
      },
      "properties": {
        "name": "Washington Emma",
        "address": "r 400 N Greenwood av",
        "occupation_role": "",
        "employer": "",
        "spouse_name": "",
        "alphabetical_range": "WAS",
        "canvas_fragment": "https://digitalcollections.tulsalibrary.org/iiif/2/p15020coll12:2857/manifest.json/canvas/278#xywh=679,1387,240,19"
      }
    },
    {
      "type": "Feature",
      "geometry": {
        "type": "Point",
        "coordinates": [
          -95.9878163,
          36.1685805
        ]
      },
      "properties": {
        "name": "Washington Geneva",
        "address": "b 525 Bryant",
        "occupation_role": "",
        "employer": "",
        "spouse_name": "",
        "alphabetical_range": "WAS",
        "canvas_fragment": "https://digitalcollections.tulsalibrary.org/iiif/2/p15020coll12:2857/manifest.json/canvas/278#xywh=680,1531,200,18"
      }
    },
    {
      "type": "Feature",
      "geometry": {
        "type": "Point",
        "coordinates": [
          -95.9914401,
          36.1619791
        ]
      },
      "properties": {
        "name": "Washington George",
        "address": "r 421 N Detroit av",
        "occupation_role": "",
        "employer": "",
        "spouse_name": "Nancy",
        "alphabetical_range": "WAS",
        "canvas_fragment": "https://digitalcollections.tulsalibrary.org/iiif/2/p15020coll12:2857/manifest.json/canvas/278#xywh=680,1605,241,17"
      }
    },
    {
      "type": "Feature",
      "geometry": {
        "type": "Point",
        "coordinates": [
          -95.9823007,
          36.1714716
        ]
      },
      "properties": {
        "name": "Washington Hattie",
        "address": "r 1175 Pocahontas",
        "occupation_role": "",
        "employer": "",
        "spouse_name": "wid George",
        "alphabetical_range": "WAS",
        "canvas_fragment": "https://digitalcollections.tulsalibrary.org/iiif/2/p15020coll12:2857/manifest.json/canvas/278#xywh=919,225,241,23"
      }
    },
    {
      "type": "Feature",
      "geometry": {
        "type": "Point",
        "coordinates": [
          -95.9862753,
          36.1612858
        ]
      },
      "properties": {
        "name": "Washington K S",
        "address": "rms 301 N Greenwood av",
        "occupation_role": "janitor",
        "employer": "W U Tel Co",
        "spouse_name": "",
        "alphabetical_range": "WAS",
        "canvas_fragment": "https://digitalcollections.tulsalibrary.org/iiif/2/p15020coll12:2857/manifest.json/canvas/278#xywh=923,457,239,23"
      }
    },
    {
      "type": "Feature",
      "geometry": {
        "type": "Point",
        "coordinates": [
          -95.9863822,
          36.1633047
        ]
      },
      "properties": {
        "name": "Washington Ollie",
        "address": "b 615 N Greenwood av",
        "occupation_role": "helper",
        "employer": "",
        "spouse_name": "",
        "alphabetical_range": "WAS",
        "canvas_fragment": "https://digitalcollections.tulsalibrary.org/iiif/2/p15020coll12:2857/manifest.json/canvas/278#xywh=925,672,239,22"
      }
    },
    {
      "type": "Feature",
      "geometry": {
        "type": "Point",
        "coordinates": [
          -95.9865998,
          36.1621365
        ]
      },
      "properties": {
        "name": "Washington Wm",
        "address": "rms 404 N Greenwood av",
        "occupation_role": "cook",
        "employer": "",
        "spouse_name": "",
        "alphabetical_range": "WAS",
        "canvas_fragment": "https://digitalcollections.tulsalibrary.org/iiif/2/p15020coll12:2857/manifest.json/canvas/278#xywh=925,883,240,31"
      }
    },
    {
      "type": "Feature",
      "geometry": {
        "type": "Point",
        "coordinates": [
          -95.9866006,
          36.1621184
        ]
      },
      "properties": {
        "name": "Waters Edward T",
        "address": "r 403 W Greenwood av",
        "occupation_role": "porter",
        "employer": "",
        "spouse_name": "Maggie",
        "alphabetical_range": "WAS",
        "canvas_fragment": "https://digitalcollections.tulsalibrary.org/iiif/2/p15020coll12:2857/manifest.json/canvas/279#xywh=131,694,242,86"
      }
    },
    {
      "type": "Feature",
      "geometry": {
        "type": "Point",
        "coordinates": [
          -95.9874622,
          36.1632576
        ]
      },
      "properties": {
        "name": "Watkins Henry",
        "address": "r 608 N Greenwood av",
        "occupation_role": "clk",
        "employer": "Leo Williams",
        "spouse_name": "Ethel",
        "alphabetical_range": "WAS",
        "canvas_fragment": "https://digitalcollections.tulsalibrary.org/iiif/2/p15020coll12:2857/manifest.json/canvas/279#xywh=128,1406,245,24"
      }
    },
    {
      "type": "Feature",
      "geometry": {
        "type": "Point",
        "coordinates": [
          -95.9863671,
          36.1611883
        ]
      },
      "properties": {
        "name": "Watson Pink",
        "address": "rms 619 E Cameron",
        "occupation_role": "lab",
        "employer": "",
        "spouse_name": "Josie",
        "alphabetical_range": "WAT",
        "canvas_fragment": "https://digitalcollections.tulsalibrary.org/iiif/2/p15020coll12:2857/manifest.json/canvas/279#xywh=680,555,240,20"
      }
    },
    {
      "type": "Feature",
      "geometry": {
        "type": "Point",
        "coordinates": [
          -95.9856835,
          36.1631086
        ]
      },
      "properties": {
        "name": "Watts George",
        "address": "rms 509 N Greenwood av",
        "occupation_role": "shoe shiner",
        "employer": "N B Johnson",
        "spouse_name": "",
        "alphabetical_range": "WAT",
        "canvas_fragment": "https://digitalcollections.tulsalibrary.org/iiif/2/p15020coll12:2857/manifest.json/canvas/279#xywh=927,471,225,24"
      }
    },
    {
      "type": "Feature",
      "geometry": {
        "type": "Point",
        "coordinates": [
          -95.9865948,
          36.162245
        ]
      },
      "properties": {
        "name": "Weaver Letty",
        "address": "rms 418 N Greenwood av",
        "occupation_role": "cashr",
        "employer": "",
        "spouse_name": "",
        "alphabetical_range": "WEA",
        "canvas_fragment": "https://digitalcollections.tulsalibrary.org/iiif/2/p15020coll12:2857/manifest.json/canvas/280#xywh=128,816,243,25"
      }
    },
    {
      "type": "Feature",
      "geometry": {
        "type": "Point",
        "coordinates": [
          -95.9862753,
          36.1612858
        ]
      },
      "properties": {
        "name": "Weaver Viola",
        "address": "rms 301 N Greenwood av",
        "occupation_role": "barber",
        "employer": "W P Carter",
        "spouse_name": "",
        "alphabetical_range": "WEA",
        "canvas_fragment": "https://digitalcollections.tulsalibrary.org/iiif/2/p15020coll12:2857/manifest.json/canvas/280#xywh=121,1296,245,33"
      }
    },
    {
      "type": "Feature",
      "geometry": {
        "type": "Point",
        "coordinates": [
          -95.9923338,
          36.1637218
        ]
      },
      "properties": {
        "name": "Webber Willa B",
        "address": "rms 627 N Detroit av",
        "occupation_role": "tchr",
        "employer": "Dunbar Grade School",
        "spouse_name": "",
        "alphabetical_range": "WEB",
        "canvas_fragment": "https://digitalcollections.tulsalibrary.org/iiif/2/p15020coll12:2857/manifest.json/canvas/280#xywh=371,1455,246,27"
      }
    },
    {
      "type": "Feature",
      "geometry": {
        "type": "Point",
        "coordinates": [
          -95.990264,
          36.1624411
        ]
      },
      "properties": {
        "name": "Weekly Wm",
        "address": "r 412 N Elgin av",
        "occupation_role": "porter",
        "employer": "",
        "spouse_name": "Lulu",
        "alphabetical_range": "WEE",
        "canvas_fragment": "https://digitalcollections.tulsalibrary.org/iiif/2/p15020coll12:2857/manifest.json/canvas/280#xywh=696,1178,243,18"
      }
    },
    {
      "type": "Feature",
      "geometry": {
        "type": "Point",
        "coordinates": [
          -95.9855054,
          36.1600018
        ]
      },
      "properties": {
        "name": "Wells Mrs Dora",
        "address": "613 E Archer, r same",
        "occupation_role": "dress mkr",
        "employer": "",
        "spouse_name": "",
        "alphabetical_range": "WER",
        "canvas_fragment": "https://digitalcollections.tulsalibrary.org/iiif/2/p15020coll12:2857/manifest.json/canvas/281#xywh=938,876,242,22"
      }
    },
    {
      "type": "Feature",
      "geometry": {
        "type": "Point",
        "coordinates": [
          -95.986799,
          36.1692523
        ]
      },
      "properties": {
        "name": "Wells John F",
        "address": "122 1/2 N Greenwood av, rms 307 1/2 N Elgin av",
        "occupation_role": "phys",
        "employer": "",
        "spouse_name": "",
        "alphabetical_range": "WER",
        "canvas_fragment": "https://digitalcollections.tulsalibrary.org/iiif/2/p15020coll12:2857/manifest.json/canvas/281#xywh=932,320,244,23"
      }
    },
    {
      "type": "Feature",
      "geometry": {
        "type": "Point",
        "coordinates": [
          -95.9902841,
          36.1627949
        ]
      },
      "properties": {
        "name": "Wendall Wm",
        "address": "rms 407 E Easton",
        "occupation_role": "porter",
        "employer": "",
        "spouse_name": "Celia",
        "alphabetical_range": "WER",
        "canvas_fragment": "https://digitalcollections.tulsalibrary.org/iiif/2/p15020coll12:2857/manifest.json/canvas/281#xywh=941,1194,242,17"
      }
    },
    {
      "type": "Feature",
      "geometry": {
        "type": "Point",
        "coordinates": [
          -95.9862816,
          36.1615747
        ]
      },
      "properties": {
        "name": "Wesley John",
        "address": "rms 319 N Greenwood av",
        "occupation_role": "lab",
        "employer": "",
        "spouse_name": "Annie",
        "alphabetical_range": "WES",
        "canvas_fragment": "https://digitalcollections.tulsalibrary.org/iiif/2/p15020coll12:2857/manifest.json/canvas/282#xywh=129,780,242,20"
      }
    },
    {
      "type": "Feature",
      "geometry": {
        "type": "Point",
        "coordinates": [
          -95.9830852,
          36.171727
        ]
      },
      "properties": {
        "name": "Wesley Joseph",
        "address": "r 1235 Pocahontas",
        "occupation_role": "lab",
        "employer": "",
        "spouse_name": "Edith",
        "alphabetical_range": "WES",
        "canvas_fragment": "https://digitalcollections.tulsalibrary.org/iiif/2/p15020coll12:2857/manifest.json/canvas/282#xywh=129,822,243,22"
      }
    },
    {
      "type": "Feature",
      "geometry": {
        "type": "Point",
        "coordinates": [
          -95.9866001,
          36.1618411
        ]
      },
      "properties": {
        "name": "West Enoch",
        "address": "b 314 Greenwood av",
        "occupation_role": "clk",
        "employer": "Elliott & Hooker",
        "spouse_name": "",
        "alphabetical_range": "WES",
        "canvas_fragment": "https://digitalcollections.tulsalibrary.org/iiif/2/p15020coll12:2857/manifest.json/canvas/282#xywh=123,1407,243,29"
      }
    },
    {
      "type": "Feature",
      "geometry": {
        "type": "Point",
        "coordinates": [
          -95.9856862,
          36.1630319
        ]
      },
      "properties": {
        "name": "Wharton Rayfield",
        "address": "r 507 N Greenwood av",
        "occupation_role": "tailor",
        "employer": "",
        "spouse_name": "Carrie",
        "alphabetical_range": "WHA",
        "canvas_fragment": "https://digitalcollections.tulsalibrary.org/iiif/2/p15020coll12:2857/manifest.json/canvas/283#xywh=130,536,243,21"
      }
    },
    {
      "type": "Feature",
      "geometry": {
        "type": "Point",
        "coordinates": [
          -95.9897296,
          36.1626125
        ]
      },
      "properties": {
        "name": "Wheeler John",
        "address": "rms 405 N Elgin av",
        "occupation_role": "porter",
        "employer": "First Natl Bank",
        "spouse_name": "",
        "alphabetical_range": "WHA",
        "canvas_fragment": "https://digitalcollections.tulsalibrary.org/iiif/2/p15020coll12:2857/manifest.json/canvas/283#xywh=123,1496,208,21"
      }
    },
    {
      "type": "Feature",
      "geometry": {
        "type": "Point",
        "coordinates": [
          -95.9873645,
          36.1631053
        ]
      },
      "properties": {
        "name": "Wheeler Joseph",
        "address": "rms 518 N Greenwood av",
        "occupation_role": "porter",
        "employer": "",
        "spouse_name": "",
        "alphabetical_range": "WHA",
        "canvas_fragment": "https://digitalcollections.tulsalibrary.org/iiif/2/p15020coll12:2857/manifest.json/canvas/283#xywh=123,1570,243,21"
      }
    },
    {
      "type": "Feature",
      "geometry": {
        "type": "Point",
        "coordinates": [
          -95.9903067,
          36.1625231
        ]
      },
      "properties": {
        "name": "Whitaker Rev Robert A",
        "address": "r 417 Elgin av",
        "occupation_role": "pastor",
        "employer": "Mt Zion Baptist Church",
        "spouse_name": "Celia",
        "alphabetical_range": "WHI",
        "canvas_fragment": "https://digitalcollections.tulsalibrary.org/iiif/2/p15020coll12:2857/manifest.json/canvas/283#xywh=693,835,238,26"
      }
    },
    {
      "type": "Feature",
      "geometry": {
        "type": "Point",
        "coordinates": [
          -95.9914401,
          36.1619791
        ]
      },
      "properties": {
        "name": "Whitaker Leo",
        "address": "rms 421 N Detroit av",
        "occupation_role": "shiner",
        "employer": "Nicholas Pappas",
        "spouse_name": "",
        "alphabetical_range": "WHI",
        "canvas_fragment": "https://digitalcollections.tulsalibrary.org/iiif/2/p15020coll12:2857/manifest.json/canvas/283#xywh=693,1018,242,28"
      }
    },
    {
      "type": "Feature",
      "geometry": {
        "type": "Point",
        "coordinates": [
          -95.9800802,
          36.1736795
        ]
      },
      "properties": {
        "name": "White Elias",
        "address": "r 1273 N Lansing av",
        "occupation_role": "baker",
        "employer": "",
        "spouse_name": "Clara",
        "alphabetical_range": "WHI",
        "canvas_fragment": "https://digitalcollections.tulsalibrary.org/iiif/2/p15020coll12:2857/manifest.json/canvas/283#xywh=943,958,240,17"
      }
    },
    {
      "type": "Feature",
      "geometry": {
        "type": "Point",
        "coordinates": [
          -95.9800802,
          36.1736795
        ]
      },
      "properties": {
        "name": "White John",
        "address": "b 1273 N Lansing av",
        "occupation_role": "",
        "employer": "",
        "spouse_name": "",
        "alphabetical_range": "WHI",
        "canvas_fragment": "https://digitalcollections.tulsalibrary.org/iiif/2/p15020coll12:2857/manifest.json/canvas/284#xywh=121,648,241,27"
      }
    },
    {
      "type": "Feature",
      "geometry": {
        "type": "Point",
        "coordinates": [
          -95.9865949,
          36.1614761
        ]
      },
      "properties": {
        "name": "White Martha",
        "address": "rms 306 N Greenwood av",
        "occupation_role": "maid",
        "employer": "",
        "spouse_name": "",
        "alphabetical_range": "WHI",
        "canvas_fragment": "https://digitalcollections.tulsalibrary.org/iiif/2/p15020coll12:2857/manifest.json/canvas/284#xywh=113,1302,242,30"
      }
    },
    {
      "type": "Feature",
      "geometry": {
        "type": "Point",
        "coordinates": [
          -95.9868046,
          36.1663433
        ]
      },
      "properties": {
        "name": "White & Black",
        "address": "809 N Greenwood av",
        "occupation_role": "Edward White (c), Daniel Black (c), restaurant",
        "employer": "",
        "spouse_name": "",
        "alphabetical_range": "WHI",
        "canvas_fragment": "https://digitalcollections.tulsalibrary.org/iiif/2/p15020coll12:2857/manifest.json/canvas/284#xywh=363,1457,242,33"
      }
    },
    {
      "type": "Feature",
      "geometry": {
        "type": "Point",
        "coordinates": [
          -95.9860436,
          36.1683339
        ]
      },
      "properties": {
        "name": "Whitehead John",
        "address": "b 840 E Bryant",
        "occupation_role": "tmstr",
        "employer": "",
        "spouse_name": "",
        "alphabetical_range": "WHI",
        "canvas_fragment": "https://digitalcollections.tulsalibrary.org/iiif/2/p15020coll12:2857/manifest.json/canvas/284#xywh=674,691,243,23"
      }
    },
    {
      "type": "Feature",
      "geometry": {
        "type": "Point",
        "coordinates": [
          -95.986799,
          36.1692523
        ]
      },
      "properties": {
        "name": "Whiteley A J",
        "address": "rms 129 1/2 N Greenwood av",
        "occupation_role": "phys",
        "employer": "",
        "spouse_name": "",
        "alphabetical_range": "WHI",
        "canvas_fragment": "https://digitalcollections.tulsalibrary.org/iiif/2/p15020coll12:2857/manifest.json/canvas/284#xywh=678,1127,243,31"
      }
    },
    {
      "type": "Feature",
      "geometry": {
        "type": "Point",
        "coordinates": [
          -95.9868054,
          36.1659856
        ]
      },
      "properties": {
        "name": "Whitemore John",
        "address": "b 806 N Greenwood av",
        "occupation_role": "porter",
        "employer": "",
        "spouse_name": "",
        "alphabetical_range": "WHI",
        "canvas_fragment": "https://digitalcollections.tulsalibrary.org/iiif/2/p15020coll12:2857/manifest.json/canvas/284#xywh=680,1164,242,28"
      }
    },
    {
      "type": "Feature",
      "geometry": {
        "type": "Point",
        "coordinates": [
          -95.9872121,
          36.164613
        ]
      },
      "properties": {
        "name": "Whiteside Henry",
        "address": "r 708 N Greenwood av",
        "occupation_role": "",
        "employer": "",
        "spouse_name": "Clara",
        "alphabetical_range": "WHI",
        "canvas_fragment": "https://digitalcollections.tulsalibrary.org/iiif/2/p15020coll12:2857/manifest.json/canvas/284#xywh=683,1468,240,28"
      }
    },
    {
      "type": "Feature",
      "geometry": {
        "type": "Point",
        "coordinates": [
          -95.986799,
          36.1692523
        ]
      },
      "properties": {
        "name": "Whitley Allen J",
        "address": "rms 129 1/2 N Greenwood av",
        "occupation_role": "phys",
        "employer": "",
        "spouse_name": "",
        "alphabetical_range": "WHI",
        "canvas_fragment": "https://digitalcollections.tulsalibrary.org/iiif/2/p15020coll12:2857/manifest.json/canvas/284#xywh=924,620,219,30"
      }
    },
    {
      "type": "Feature",
      "geometry": {
        "type": "Point",
        "coordinates": [
          -95.9868054,
          36.1659856
        ]
      },
      "properties": {
        "name": "Whitmore Caeser",
        "address": "b 806 N Greenwood av",
        "occupation_role": "",
        "employer": "",
        "spouse_name": "",
        "alphabetical_range": "WHI",
        "canvas_fragment": "https://digitalcollections.tulsalibrary.org/iiif/2/p15020coll12:2857/manifest.json/canvas/284#xywh=931,1204,240,29"
      }
    },
    {
      "type": "Feature",
      "geometry": {
        "type": "Point",
        "coordinates": [
          -95.9868054,
          36.1659856
        ]
      },
      "properties": {
        "name": "Whitmore Henry",
        "address": "b 806 N Greenwood av",
        "occupation_role": "",
        "employer": "",
        "spouse_name": "",
        "alphabetical_range": "WHI",
        "canvas_fragment": "https://digitalcollections.tulsalibrary.org/iiif/2/p15020coll12:2857/manifest.json/canvas/284#xywh=933,1325,241,27"
      }
    },
    {
      "type": "Feature",
      "geometry": {
        "type": "Point",
        "coordinates": [
          -95.9856885,
          36.1599431
        ]
      },
      "properties": {
        "name": "Whitney Robert",
        "address": "rms 607 E Archer",
        "occupation_role": "lab",
        "employer": "",
        "spouse_name": "Tiny",
        "alphabetical_range": "WHI",
        "canvas_fragment": "https://digitalcollections.tulsalibrary.org/iiif/2/p15020coll12:2857/manifest.json/canvas/285#xywh=152,840,241,22"
      }
    },
    {
      "type": "Feature",
      "geometry": {
        "type": "Point",
        "coordinates": [
          -95.9911051,
          36.16289
        ]
      },
      "properties": {
        "name": "Wickham Charles B",
        "address": "544 N Elgin av, r same",
        "occupation_role": "phys",
        "employer": "",
        "spouse_name": "Edith",
        "alphabetical_range": "WHI",
        "canvas_fragment": "https://digitalcollections.tulsalibrary.org/iiif/2/p15020coll12:2857/manifest.json/canvas/285#xywh=400,672,236,36"
      }
    },
    {
      "type": "Feature",
      "geometry": {
        "type": "Point",
        "coordinates": [
          -95.9830852,
          36.171727
        ]
      },
      "properties": {
        "name": "Wiley Monroe",
        "address": "r 1333 Pocahontas",
        "occupation_role": "grocer",
        "employer": "",
        "spouse_name": "Mary",
        "alphabetical_range": "WIL",
        "canvas_fragment": "https://digitalcollections.tulsalibrary.org/iiif/2/p15020coll12:2857/manifest.json/canvas/286#xywh=140,623,241,26"
      }
    },
    {
      "type": "Feature",
      "geometry": {
        "type": "Point",
        "coordinates": [
          -95.9856846,
          36.1631391
        ]
      },
      "properties": {
        "name": "Wilkerson Jeffery",
        "address": "r 511 N Greenwood av",
        "occupation_role": "cook",
        "employer": "",
        "spouse_name": "Elzora",
        "alphabetical_range": "WIL",
        "canvas_fragment": "https://digitalcollections.tulsalibrary.org/iiif/2/p15020coll12:2857/manifest.json/canvas/286#xywh=142,1441,241,17"
      }
    },
    {
      "type": "Feature",
      "geometry": {
        "type": "Point",
        "coordinates": [
          -95.9875052,
          36.1685861
        ]
      },
      "properties": {
        "name": "Wilkins Joddie",
        "address": "r 533 Bryant",
        "occupation_role": "porter",
        "employer": "Lindner Oil Co",
        "spouse_name": "Maggie",
        "alphabetical_range": "WIL",
        "canvas_fragment": "https://digitalcollections.tulsalibrary.org/iiif/2/p15020coll12:2857/manifest.json/canvas/286#xywh=390,847,192,20"
      }
    },
    {
      "type": "Feature",
      "geometry": {
        "type": "Point",
        "coordinates": [
          -95.9865952,
          36.1692528
        ]
      },
      "properties": {
        "name": "Williams Mrs Anna",
        "address": "r 645 Williams",
        "occupation_role": "",
        "employer": "",
        "spouse_name": "",
        "alphabetical_range": "WIL",
        "canvas_fragment": "https://digitalcollections.tulsalibrary.org/iiif/2/p15020coll12:2857/manifest.json/canvas/286#xywh=684,1266,201,22"
      }
    },
    {
      "type": "Feature",
      "geometry": {
        "type": "Point",
        "coordinates": [
          -95.986799,
          36.1692523
        ]
      },
      "properties": {
        "name": "Williams Archie",
        "address": "rms 112 1/2 N Greenwood av",
        "occupation_role": "",
        "employer": "",
        "spouse_name": "",
        "alphabetical_range": "WIL",
        "canvas_fragment": "https://digitalcollections.tulsalibrary.org/iiif/2/p15020coll12:2857/manifest.json/canvas/286#xywh=686,1477,241,23"
      }
    },
    {
      "type": "Feature",
      "geometry": {
        "type": "Point",
        "coordinates": [
          -95.9856883,
          36.1630014
        ]
      },
      "properties": {
        "name": "Williams Arthur W",
        "address": "r 505 N Greenwood av",
        "occupation_role": "service man",
        "employer": "O A Steiner Tire Co",
        "spouse_name": "Viola",
        "alphabetical_range": "WIL",
        "canvas_fragment": "https://digitalcollections.tulsalibrary.org/iiif/2/p15020coll12:2857/manifest.json/canvas/286#xywh=922,279,241,20"
      }
    },
    {
      "type": "Feature",
      "geometry": {
        "type": "Point",
        "coordinates": [
          -95.9830852,
          36.171727
        ]
      },
      "properties": {
        "name": "Williams Benjamin",
        "address": "r 1201 Pocahontas",
        "occupation_role": "lab",
        "employer": "",
        "spouse_name": "Georgia",
        "alphabetical_range": "WIL",
        "canvas_fragment": "https://digitalcollections.tulsalibrary.org/iiif/2/p15020coll12:2857/manifest.json/canvas/286#xywh=1197,458,14,59"
      }
    },
    {
      "type": "Feature",
      "geometry": {
        "type": "Point",
        "coordinates": [
          -95.9863822,
          36.1633047
        ]
      },
      "properties": {
        "name": "Williams Charles",
        "address": "r 603 N Greenwood av",
        "occupation_role": "",
        "employer": "",
        "spouse_name": "Claretta",
        "alphabetical_range": "WIL",
        "canvas_fragment": "https://digitalcollections.tulsalibrary.org/iiif/2/p15020coll12:2857/manifest.json/canvas/286#xywh=928,885,241,28"
      }
    },
    {
      "type": "Feature",
      "geometry": {
        "type": "Point",
        "coordinates": [
          -95.9863822,
          36.1633047
        ]
      },
      "properties": {
        "name": "Williams Charles Jr",
        "address": "b 603 N Greenwood av",
        "occupation_role": "lab",
        "employer": "",
        "spouse_name": "",
        "alphabetical_range": "WIL",
        "canvas_fragment": "https://digitalcollections.tulsalibrary.org/iiif/2/p15020coll12:2857/manifest.json/canvas/286#xywh=930,921,239,27"
      }
    },
    {
      "type": "Feature",
      "geometry": {
        "type": "Point",
        "coordinates": [
          -95.9866015,
          36.1621004
        ]
      },
      "properties": {
        "name": "Williams Clarence",
        "address": "rms 400 N Greenwood av",
        "occupation_role": "lab",
        "employer": "Tulsa Vitrified Brk & T Co",
        "spouse_name": "",
        "alphabetical_range": "WIL",
        "canvas_fragment": "https://digitalcollections.tulsalibrary.org/iiif/2/p15020coll12:2857/manifest.json/canvas/286#xywh=945,1473,155,17"
      }
    },
    {
      "type": "Feature",
      "geometry": {
        "type": "Point",
        "coordinates": [
          -95.9863822,
          36.1633047
        ]
      },
      "properties": {
        "name": "Williams Cleveland",
        "address": "rms 607 N Greenwood av",
        "occupation_role": "lab",
        "employer": "",
        "spouse_name": "Mattie",
        "alphabetical_range": "WIL",
        "canvas_fragment": "https://digitalcollections.tulsalibrary.org/iiif/2/p15020coll12:2857/manifest.json/canvas/286#xywh=936,1450,238,28"
      }
    },
    {
      "type": "Feature",
      "geometry": {
        "type": "Point",
        "coordinates": [
          -95.9867358,
          36.1606856
        ]
      },
      "properties": {
        "name": "Williams Coy",
        "address": "b 208 N Greenwood av",
        "occupation_role": "porter",
        "employer": "",
        "spouse_name": "",
        "alphabetical_range": "WIL",
        "canvas_fragment": "https://digitalcollections.tulsalibrary.org/iiif/2/p15020coll12:2857/manifest.json/canvas/287#xywh=124,449,245,18"
      }
    },
    {
      "type": "Feature",
      "geometry": {
        "type": "Point",
        "coordinates": [
          -95.9863507,
          36.1692535
        ]
      },
      "properties": {
        "name": "Williams Daniel",
        "address": "r 951 Williams",
        "occupation_role": "grocer",
        "employer": "",
        "spouse_name": "Eliza",
        "alphabetical_range": "WIL",
        "canvas_fragment": "https://digitalcollections.tulsalibrary.org/iiif/2/p15020coll12:2857/manifest.json/canvas/287#xywh=124,482,244,19"
      }
    },
    {
      "type": "Feature",
      "geometry": {
        "type": "Point",
        "coordinates": [
          -95.9811892,
          36.1724825
        ]
      },
      "properties": {
        "name": "Williams Edward L",
        "address": "r 1224 N Lansing av",
        "occupation_role": "",
        "employer": "",
        "spouse_name": "Mary",
        "alphabetical_range": "WIL",
        "canvas_fragment": "https://digitalcollections.tulsalibrary.org/iiif/2/p15020coll12:2857/manifest.json/canvas/287#xywh=122,895,245,18"
      }
    },
    {
      "type": "Feature",
      "geometry": {
        "type": "Point",
        "coordinates": [
          -95.9870599,
          36.1698122
        ]
      },
      "properties": {
        "name": "Williams Flenord",
        "address": "r 1120 N Greenwood av",
        "occupation_role": "cement finisher",
        "employer": "",
        "spouse_name": "Gustave",
        "alphabetical_range": "WIL",
        "canvas_fragment": "https://digitalcollections.tulsalibrary.org/iiif/2/p15020coll12:2857/manifest.json/canvas/287#xywh=134,1368,235,19"
      }
    },
    {
      "type": "Feature",
      "geometry": {
        "type": "Point",
        "coordinates": [
          -95.9887648,
          36.1588594
        ]
      },
      "properties": {
        "name": "Williams George",
        "address": "r 311 E Archer",
        "occupation_role": "porter",
        "employer": "",
        "spouse_name": "Susa",
        "alphabetical_range": "WIL",
        "canvas_fragment": "https://digitalcollections.tulsalibrary.org/iiif/2/p15020coll12:2857/manifest.json/canvas/287#xywh=378,404,241,34"
      }
    },
    {
      "type": "Feature",
      "geometry": {
        "type": "Point",
        "coordinates": [
          -95.9872783,
          36.1690117
        ]
      },
      "properties": {
        "name": "Williams Henry",
        "address": "b 540 Williams",
        "occupation_role": "",
        "employer": "",
        "spouse_name": "",
        "alphabetical_range": "WIL",
        "canvas_fragment": "https://digitalcollections.tulsalibrary.org/iiif/2/p15020coll12:2857/manifest.json/canvas/287#xywh=378,710,223,19"
      }
    },
    {
      "type": "Feature",
      "geometry": {
        "type": "Point",
        "coordinates": [
          -95.9864289,
          36.1701821
        ]
      },
      "properties": {
        "name": "Williams James",
        "address": "r 616 Booker",
        "occupation_role": "lab",
        "employer": "",
        "spouse_name": "Lucille",
        "alphabetical_range": "WIL",
        "canvas_fragment": "https://digitalcollections.tulsalibrary.org/iiif/2/p15020coll12:2857/manifest.json/canvas/287#xywh=376,1229,241,20"
      }
    },
    {
      "type": "Feature",
      "geometry": {
        "type": "Point",
        "coordinates": [
          -95.9862753,
          36.1612858
        ]
      },
      "properties": {
        "name": "Williams Hume",
        "address": "rms 301 N Greenwood av",
        "occupation_role": "porter",
        "employer": "L A Ferguson",
        "spouse_name": "",
        "alphabetical_range": "WIL",
        "canvas_fragment": "https://digitalcollections.tulsalibrary.org/iiif/2/p15020coll12:2857/manifest.json/canvas/287"
      }
    },
    {
      "type": "Feature",
      "geometry": {
        "type": "Point",
        "coordinates": [
          -95.990264,
          36.1624411
        ]
      },
      "properties": {
        "name": "Williams John E",
        "address": "rms 412 N Elgin av",
        "occupation_role": "waiter",
        "employer": "",
        "spouse_name": "",
        "alphabetical_range": "WIL",
        "canvas_fragment": "https://digitalcollections.tulsalibrary.org/iiif/2/p15020coll12:2857/manifest.json/canvas/287#xywh=669,523,246,23"
      }
    },
    {
      "type": "Feature",
      "geometry": {
        "type": "Point",
        "coordinates": [
          -95.987231,
          36.1594001
        ]
      },
      "properties": {
        "name": "Williams Joseph",
        "address": "rms 424 E Archer",
        "occupation_role": "helper",
        "employer": "",
        "spouse_name": "",
        "alphabetical_range": "WIL",
        "canvas_fragment": "https://digitalcollections.tulsalibrary.org/iiif/2/p15020coll12:2857/manifest.json/canvas/287#xywh=686,960,117,23"
      }
    },
    {
      "type": "Feature",
      "geometry": {
        "type": "Point",
        "coordinates": [
          -95.986603,
          36.160322
        ]
      },
      "properties": {
        "name": "Williams J Wesley",
        "address": "r 102 N Greenwood av",
        "occupation_role": "garage",
        "employer": "",
        "spouse_name": "Lula T",
        "alphabetical_range": "WIL",
        "canvas_fragment": "https://digitalcollections.tulsalibrary.org/iiif/2/p15020coll12:2857/manifest.json/canvas/287#xywh=674,1139,245,26"
      }
    },
    {
      "type": "Feature",
      "geometry": {
        "type": "Point",
        "coordinates": [
          -95.9865989,
          36.1616662
        ]
      },
      "properties": {
        "name": "Williams Lonnie",
        "address": "rms 310 N Greenwood av",
        "occupation_role": "porter",
        "employer": "",
        "spouse_name": "",
        "alphabetical_range": "WIL",
        "canvas_fragment": "https://digitalcollections.tulsalibrary.org/iiif/2/p15020coll12:2857/manifest.json/canvas/287#xywh=680,1589,243,28"
      }
    },
    {
      "type": "Feature",
      "geometry": {
        "type": "Point",
        "coordinates": [
          -95.9919743,
          36.1630218
        ]
      },
      "properties": {
        "name": "Williams Seymour E",
        "address": "rms 521 N Detroit av",
        "occupation_role": "tchr",
        "employer": "Booker T Washn School",
        "spouse_name": "Della",
        "alphabetical_range": "WIL",
        "canvas_fragment": "https://digitalcollections.tulsalibrary.org/iiif/2/p15020coll12:2857/manifest.json/canvas/288#xywh=121,1076,245,18"
      }
    },
    {
      "type": "Feature",
      "geometry": {
        "type": "Point",
        "coordinates": [
          -95.9887648,
          36.1588594
        ]
      },
      "properties": {
        "name": "Willian Susan",
        "address": "rms 311 E Archer",
        "occupation_role": "maid",
        "employer": "",
        "spouse_name": "",
        "alphabetical_range": "WIL",
        "canvas_fragment": "https://digitalcollections.tulsalibrary.org/iiif/2/p15020coll12:2857/manifest.json/canvas/288#xywh=122,1269,247,20"
      }
    },
    {
      "type": "Feature",
      "geometry": {
        "type": "Point",
        "coordinates": [
          -95.986603,
          36.160322
        ]
      },
      "properties": {
        "name": "Williams Wm",
        "address": "r 102 N Greenwood av",
        "occupation_role": "East End Garage",
        "employer": "",
        "spouse_name": "Lulu T",
        "alphabetical_range": "WIL",
        "canvas_fragment": "https://digitalcollections.tulsalibrary.org/iiif/2/p15020coll12:2857/manifest.json/canvas/288#xywh=376,724,245,21"
      }
    },
    {
      "type": "Feature",
      "geometry": {
        "type": "Point",
        "coordinates": [
          -95.9862787,
          36.1614439
        ]
      },
      "properties": {
        "name": "Williams Willie",
        "address": "b 307 N Greenwood av",
        "occupation_role": "maid",
        "employer": "La Salle Hotel",
        "spouse_name": "",
        "alphabetical_range": "WIL",
        "canvas_fragment": "https://digitalcollections.tulsalibrary.org/iiif/2/p15020coll12:2857/manifest.json/canvas/288#xywh=376,1063,243,19"
      }
    },
    {
      "type": "Feature",
      "geometry": {
        "type": "Point",
        "coordinates": [
          -95.9902407,
          36.1623964
        ]
      },
      "properties": {
        "name": "Wilson Austin",
        "address": "r 401 N Elgin av",
        "occupation_role": "porter",
        "employer": "C W Hodges",
        "spouse_name": "Lulu",
        "alphabetical_range": "WIL",
        "canvas_fragment": "https://digitalcollections.tulsalibrary.org/iiif/2/p15020coll12:2857/manifest.json/canvas/289#xywh=143,1006,240,22"
      }
    },
    {
      "type": "Feature",
      "geometry": {
        "type": "Point",
        "coordinates": [
          -95.9869989,
          36.1597621
        ]
      },
      "properties": {
        "name": "Wilson Chester",
        "address": "rms 501 E Archer",
        "occupation_role": "lab",
        "employer": "",
        "spouse_name": "",
        "alphabetical_range": "WIL",
        "canvas_fragment": "https://digitalcollections.tulsalibrary.org/iiif/2/p15020coll12:2857/manifest.json/canvas/289#xywh=397,359,238,24"
      }
    },
    {
      "type": "Feature",
      "geometry": {
        "type": "Point",
        "coordinates": [
          -95.9890197,
          36.1681739
        ]
      },
      "properties": {
        "name": "Wilson Chester H",
        "address": "918 N Ruth av",
        "occupation_role": "grocer",
        "employer": "",
        "spouse_name": "Dora",
        "alphabetical_range": "WIL",
        "canvas_fragment": "https://digitalcollections.tulsalibrary.org/iiif/2/p15020coll12:2857/manifest.json/canvas/289#xywh=396,424,239,24"
      }
    },
    {
      "type": "Feature",
      "geometry": {
        "type": "Point",
        "coordinates": [
          -95.9830852,
          36.171727
        ]
      },
      "properties": {
        "name": "Wilson George W",
        "address": "r 1249 Pocahontas",
        "occupation_role": "tmstr",
        "employer": "",
        "spouse_name": "Belle",
        "alphabetical_range": "WIL",
        "canvas_fragment": "https://digitalcollections.tulsalibrary.org/iiif/2/p15020coll12:2857/manifest.json/canvas/289#xywh=693,1032,238,21"
      }
    },
    {
      "type": "Feature",
      "geometry": {
        "type": "Point",
        "coordinates": [
          -95.9902407,
          36.1623964
        ]
      },
      "properties": {
        "name": "Wilson Henry T",
        "address": "r 501 E Easton",
        "occupation_role": "real est",
        "employer": "",
        "spouse_name": "Slyvia",
        "alphabetical_range": "WIL",
        "canvas_fragment": "https://digitalcollections.tulsalibrary.org/iiif/2/p15020coll12:2857/manifest.json/canvas/289#xywh=1041,183,136,19"
      }
    },
    {
      "type": "Feature",
      "geometry": {
        "type": "Point",
        "coordinates": [
          -95.9811948,
          36.1732868
        ]
      },
      "properties": {
        "name": "Wilson Isaac B",
        "address": "r 1284 N Lansing av",
        "occupation_role": "carp",
        "employer": "",
        "spouse_name": "Augusta",
        "alphabetical_range": "WIL",
        "canvas_fragment": "https://digitalcollections.tulsalibrary.org/iiif/2/p15020coll12:2857/manifest.json/canvas/289#xywh=938,485,240,20"
      }
    },
    {
      "type": "Feature",
      "geometry": {
        "type": "Point",
        "coordinates": [
          -95.9890918,
          36.1605301
        ]
      },
      "properties": {
        "name": "Wilson Julius",
        "address": "rms 117 N Elgin av",
        "occupation_role": "lab",
        "employer": "",
        "spouse_name": "",
        "alphabetical_range": "WIL",
        "canvas_fragment": "https://digitalcollections.tulsalibrary.org/iiif/2/p15020coll12:2857/manifest.json/canvas/290#xywh=138,305,243,29"
      }
    },
    {
      "type": "Feature",
      "geometry": {
        "type": "Point",
        "coordinates": [
          -95.9913272,
          36.1633214
        ]
      },
      "properties": {
        "name": "Wilson Marie",
        "address": "rms 600 N Elgin av",
        "occupation_role": "maid",
        "employer": "Hotel Newport",
        "spouse_name": "",
        "alphabetical_range": "WIL",
        "canvas_fragment": "https://digitalcollections.tulsalibrary.org/iiif/2/p15020coll12:2857/manifest.json/canvas/290#xywh=151,1248,129,17"
      }
    },
    {
      "type": "Feature",
      "geometry": {
        "type": "Point",
        "coordinates": [
          -95.9866677,
          36.1692526
        ]
      },
      "properties": {
        "name": "Wilson Mina",
        "address": "b 628 Williams",
        "occupation_role": "",
        "employer": "",
        "spouse_name": "",
        "alphabetical_range": "WIL",
        "canvas_fragment": "https://digitalcollections.tulsalibrary.org/iiif/2/p15020coll12:2857/manifest.json/canvas/290#xywh=141,1447,210,23"
      }
    },
    {
      "type": "Feature",
      "geometry": {
        "type": "Point",
        "coordinates": [
          -95.9862923,
          36.1691121
        ]
      },
      "properties": {
        "name": "Wimberly Silvest",
        "address": "b 1025 N Greenwood av",
        "occupation_role": "",
        "employer": "",
        "spouse_name": "",
        "alphabetical_range": "WIL",
        "canvas_fragment": "https://digitalcollections.tulsalibrary.org/iiif/2/p15020coll12:2857/manifest.json/canvas/290#xywh=691,528,238,20"
      }
    },
    {
      "type": "Feature",
      "geometry": {
        "type": "Point",
        "coordinates": [
          -95.9919645,
          36.163001
        ]
      },
      "properties": {
        "name": "Wims Beulah",
        "address": "b 515 N Detroit av",
        "occupation_role": "tchr",
        "employer": "Booker T Washn School",
        "spouse_name": "",
        "alphabetical_range": "WIL",
        "canvas_fragment": "https://digitalcollections.tulsalibrary.org/iiif/2/p15020coll12:2857/manifest.json/canvas/290#xywh=690,770,245,21"
      }
    },
    {
      "type": "Feature",
      "geometry": {
        "type": "Point",
        "coordinates": [
          -95.9830852,
          36.171727
        ]
      },
      "properties": {
        "name": "Windbush Elsie",
        "address": "b 1235 Pocahontas",
        "occupation_role": "",
        "employer": "",
        "spouse_name": "",
        "alphabetical_range": "WIN",
        "canvas_fragment": "https://digitalcollections.tulsalibrary.org/iiif/2/p15020coll12:2857/manifest.json/canvas/290#xywh=692,988,242,20"
      }
    },
    {
      "type": "Feature",
      "geometry": {
        "type": "Point",
        "coordinates": [
          -95.9830852,
          36.171727
        ]
      },
      "properties": {
        "name": "Windbush Princess",
        "address": "b 1235 Pocahontas",
        "occupation_role": "",
        "employer": "",
        "spouse_name": "",
        "alphabetical_range": "WIN",
        "canvas_fragment": "https://digitalcollections.tulsalibrary.org/iiif/2/p15020coll12:2857/manifest.json/canvas/290#xywh=692,1010,240,20"
      }
    },
    {
      "type": "Feature",
      "geometry": {
        "type": "Point",
        "coordinates": [
          -95.986599,
          36.1621546
        ]
      },
      "properties": {
        "name": "Winn Fannie",
        "address": "rms 406 N Greenwood av",
        "occupation_role": "lab",
        "employer": "",
        "spouse_name": "",
        "alphabetical_range": "WIN",
        "canvas_fragment": "https://digitalcollections.tulsalibrary.org/iiif/2/p15020coll12:2857/manifest.json/canvas/290#xywh=944,1583,239,22"
      }
    },
    {
      "type": "Feature",
      "geometry": {
        "type": "Point",
        "coordinates": [
          -95.9919645,
          36.163001
        ]
      },
      "properties": {
        "name": "Winns Beulah",
        "address": "rms 515 N Detroit av",
        "occupation_role": "tchr",
        "employer": "Booker T Washn School",
        "spouse_name": "",
        "alphabetical_range": "WIN",
        "canvas_fragment": "https://digitalcollections.tulsalibrary.org/iiif/2/p15020coll12:2857/manifest.json/canvas/291#xywh=129,724,243,24"
      }
    },
    {
      "type": "Feature",
      "geometry": {
        "type": "Point",
        "coordinates": [
          -95.9902407,
          36.1623964
        ]
      },
      "properties": {
        "name": "Wiseman Thomas J",
        "address": "r 400 N Elgin av",
        "occupation_role": "Peoples Tailoring Co",
        "employer": "",
        "spouse_name": "",
        "alphabetical_range": "WIS",
        "canvas_fragment": "https://digitalcollections.tulsalibrary.org/iiif/2/p15020coll12:2857/manifest.json/canvas/291#xywh=683,363,241,23"
      }
    },
    {
      "type": "Feature",
      "geometry": {
        "type": "Point",
        "coordinates": [
          -95.9902382,
          36.1628118
        ]
      },
      "properties": {
        "name": "Wofford Shirley",
        "address": "rms 409 E Easton",
        "occupation_role": "lab",
        "employer": "",
        "spouse_name": "",
        "alphabetical_range": "WOL",
        "canvas_fragment": "https://digitalcollections.tulsalibrary.org/iiif/2/p15020coll12:2857/manifest.json/canvas/291#xywh=935,809,240,21"
      }
    },
    {
      "type": "Feature",
      "geometry": {
        "type": "Point",
        "coordinates": [
          -95.9898988,
          36.1591129
        ]
      },
      "properties": {
        "name": "Woodard Frank W",
        "address": "rms 123 N Detroit av",
        "occupation_role": "cook",
        "employer": "",
        "spouse_name": "",
        "alphabetical_range": "WOO",
        "canvas_fragment": "https://digitalcollections.tulsalibrary.org/iiif/2/p15020coll12:2857/manifest.json/canvas/292#xywh=934,1226,163,21"
      }
    },
    {
      "type": "Feature",
      "geometry": {
        "type": "Point",
        "coordinates": [
          -95.9866006,
          36.1621184
        ]
      },
      "properties": {
        "name": "Wood Wm J",
        "address": "r 402 N Greenwood av",
        "occupation_role": "phys",
        "employer": "",
        "spouse_name": "",
        "alphabetical_range": "WOO",
        "canvas_fragment": "https://digitalcollections.tulsalibrary.org/iiif/2/p15020coll12:2857/manifest.json/canvas/292#xywh=1102,849,64,18"
      }
    },
    {
      "type": "Feature",
      "geometry": {
        "type": "Point",
        "coordinates": [
          -95.9905371,
          36.1629653
        ]
      },
      "properties": {
        "name": "Woodford Elanche M",
        "address": "rms 529 N Elgin av",
        "occupation_role": "tchr",
        "employer": "Dunbar School",
        "spouse_name": "",
        "alphabetical_range": "WOO",
        "canvas_fragment": "https://digitalcollections.tulsalibrary.org/iiif/2/p15020coll12:2857/manifest.json/canvas/292#xywh=921,1050,246,19"
      }
    },
    {
      "type": "Feature",
      "geometry": {
        "type": "Point",
        "coordinates": [
          -95.9902382,
          36.1628118
        ]
      },
      "properties": {
        "name": "Woods Annie",
        "address": "b 408 E Easton",
        "occupation_role": "maid",
        "employer": "Y M C A",
        "spouse_name": "",
        "alphabetical_range": "WOO",
        "canvas_fragment": "https://digitalcollections.tulsalibrary.org/iiif/2/p15020coll12:2857/manifest.json/canvas/292#xywh=1204,1539,11,78"
      }
    },
    {
      "type": "Feature",
      "geometry": {
        "type": "Point",
        "coordinates": [
          -95.9860232,
          36.1600763
        ]
      },
      "properties": {
        "name": "Woods Building",
        "address": "105 N Greenwood",
        "occupation_role": "",
        "employer": "",
        "spouse_name": "",
        "alphabetical_range": "WOO",
        "canvas_fragment": "https://digitalcollections.tulsalibrary.org/iiif/2/p15020coll12:2857/manifest.json/canvas/293#xywh=144,505,240,22"
      }
    },
    {
      "type": "Feature",
      "geometry": {
        "type": "Point",
        "coordinates": [
          -95.986257,
          36.1681055
        ]
      },
      "properties": {
        "name": "Woods Charles E",
        "address": "919 N Greenwood av",
        "occupation_role": "restaurant",
        "employer": "",
        "spouse_name": "",
        "alphabetical_range": "WOO",
        "canvas_fragment": "https://digitalcollections.tulsalibrary.org/iiif/2/p15020coll12:2857/manifest.json/canvas/293#xywh=144,576,241,22"
      }
    },
    {
      "type": "Feature",
      "geometry": {
        "type": "Point",
        "coordinates": [
          -95.9830852,
          36.171727
        ]
      },
      "properties": {
        "name": "Woods George",
        "address": "r 1202 Pocahontas",
        "occupation_role": "lab",
        "employer": "",
        "spouse_name": "Florence",
        "alphabetical_range": "WOO",
        "canvas_fragment": "https://digitalcollections.tulsalibrary.org/iiif/2/p15020coll12:2857/manifest.json/canvas/293#xywh=58,1006,66,37"
      }
    },
    {
      "type": "Feature",
      "geometry": {
        "type": "Point",
        "coordinates": [
          -95.9902382,
          36.1628118
        ]
      },
      "properties": {
        "name": "Woods James",
        "address": "rms 408 E Easton",
        "occupation_role": "lab",
        "employer": "",
        "spouse_name": "Annie",
        "alphabetical_range": "WOO",
        "canvas_fragment": "https://digitalcollections.tulsalibrary.org/iiif/2/p15020coll12:2857/manifest.json/canvas/293#xywh=143,1310,242,20"
      }
    },
    {
      "type": "Feature",
      "geometry": {
        "type": "Point",
        "coordinates": [
          -95.9904361,
          36.1627717
        ]
      },
      "properties": {
        "name": "Woods John",
        "address": "rms 502 N Elgin",
        "occupation_role": "helper",
        "employer": "121 S Boston av",
        "spouse_name": "Cassie",
        "alphabetical_range": "WOO",
        "canvas_fragment": "https://digitalcollections.tulsalibrary.org/iiif/2/p15020coll12:2857/manifest.json/canvas/293#xywh=143,1324,243,22"
      }
    },
    {
      "type": "Feature",
      "geometry": {
        "type": "Point",
        "coordinates": [
          -95.9863963,
          36.1601507
        ]
      },
      "properties": {
        "name": "Wood Wm",
        "address": "rms 112 N Greenwood av",
        "occupation_role": "driver",
        "employer": "Tulsa Feed Store",
        "spouse_name": "",
        "alphabetical_range": "WOO",
        "canvas_fragment": "https://digitalcollections.tulsalibrary.org/iiif/2/p15020coll12:2857/manifest.json/canvas/293#xywh=392,756,240,23"
      }
    },
    {
      "type": "Feature",
      "geometry": {
        "type": "Point",
        "coordinates": [
          -95.9862923,
          36.1691008
        ]
      },
      "properties": {
        "name": "Woolridge Elmo",
        "address": "r 1019 N Greenwood av",
        "occupation_role": "butcher",
        "employer": "Ind Pkg Co",
        "spouse_name": "Anna",
        "alphabetical_range": "WOO",
        "canvas_fragment": "https://digitalcollections.tulsalibrary.org/iiif/2/p15020coll12:2857/manifest.json/canvas/293#xywh=686,842,240,23"
      }
    },
    {
      "type": "Feature",
      "geometry": {
        "type": "Point",
        "coordinates": [
          -95.9867412,
          36.1607048
        ]
      },
      "properties": {
        "name": "Wren John",
        "address": "r 212 N Greenwood av",
        "occupation_role": "lab",
        "employer": "",
        "spouse_name": "Mary",
        "alphabetical_range": "WRI",
        "canvas_fragment": "https://digitalcollections.tulsalibrary.org/iiif/2/p15020coll12:2857/manifest.json/canvas/294#xywh=149,1073,241,29"
      }
    },
    {
      "type": "Feature",
      "geometry": {
        "type": "Point",
        "coordinates": [
          -95.9830852,
          36.171727
        ]
      },
      "properties": {
        "name": "Wright Rev Allen",
        "address": "r 1321 Pocahontas",
        "occupation_role": "",
        "employer": "",
        "spouse_name": "Mary",
        "alphabetical_range": "WRI",
        "canvas_fragment": "https://digitalcollections.tulsalibrary.org/iiif/2/p15020coll12:2857/manifest.json/canvas/294#xywh=151,1289,241,21"
      }
    },
    {
      "type": "Feature",
      "geometry": {
        "type": "Point",
        "coordinates": [
          -95.9918936,
          36.1628646
        ]
      },
      "properties": {
        "name": "Wright M Alice",
        "address": "r 503 N Detroit av",
        "occupation_role": "",
        "employer": "",
        "spouse_name": "",
        "alphabetical_range": "WRI",
        "canvas_fragment": "https://digitalcollections.tulsalibrary.org/iiif/2/p15020coll12:2857/manifest.json/canvas/294#xywh=151,1388,242,28"
      }
    },
    {
      "type": "Feature",
      "geometry": {
        "type": "Point",
        "coordinates": [
          -95.9868049,
          36.1665713
        ]
      },
      "properties": {
        "name": "Wright Corry",
        "address": "r 817 N Greenwood av",
        "occupation_role": "",
        "employer": "",
        "spouse_name": "RoBert",
        "alphabetical_range": "WRI",
        "canvas_fragment": "https://digitalcollections.tulsalibrary.org/iiif/2/p15020coll12:2857/manifest.json/canvas/294#xywh=395,437,238,23"
      }
    },
    {
      "type": "Feature",
      "geometry": {
        "type": "Point",
        "coordinates": [
          -95.9869845,
          36.1647849
        ]
      },
      "properties": {
        "name": "Wright Lester",
        "address": "rms 718 N Greenwood av",
        "occupation_role": "",
        "employer": "",
        "spouse_name": "Peggie",
        "alphabetical_range": "WRI",
        "canvas_fragment": "https://digitalcollections.tulsalibrary.org/iiif/2/p15020coll12:2857/manifest.json/canvas/294#xywh=698,814,90,17"
      }
    },
    {
      "type": "Feature",
      "geometry": {
        "type": "Point",
        "coordinates": [
          -95.989893,
          36.1598559
        ]
      },
      "properties": {
        "name": "Wright Lillian",
        "address": "rms 205 N Detroit",
        "occupation_role": "lab",
        "employer": "",
        "spouse_name": "",
        "alphabetical_range": "WRI",
        "canvas_fragment": "https://digitalcollections.tulsalibrary.org/iiif/2/p15020coll12:2857/manifest.json/canvas/294#xywh=686,828,241,20"
      }
    },
    {
      "type": "Feature",
      "geometry": {
        "type": "Point",
        "coordinates": [
          -95.9811941,
          36.1731871
        ]
      },
      "properties": {
        "name": "Wright Marguerite",
        "address": "b 1278 N Lansing av",
        "occupation_role": "maid",
        "employer": "",
        "spouse_name": "",
        "alphabetical_range": "WRI",
        "canvas_fragment": "https://digitalcollections.tulsalibrary.org/iiif/2/p15020coll12:2857/manifest.json/canvas/294#xywh=687,1016,240,20"
      }
    },
    {
      "type": "Feature",
      "geometry": {
        "type": "Point",
        "coordinates": [
          -95.9870598,
          36.1695369
        ]
      },
      "properties": {
        "name": "Wright Yancy",
        "address": "r 1110 N Greenwood av",
        "occupation_role": "lab",
        "employer": "",
        "spouse_name": "",
        "alphabetical_range": "WRI",
        "canvas_fragment": "https://digitalcollections.tulsalibrary.org/iiif/2/p15020coll12:2857/manifest.json/canvas/294#xywh=938,888,238,19"
      }
    },
    {
      "type": "Feature",
      "geometry": {
        "type": "Point",
        "coordinates": [
          -95.9899631,
          36.1629136
        ]
      },
      "properties": {
        "name": "Wyatt Peter M",
        "address": "rms 420 E Easton",
        "occupation_role": "lab",
        "employer": "Natl Sup Co",
        "spouse_name": "",
        "alphabetical_range": "WYA",
        "canvas_fragment": "https://digitalcollections.tulsalibrary.org/iiif/2/p15020coll12:2857/manifest.json/canvas/295#xywh=125,841,250,19"
      }
    },
    {
      "type": "Feature",
      "geometry": {
        "type": "Point",
        "coordinates": [
          -95.986599,
          36.1621546
        ]
      },
      "properties": {
        "name": "Young Floyd",
        "address": "b 407 N Greenwood av",
        "occupation_role": "",
        "employer": "",
        "spouse_name": "",
        "alphabetical_range": "YOU",
        "canvas_fragment": "https://digitalcollections.tulsalibrary.org/iiif/2/p15020coll12:2857/manifest.json/canvas/296#xywh=124,138,227,25"
      }
    },
    {
      "type": "Feature",
      "geometry": {
        "type": "Point",
        "coordinates": [
          -95.986286,
          36.1602125
        ]
      },
      "properties": {
        "name": "Y M C A Cleaners",
        "address": "114 N Greenwood av",
        "occupation_role": "Lawrence A Anderson",
        "employer": "",
        "spouse_name": "",
        "alphabetical_range": "YOU",
        "canvas_fragment": "https://digitalcollections.tulsalibrary.org/iiif/2/p15020coll12:2857/manifest.json/canvas/296#xywh=381,1445,243,28"
      }
    },
    {
      "type": "Feature",
      "geometry": {
        "type": "Point",
        "coordinates": [
          -95.989739,
          36.1626306
        ]
      },
      "properties": {
        "name": "Young Milton L",
        "address": "r 407 N Elgin av",
        "occupation_role": "porter",
        "employer": "R V Bardon",
        "spouse_name": "Annie",
        "alphabetical_range": "YOU",
        "canvas_fragment": "https://digitalcollections.tulsalibrary.org/iiif/2/p15020coll12:2857/manifest.json/canvas/296#xywh=381,1519,245,21"
      }
    },
    {
      "type": "Feature",
      "geometry": {
        "type": "Point",
        "coordinates": [
          -95.986644,
          36.1596051
        ]
      },
      "properties": {
        "name": "Young Ora L",
        "address": "b 518 E Archer",
        "occupation_role": "clk",
        "employer": "Union Grocery No 2",
        "spouse_name": "",
        "alphabetical_range": "YOU",
        "canvas_fragment": "https://digitalcollections.tulsalibrary.org/iiif/2/p15020coll12:2857/manifest.json/canvas/296#xywh=382,1630,244,17"
      }
    },
    {
      "type": "Feature",
      "geometry": {
        "type": "Point",
        "coordinates": [
          -95.986599,
          36.1621546
        ]
      },
      "properties": {
        "name": "Young Mrs Pearl",
        "address": "r 407 N Greenwood av",
        "occupation_role": "",
        "employer": "",
        "spouse_name": "",
        "alphabetical_range": "ZEI",
        "canvas_fragment": "https://digitalcollections.tulsalibrary.org/iiif/2/p15020coll12:2857/manifest.json/canvas/296#xywh=683,281,246,22"
      }
    },
    {
      "type": "Feature",
      "geometry": {
        "type": "Point",
        "coordinates": [
          -95.986599,
          36.1621546
        ]
      },
      "properties": {
        "name": "Young Pruna",
        "address": "b 407 N Greenwood av",
        "occupation_role": "janitor",
        "employer": "S W Bell Tel Co",
        "spouse_name": "",
        "alphabetical_range": "ZEI",
        "canvas_fragment": "https://digitalcollections.tulsalibrary.org/iiif/2/p15020coll12:2857/manifest.json/canvas/296#xywh=684,295,245,23"
      }
    },
    {
      "type": "Feature",
      "geometry": {
        "type": "Point",
        "coordinates": [
          -95.986799,
          36.1692523
        ]
      },
      "properties": {
        "name": "Zuber Harry",
        "address": "b 802 E Fairview",
        "occupation_role": "janitor",
        "employer": "",
        "spouse_name": "",
        "alphabetical_range": "ZUM",
        "canvas_fragment": "https://digitalcollections.tulsalibrary.org/iiif/2/p15020coll12:2857/manifest.json/canvas/297#xywh=387,1399,241,17"
      }
    },
    {
      "type": "Feature",
      "geometry": {
        "type": "Point",
        "coordinates": [
          -95.986799,
          36.1692523
        ]
      },
      "properties": {
        "name": "Zoope Gertrude",
        "address": "rms 119 1/2 N Greenwood av",
        "occupation_role": "",
        "employer": "",
        "spouse_name": "",
        "alphabetical_range": "ZUM",
        "canvas_fragment": "https://digitalcollections.tulsalibrary.org/iiif/2/p15020coll12:2857/manifest.json/canvas/297#xywh=106,1039,15,57"
      }
    }
  ]
}